ISO-10303-21;
HEADER;
FILE_DESCRIPTION (( 'STEP AP214' ),
    '1' );
FILE_NAME ('974.STEP',
    '2021-06-25T15:06:53',
    ( '' ),
    ( '' ),
    'SwSTEP 2.0',
    'SolidWorks 2013',
    '' );
FILE_SCHEMA (( 'AUTOMOTIVE_DESIGN' ));
ENDSEC;

DATA;
#1 = VERTEX_POINT ( 'NONE', #2045 ) ;
#2 = VECTOR ( 'NONE', #3946, 1000.000000000000000 ) ;
#3 = CIRCLE ( 'NONE', #27, 0.5480911096883718200 ) ;
#4 = DIRECTION ( 'NONE',  ( -1.224646799147353200E-016, 1.000000000000000000, -0.0000000000000000000 ) ) ;
#5 =( NAMED_UNIT ( * ) PLANE_ANGLE_UNIT ( ) SI_UNIT ( $, .RADIAN. ) );
#6 = ORIENTED_EDGE ( 'NONE', *, *, #5154, .T. ) ;
#7 =( LENGTH_UNIT ( ) NAMED_UNIT ( * ) SI_UNIT ( .MILLI., .METRE. ) );
#8 = VECTOR ( 'NONE', #5170, 1000.000000000000000 ) ;
#9 = SURFACE_STYLE_USAGE ( .BOTH. , #2834 ) ;
#10 = AXIS2_PLACEMENT_3D ( 'NONE', #896, #4221, #1381 ) ;
#11 = ADVANCED_FACE ( 'NONE', ( #5099 ), #4973, .F. ) ;
#12 = LINE ( 'NONE', #3874, #6018 ) ;
#13 = EDGE_CURVE ( 'NONE', #5186, #3718, #1991, .T. ) ;
#14 = DIRECTION ( 'NONE',  ( 1.281184251090699900E-016, 0.0000000000000000000, -1.000000000000000000 ) ) ;
#15 = LINE ( 'NONE', #2894, #4906 ) ;
#16 = MECHANICAL_DESIGN_GEOMETRIC_PRESENTATION_REPRESENTATION (  '', ( #5534 ), #330 ) ;
#17 = DIRECTION ( 'NONE',  ( -0.0000000000000000000, -0.0000000000000000000, -1.000000000000000000 ) ) ;
#18 = PRESENTATION_STYLE_ASSIGNMENT (( #2077 ) ) ;
#19 = CARTESIAN_POINT ( 'NONE',  ( -0.3000000000000016500, 2.160000000000000100, -0.2550000000000000000 ) ) ;
#20 = CARTESIAN_POINT ( 'NONE',  ( -3.110000000000000800, 5.200000000000000200, 4.309999999999999600 ) ) ;
#21 = VECTOR ( 'NONE', #5539, 1000.000000000000100 ) ;
#22 = SURFACE_SIDE_STYLE ('',( #4621 ) ) ;
#23 = EDGE_CURVE ( 'NONE', #323, #5148, #4502, .T. ) ;
#24 = ORIENTED_EDGE ( 'NONE', *, *, #3351, .F. ) ;
#25 = VERTEX_POINT ( 'NONE', #4418 ) ;
#26 = DIRECTION ( 'NONE',  ( 0.0000000000000000000, 1.000000000000000000, 0.0000000000000000000 ) ) ;
#27 = AXIS2_PLACEMENT_3D ( 'NONE', #2978, #144, #3434 ) ;
#28 = ORIENTED_EDGE ( 'NONE', *, *, #730, .T. ) ;
#29 = CARTESIAN_POINT ( 'NONE',  ( 1.800000000000000000, 2.204364238465235600E-016, 2.085000000000000400 ) ) ;
#30 = ORIENTED_EDGE ( 'NONE', *, *, #456, .T. ) ;
#31 = PRESENTATION_LAYER_ASSIGNMENT (  '', '', ( #5555 ) ) ;
#32 = DIRECTION ( 'NONE',  ( -0.7745966692414828500, -0.4472135954999583700, 0.4472135954999583700 ) ) ;
#33 = EDGE_CURVE ( 'NONE', #2317, #985, #3240, .T. ) ;
#34 = UNCERTAINTY_MEASURE_WITH_UNIT (LENGTH_MEASURE( 1.000000000000000100E-005 ), #3416, 'distance_accuracy_value', 'NONE');
#35 = CARTESIAN_POINT ( 'NONE',  ( -1.500000000000000000, -4.878909776184770000E-016, -3.809999999999999600 ) ) ;
#36 = ORIENTED_EDGE ( 'NONE', *, *, #1469, .F. ) ;
#37 = CARTESIAN_POINT ( 'NONE',  ( -5.860000000000000300, 5.200000000000000200, -4.309999999999999600 ) ) ;
#38 = DIRECTION ( 'NONE',  ( 0.7745966692414828500, -0.4472135954999583700, 0.4472135954999583700 ) ) ;
#39 = FACE_OUTER_BOUND ( 'NONE', #782, .T. ) ;
#40 = DIRECTION ( 'NONE',  ( 1.224646799147353900E-016, -1.000000000000000000, 1.032573497605242300E-016 ) ) ;
#41 = DIRECTION ( 'NONE',  ( -0.0000000000000000000, 1.000000000000000000, -0.0000000000000000000 ) ) ;
#42 = LINE ( 'NONE', #780, #3652 ) ;
#43 = ADVANCED_FACE ( 'NONE', ( #724 ), #1124, .F. ) ;
#44 = LINE ( 'NONE', #6116, #4932 ) ;
#45 = CARTESIAN_POINT ( 'NONE',  ( -5.069999999999999400, 0.4300090093458146000, -0.3960850015576333800 ) ) ;
#46 = EDGE_LOOP ( 'NONE', ( #3194, #5880, #5057, #1711 ) ) ;
#47 = DIRECTION ( 'NONE',  ( -0.0000000000000000000, -0.0000000000000000000, 1.000000000000000000 ) ) ;
#48 = EDGE_CURVE ( 'NONE', #1787, #2197, #5487, .T. ) ;
#49 = CARTESIAN_POINT ( 'NONE',  ( -0.02999999999999886400, -0.4000000000000000200, -2.799999999999999800 ) ) ;
#50 =( NAMED_UNIT ( * ) PLANE_ANGLE_UNIT ( ) SI_UNIT ( $, .RADIAN. ) );
#51 = STYLED_ITEM ( 'NONE', ( #3533 ), #438 ) ;
#52 = ORIENTED_EDGE ( 'NONE', *, *, #2149, .F. ) ;
#53 =( LENGTH_UNIT ( ) NAMED_UNIT ( * ) SI_UNIT ( .MILLI., .METRE. ) );
#54 = LINE ( 'NONE', #3215, #6055 ) ;
#55 = LINE ( 'NONE', #5750, #2271 ) ;
#56 = DIRECTION ( 'NONE',  ( 0.0000000000000000000, -1.000000000000000000, 0.0000000000000000000 ) ) ;
#57 = CARTESIAN_POINT ( 'NONE',  ( -0.2000000000000005100, 2.160000000000000100, -2.254999999999999900 ) ) ;
#58 = VERTEX_POINT ( 'NONE', #4889 ) ;
#59 =( NAMED_UNIT ( * ) PLANE_ANGLE_UNIT ( ) SI_UNIT ( $, .RADIAN. ) );
#60 = EDGE_LOOP ( 'NONE', ( #400, #2196, #3447, #2502, #1663, #3085, #992, #4946, #1440, #3027, #5693, #3740 ) ) ;
#61 = ORIENTED_EDGE ( 'NONE', *, *, #2201, .F. ) ;
#62 = PRESENTATION_STYLE_ASSIGNMENT (( #3558 ) ) ;
#63 = DIRECTION ( 'NONE',  ( 1.224646799147353200E-016, -1.000000000000000000, -2.736911063134408300E-048 ) ) ;
#64 = DIRECTION ( 'NONE',  ( 1.000000000000000000, 0.0000000000000000000, 0.0000000000000000000 ) ) ;
#65 = EDGE_LOOP ( 'NONE', ( #6074, #1984, #3390, #5337 ) ) ;
#66 = ORIENTED_EDGE ( 'NONE', *, *, #5628, .T. ) ;
#67 = CARTESIAN_POINT ( 'NONE',  ( -5.500000000000000000, 3.629999999999999900, -1.350000000000000100 ) ) ;
#68 =( NAMED_UNIT ( * ) PLANE_ANGLE_UNIT ( ) SI_UNIT ( $, .RADIAN. ) );
#69 = EDGE_CURVE ( 'NONE', #5236, #864, #1834, .T. ) ;
#70 = AXIS2_PLACEMENT_3D ( 'NONE', #1940, #537, #2454 ) ;
#71 = EDGE_CURVE ( 'NONE', #5215, #5564, #4203, .T. ) ;
#72 = ORIENTED_EDGE ( 'NONE', *, *, #5946, .F. ) ;
#73 = COLOUR_RGB ( '',0.8000000000000000400, 0.8039215686274510100, 0.8000000000000000400 ) ;
#74 = FACE_OUTER_BOUND ( 'NONE', #4777, .T. ) ;
#75 = ORIENTED_EDGE ( 'NONE', *, *, #447, .F. ) ;
#76 = DIRECTION ( 'NONE',  ( -1.000000000000000000, 0.0000000000000000000, 0.0000000000000000000 ) ) ;
#77 = ORIENTED_EDGE ( 'NONE', *, *, #3268, .T. ) ;
#78 = ADVANCED_FACE ( 'NONE', ( #5343 ), #4396, .F. ) ;
#79 = DIRECTION ( 'NONE',  ( 0.0000000000000000000, 1.000000000000000000, 0.0000000000000000000 ) ) ;
#80 = PRESENTATION_LAYER_ASSIGNMENT (  '', '', ( #5597 ) ) ;
#81 = EDGE_CURVE ( 'NONE', #4411, #2865, #3615, .T. ) ;
#82 = FACE_OUTER_BOUND ( 'NONE', #2423, .T. ) ;
#83 = CARTESIAN_POINT ( 'NONE',  ( -5.540000000000000000, -0.4423115893098412100, 2.250000000000000400 ) ) ;
#84 = ORIENTED_EDGE ( 'NONE', *, *, #2173, .F. ) ;
#85 = ORIENTED_EDGE ( 'NONE', *, *, #6021, .T. ) ;
#86 = PLANE ( 'NONE',  #3121 ) ;
#87 = DIRECTION ( 'NONE',  ( 0.7745966692414829600, -0.4472135954999584300, 0.4472135954999582100 ) ) ;
#88 = VECTOR ( 'NONE', #1416, 1000.000000000000000 ) ;
#89 = DIRECTION ( 'NONE',  ( 0.0000000000000000000, 0.0000000000000000000, -1.000000000000000000 ) ) ;
#90 =( LENGTH_UNIT ( ) NAMED_UNIT ( * ) SI_UNIT ( .MILLI., .METRE. ) );
#91 = COLOUR_RGB ( '',0.8000000000000000400, 0.8039215686274510100, 0.8000000000000000400 ) ;
#92 = PLANE ( 'NONE',  #1436 ) ;
#93 = PLANE ( 'NONE',  #4117 ) ;
#94 = ORIENTED_EDGE ( 'NONE', *, *, #3241, .T. ) ;
#95 = EDGE_CURVE ( 'NONE', #4917, #4751, #1239, .T. ) ;
#96 = DIRECTION ( 'NONE',  ( 0.0000000000000000000, -1.000000000000000000, 0.0000000000000000000 ) ) ;
#97 = CARTESIAN_POINT ( 'NONE',  ( -5.540000000000000000, -0.4423115893098412100, -1.750000000000000200 ) ) ;
#98 = VECTOR ( 'NONE', #3939, 1000.000000000000000 ) ;
#99 = DIRECTION ( 'NONE',  ( -1.000000000000000000, -2.201425730935034400E-016, 0.0000000000000000000 ) ) ;
#100 = DIRECTION ( 'NONE',  ( -8.340016711426963900E-017, -1.021357477048446600E-032, 1.000000000000000000 ) ) ;
#101 = ORIENTED_EDGE ( 'NONE', *, *, #3428, .F. ) ;
#102 = STYLED_ITEM ( 'NONE', ( #1184 ), #1352 ) ;
#103 = DIRECTION ( 'NONE',  ( 0.0000000000000000000, 0.0000000000000000000, 1.000000000000000000 ) ) ;
#104 = DIRECTION ( 'NONE',  ( 0.0000000000000000000, 0.0000000000000000000, 1.000000000000000000 ) ) ;
#105 = DIRECTION ( 'NONE',  ( 1.000000000000000000, 1.224646799147353500E-016, -1.906289534040449200E-016 ) ) ;
#106 = ORIENTED_EDGE ( 'NONE', *, *, #1881, .F. ) ;
#107 = EDGE_LOOP ( 'NONE', ( #3932, #2175, #4169, #2643 ) ) ;
#108 = EDGE_CURVE ( 'NONE', #869, #5384, #2363, .T. ) ;
#109 = SURFACE_SIDE_STYLE ('',( #5872 ) ) ;
#110 = PLANE ( 'NONE',  #248 ) ;
#111 = ORIENTED_EDGE ( 'NONE', *, *, #1618, .F. ) ;
#112 = DIRECTION ( 'NONE',  ( 0.0000000000000000000, -1.000000000000000000, -4.251773225433350200E-016 ) ) ;
#113 = LINE ( 'NONE', #6094, #3715 ) ;
#114 = DIRECTION ( 'NONE',  ( 0.0000000000000000000, 0.0000000000000000000, -1.000000000000000000 ) ) ;
#115 = CARTESIAN_POINT ( 'NONE',  ( -6.200000000000000200, 3.903754866958950000E-018, -2.500000000000000000 ) ) ;
#116 = EDGE_CURVE ( 'NONE', #2764, #2383, #6005, .T. ) ;
#117 = ORIENTED_EDGE ( 'NONE', *, *, #1843, .F. ) ;
#118 = CARTESIAN_POINT ( 'NONE',  ( -7.050000000000000700, 5.249999999999999100, -3.809999999999999600 ) ) ;
#119 = DIRECTION ( 'NONE',  ( 0.0000000000000000000, 0.0000000000000000000, -1.000000000000000000 ) ) ;
#120 = FACE_OUTER_BOUND ( 'NONE', #2745, .T. ) ;
#121 = CARTESIAN_POINT ( 'NONE',  ( -0.2000000000000005100, 0.0000000000000000000, 0.0000000000000000000 ) ) ;
#122 = SURFACE_STYLE_USAGE ( .BOTH. , #2957 ) ;
#123 = CARTESIAN_POINT ( 'NONE',  ( -4.500000000000000900, -0.4200000000000008200, -4.309999999999999600 ) ) ;
#124 = LINE ( 'NONE', #2937, #6115 ) ;
#125 = ORIENTED_EDGE ( 'NONE', *, *, #2350, .T. ) ;
#126 = VECTOR ( 'NONE', #5108, 1000.000000000000000 ) ;
#127 =( LENGTH_UNIT ( ) NAMED_UNIT ( * ) SI_UNIT ( .MILLI., .METRE. ) );
#129 = ORIENTED_EDGE ( 'NONE', *, *, #936, .T. ) ;
#128 = VECTOR ( 'NONE', #100, 1000.000000000000000 ) ;
#130 = LINE ( 'NONE', #4225, #6122 ) ;
#131 = CARTESIAN_POINT ( 'NONE',  ( -6.219660186493931600, -0.9799999999999999800, 0.2500000000000000000 ) ) ;
#132 = LINE ( 'NONE', #4658, #2500 ) ;
#133 = ORIENTED_EDGE ( 'NONE', *, *, #2469, .F. ) ;
#134 = EDGE_LOOP ( 'NONE', ( #3570, #3866, #4013, #1793 ) ) ;
#135 = LINE ( 'NONE', #4503, #3737 ) ;
#136 = SURFACE_STYLE_USAGE ( .BOTH. , #2972 ) ;
#137 = EDGE_CURVE ( 'NONE', #5932, #3894, #3471, .T. ) ;
#138 = MECHANICAL_DESIGN_GEOMETRIC_PRESENTATION_REPRESENTATION (  '', ( #5336 ), #442 ) ;
#139 = ORIENTED_EDGE ( 'NONE', *, *, #2714, .F. ) ;
#140 = DIRECTION ( 'NONE',  ( -0.0000000000000000000, 0.0000000000000000000, -1.000000000000000000 ) ) ;
#141 = VERTEX_POINT ( 'NONE', #4470 ) ;
#142 = FILL_AREA_STYLE_COLOUR ( '', #5330 ) ;
#143 = DIRECTION ( 'NONE',  ( 0.0000000000000000000, 0.0000000000000000000, -1.000000000000000000 ) ) ;
#144 = DIRECTION ( 'NONE',  ( -0.0000000000000000000, -0.0000000000000000000, -1.000000000000000000 ) ) ;
#145 = VECTOR ( 'NONE', #3707, 1000.000000000000000 ) ;
#146 = DIRECTION ( 'NONE',  ( 1.000000000000000000, 0.0000000000000000000, 0.0000000000000000000 ) ) ;
#147 = CARTESIAN_POINT ( 'NONE',  ( -5.269999999999998700, 4.129999999999999900, 2.814999999999999900 ) ) ;
#148 = ORIENTED_EDGE ( 'NONE', *, *, #5699, .F. ) ;
#149 = DIRECTION ( 'NONE',  ( 1.224646799147353200E-016, -1.000000000000000000, 0.0000000000000000000 ) ) ;
#150 = ORIENTED_EDGE ( 'NONE', *, *, #5598, .F. ) ;
#151 = COLOUR_RGB ( '',0.8000000000000000400, 0.8039215686274510100, 0.8000000000000000400 ) ;
#152 = SURFACE_SIDE_STYLE ('',( #5335 ) ) ;
#153 = AXIS2_PLACEMENT_3D ( 'NONE', #3597, #756, #4066 ) ;
#154 = EDGE_CURVE ( 'NONE', #5316, #1627, #932, .T. ) ;
#155 = ORIENTED_EDGE ( 'NONE', *, *, #95, .F. ) ;
#156 = LINE ( 'NONE', #3929, #2367 ) ;
#157 = ORIENTED_EDGE ( 'NONE', *, *, #3428, .T. ) ;
#158 = DIRECTION ( 'NONE',  ( 0.0000000000000000000, 1.000000000000000000, 0.0000000000000000000 ) ) ;
#159 = VECTOR ( 'NONE', #4667, 1000.000000000000000 ) ;
#160 = FACE_OUTER_BOUND ( 'NONE', #3014, .T. ) ;
#161 = DIRECTION ( 'NONE',  ( 0.0000000000000000000, -1.000000000000000000, 0.0000000000000000000 ) ) ;
#162 = DIRECTION ( 'NONE',  ( 0.0000000000000000000, -1.000000000000000000, -4.251773225433350200E-016 ) ) ;
#163 = LINE ( 'NONE', #5281, #4749 ) ;
#164 = DIRECTION ( 'NONE',  ( 0.0000000000000000000, 1.000000000000000000, -4.251773225433350200E-016 ) ) ;
#165 = LINE ( 'NONE', #147, #5051 ) ;
#166 = PLANE ( 'NONE',  #2089 ) ;
#167 = CARTESIAN_POINT ( 'NONE',  ( -0.2000000000000005100, 2.160000000000000100, -0.2550000000000000000 ) ) ;
#168 = FACE_OUTER_BOUND ( 'NONE', #3089, .T. ) ;
#169 = SURFACE_STYLE_FILL_AREA ( #1017 ) ;
#170 = AXIS2_PLACEMENT_3D ( 'NONE', #1616, #2102, #745 ) ;
#171 = DIRECTION ( 'NONE',  ( 1.000000000000000000, 0.0000000000000000000, -0.0000000000000000000 ) ) ;
#172 = DIRECTION ( 'NONE',  ( 1.000000000000000000, 0.0000000000000000000, -0.0000000000000000000 ) ) ;
#173 = ORIENTED_EDGE ( 'NONE', *, *, #3508, .T. ) ;
#174 = ORIENTED_EDGE ( 'NONE', *, *, #5207, .F. ) ;
#175 = CARTESIAN_POINT ( 'NONE',  ( 0.8300000000000006300, 1.016456843292304000E-016, 1.684999999999999800 ) ) ;
#176 = DIRECTION ( 'NONE',  ( 0.0000000000000000000, 0.0000000000000000000, 1.000000000000000000 ) ) ;
#177 = AXIS2_PLACEMENT_3D ( 'NONE', #777, #1734, #5062 ) ;
#178 =( NAMED_UNIT ( * ) SI_UNIT ( $, .STERADIAN. ) SOLID_ANGLE_UNIT ( ) );
#179 = ORIENTED_EDGE ( 'NONE', *, *, #5588, .T. ) ;
#180 = AXIS2_PLACEMENT_3D ( 'NONE', #5897, #1157, #4465 ) ;
#181 = ORIENTED_EDGE ( 'NONE', *, *, #4699, .F. ) ;
#182 = CARTESIAN_POINT ( 'NONE',  ( 0.4300000000000010500, 0.4300090093458152600, 0.3960850015576333800 ) ) ;
#183 =( NAMED_UNIT ( * ) SI_UNIT ( $, .STERADIAN. ) SOLID_ANGLE_UNIT ( ) );
#184 = DIRECTION ( 'NONE',  ( 0.7745966692414829600, -0.4472135954999584300, -0.4472135954999582100 ) ) ;
#185 = EDGE_LOOP ( 'NONE', ( #4601, #5551, #2065, #5113 ) ) ;
#186 = EDGE_CURVE ( 'NONE', #648, #1511, #4575, .T. ) ;
#187 = PLANE ( 'NONE',  #5694 ) ;
#188 = MECHANICAL_DESIGN_GEOMETRIC_PRESENTATION_REPRESENTATION (  '', ( #3767 ), #493 ) ;
#189 = VECTOR ( 'NONE', #260, 1000.000000000000000 ) ;
#190 = SURFACE_STYLE_USAGE ( .BOTH. , #3897 ) ;
#191 = SURFACE_STYLE_FILL_AREA ( #4453 ) ;
#192 = FILL_AREA_STYLE ('',( #3473 ) ) ;
#193 = LINE ( 'NONE', #4683, #2557 ) ;
#194 = FILL_AREA_STYLE ('',( #5871 ) ) ;
#195 = EDGE_CURVE ( 'NONE', #4479, #4008, #2063, .T. ) ;
#196 = ORIENTED_EDGE ( 'NONE', *, *, #5313, .T. ) ;
#197 = PRESENTATION_STYLE_ASSIGNMENT (( #3291 ) ) ;
#198 = DIRECTION ( 'NONE',  ( 0.0000000000000000000, 1.000000000000000000, 0.0000000000000000000 ) ) ;
#199 = SURFACE_STYLE_FILL_AREA ( #4274 ) ;
#200 = DIRECTION ( 'NONE',  ( 0.0000000000000000000, -1.000000000000000000, 0.0000000000000000000 ) ) ;
#201 = VERTEX_POINT ( 'NONE', #233 ) ;
#202 = FACE_OUTER_BOUND ( 'NONE', #5567, .T. ) ;
#203 = CIRCLE ( 'NONE', #325, 0.09999999999999982500 ) ;
#204 = CARTESIAN_POINT ( 'NONE',  ( -1.500000000000000000, -0.4200000000000007600, -3.809999999999999600 ) ) ;
#205 = ADVANCED_FACE ( 'NONE', ( #4426 ), #3527, .F. ) ;
#206 = CARTESIAN_POINT ( 'NONE',  ( 0.0000000000000000000, 0.0000000000000000000, -3.809999999999999600 ) ) ;
#207 = ORIENTED_EDGE ( 'NONE', *, *, #3668, .T. ) ;
#208 = ORIENTED_EDGE ( 'NONE', *, *, #3154, .T. ) ;
#209 = CARTESIAN_POINT ( 'NONE',  ( -0.1299999999999988400, -0.4000000000000000200, -2.799999999999999800 ) ) ;
#210 = DIRECTION ( 'NONE',  ( 0.0000000000000000000, 1.000000000000000000, 4.251773225433350200E-016 ) ) ;
#211 = SURFACE_STYLE_FILL_AREA ( #3087 ) ;
#212 = VERTEX_POINT ( 'NONE', #781 ) ;
#213 = PRESENTATION_LAYER_ASSIGNMENT (  '', '', ( #5725 ) ) ;
#214 = CARTESIAN_POINT ( 'NONE',  ( -7.050000000000000700, 5.249999999999999100, 4.309999999999999600 ) ) ;
#215 = VERTEX_POINT ( 'NONE', #1781 ) ;
#216 = CARTESIAN_POINT ( 'NONE',  ( -6.919660186493931800, -1.980000000000000000, -1.750000000000000200 ) ) ;
#217 = CARTESIAN_POINT ( 'NONE',  ( -6.919660186493931800, -1.980000000000000000, -0.2500000000000000000 ) ) ;
#218 = EDGE_LOOP ( 'NONE', ( #3888, #6, #5518, #615 ) ) ;
#219 = LINE ( 'NONE', #5989, #1451 ) ;
#220 = VECTOR ( 'NONE', #1243, 1000.000000000000000 ) ;
#221 = SURFACE_STYLE_USAGE ( .BOTH. , #3053 ) ;
#222 = EDGE_CURVE ( 'NONE', #864, #2037, #1454, .T. ) ;
#223 = ORIENTED_EDGE ( 'NONE', *, *, #5333, .F. ) ;
#224 = UNCERTAINTY_MEASURE_WITH_UNIT (LENGTH_MEASURE( 1.000000000000000100E-005 ), #566, 'distance_accuracy_value', 'NONE');
#225 = ORIENTED_EDGE ( 'NONE', *, *, #3182, .F. ) ;
#226 = FACE_OUTER_BOUND ( 'NONE', #3021, .T. ) ;
#227 = DIRECTION ( 'NONE',  ( 0.0000000000000000000, 1.000000000000000000, 0.0000000000000000000 ) ) ;
#228 = LINE ( 'NONE', #5357, #3832 ) ;
#229 = DIRECTION ( 'NONE',  ( 0.0000000000000000000, 1.000000000000000000, 0.0000000000000000000 ) ) ;
#230 = ORIENTED_EDGE ( 'NONE', *, *, #4489, .F. ) ;
#231 = ORIENTED_EDGE ( 'NONE', *, *, #2753, .T. ) ;
#232 = SURFACE_STYLE_USAGE ( .BOTH. , #3059 ) ;
#233 = CARTESIAN_POINT ( 'NONE',  ( 1.800000000000000000, 2.204364238465235600E-016, -2.085000000000000400 ) ) ;
#234 = COLOUR_RGB ( '',0.8000000000000000400, 0.8039215686274510100, 0.8000000000000000400 ) ;
#235 = VECTOR ( 'NONE', #2840, 1000.000000000000000 ) ;
#236 = EDGE_CURVE ( 'NONE', #4811, #3426, #2727, .T. ) ;
#237 = ORIENTED_EDGE ( 'NONE', *, *, #2115, .T. ) ;
#238 = CARTESIAN_POINT ( 'NONE',  ( -0.3000000000000016500, 2.159999999999985900, 1.745000000000000100 ) ) ;
#239 = ADVANCED_FACE ( 'NONE', ( #5252 ), #1304, .T. ) ;
#240 = ORIENTED_EDGE ( 'NONE', *, *, #1437, .F. ) ;
#241 = CYLINDRICAL_SURFACE ( 'NONE', #1749, 0.3999999999999998600 ) ;
#242 = DIRECTION ( 'NONE',  ( -1.000000000000000000, 0.0000000000000000000, 0.0000000000000000000 ) ) ;
#243 = SURFACE_STYLE_FILL_AREA ( #3278 ) ;
#244 = VECTOR ( 'NONE', #4419, 1000.000000000000000 ) ;
#245 = ORIENTED_EDGE ( 'NONE', *, *, #3379, .T. ) ;
#246 =( NAMED_UNIT ( * ) PLANE_ANGLE_UNIT ( ) SI_UNIT ( $, .RADIAN. ) );
#247 = CARTESIAN_POINT ( 'NONE',  ( -5.000000000000000000, 3.629999999999999900, 2.544999999999999900 ) ) ;
#248 = AXIS2_PLACEMENT_3D ( 'NONE', #131, #3423, #591 ) ;
#249 = FILL_AREA_STYLE ('',( #2585 ) ) ;
#250 = ORIENTED_EDGE ( 'NONE', *, *, #5795, .F. ) ;
#251 = ORIENTED_EDGE ( 'NONE', *, *, #5982, .F. ) ;
#252 = DIRECTION ( 'NONE',  ( 1.000000000000000000, 0.0000000000000000000, -0.0000000000000000000 ) ) ;
#253 = EDGE_CURVE ( 'NONE', #5456, #5759, #3827, .T. ) ;
#254 = PRESENTATION_LAYER_ASSIGNMENT (  '', '', ( #857 ) ) ;
#255 = DIRECTION ( 'NONE',  ( 1.000000000000000000, 0.0000000000000000000, -4.470936793754660800E-016 ) ) ;
#256 = ORIENTED_EDGE ( 'NONE', *, *, #1632, .T. ) ;
#257 = SURFACE_SIDE_STYLE ('',( #211 ) ) ;
#258 = LINE ( 'NONE', #2755, #5145 ) ;
#259 = EDGE_LOOP ( 'NONE', ( #2790, #72, #1904, #2438, #2133, #139, #4719, #1895, #174, #5019 ) ) ;
#260 = DIRECTION ( 'NONE',  ( -0.0000000000000000000, -0.0000000000000000000, -1.000000000000000000 ) ) ;
#261 = VECTOR ( 'NONE', #2433, 1000.000000000000000 ) ;
#262 = FILL_AREA_STYLE_COLOUR ( '', #4021 ) ;
#263 = ADVANCED_FACE ( 'NONE', ( #788 ), #3954, .F. ) ;
#264 = CARTESIAN_POINT ( 'NONE',  ( -5.500000000000000000, 0.5000000000000004400, -1.350000000000000100 ) ) ;
#265 = MECHANICAL_DESIGN_GEOMETRIC_PRESENTATION_REPRESENTATION (  '', ( #5782 ), #571 ) ;
#266 = LINE ( 'NONE', #5279, #5004 ) ;
#267 = EDGE_CURVE ( 'NONE', #2550, #4434, #3681, .T. ) ;
#268 = CARTESIAN_POINT ( 'NONE',  ( -6.722357513454902300, -0.1443267468550100400, 2.250000000000000400 ) ) ;
#269 = CARTESIAN_POINT ( 'NONE',  ( 0.0000000000000000000, 0.0000000000000000000, 1.749999999999999800 ) ) ;
#270 = CARTESIAN_POINT ( 'NONE',  ( -6.799999999999999800, 3.903754866958950000E-018, -2.500000000000000000 ) ) ;
#271 = VECTOR ( 'NONE', #5790, 1000.000000000000000 ) ;
#272 = PLANE ( 'NONE',  #4350 ) ;
#274 = ORIENTED_EDGE ( 'NONE', *, *, #991, .T. ) ;
#273 = LINE ( 'NONE', #2456, #2781 ) ;
#275 = AXIS2_PLACEMENT_3D ( 'NONE', #1398, #5691, #2842 ) ;
#276 = VECTOR ( 'NONE', #3186, 1000.000000000000000 ) ;
#277 = CARTESIAN_POINT ( 'NONE',  ( -5.500000000000000000, 0.5000000000000004400, -0.8499999999999998700 ) ) ;
#278 = VERTEX_POINT ( 'NONE', #2209 ) ;
#279 = ORIENTED_EDGE ( 'NONE', *, *, #3069, .T. ) ;
#280 = DIRECTION ( 'NONE',  ( -0.4427803124546242400, -0.8966301327206137600, 0.0000000000000000000 ) ) ;
#281 = VERTEX_POINT ( 'NONE', #4436 ) ;
#282 = ORIENTED_EDGE ( 'NONE', *, *, #2479, .T. ) ;
#283 = DIRECTION ( 'NONE',  ( 0.0000000000000000000, 0.0000000000000000000, 1.000000000000000000 ) ) ;
#284 = FILL_AREA_STYLE_COLOUR ( '', #2609 ) ;
#285 = AXIS2_PLACEMENT_3D ( 'NONE', #5467, #5903, #5428 ) ;
#286 = ORIENTED_EDGE ( 'NONE', *, *, #491, .T. ) ;
#287 = LINE ( 'NONE', #4617, #2653 ) ;
#288 = CARTESIAN_POINT ( 'NONE',  ( -6.800000000000000700, -0.3000000000000008200, 3.449999999999999300 ) ) ;
#289 = CARTESIAN_POINT ( 'NONE',  ( -0.2000000000000005100, 2.160000000000000100, 0.2550000000000000000 ) ) ;
#290 = VERTEX_POINT ( 'NONE', #4927 ) ;
#291 =( GEOMETRIC_REPRESENTATION_CONTEXT ( 3 ) GLOBAL_UNCERTAINTY_ASSIGNED_CONTEXT ( ( #1988 ) ) GLOBAL_UNIT_ASSIGNED_CONTEXT ( ( #3071, #246, #3541 ) ) REPRESENTATION_CONTEXT ( 'NONE', 'WORKASPACE' ) );
#292 = ORIENTED_EDGE ( 'NONE', *, *, #33, .T. ) ;
#293 = LINE ( 'NONE', #2509, #1380 ) ;
#294 = EDGE_CURVE ( 'NONE', #4510, #4642, #1159, .T. ) ;
#295 = ADVANCED_FACE ( 'NONE', ( #74 ), #821, .F. ) ;
#296 = MECHANICAL_DESIGN_GEOMETRIC_PRESENTATION_REPRESENTATION (  '', ( #5815 ), #603 ) ;
#297 = DIRECTION ( 'NONE',  ( -1.000000000000000000, -1.224646799147353000E-016, 0.0000000000000000000 ) ) ;
#298 = CARTESIAN_POINT ( 'NONE',  ( -6.919660186493931800, -1.980000000000000000, 0.2500000000000000000 ) ) ;
#299 = EDGE_LOOP ( 'NONE', ( #3749, #4009, #3131, #1979 ) ) ;
#300 = PLANE ( 'NONE',  #1391 ) ;
#301 = EDGE_CURVE ( 'NONE', #5846, #417, #3537, .T. ) ;
#302 = ORIENTED_EDGE ( 'NONE', *, *, #1911, .F. ) ;
#303 = PRESENTATION_LAYER_ASSIGNMENT (  '', '', ( #5823 ) ) ;
#304 = EDGE_CURVE ( 'NONE', #2721, #2383, #4802, .T. ) ;
#305 = FILL_AREA_STYLE ('',( #738 ) ) ;
#306 = VECTOR ( 'NONE', #2283, 1000.000000000000000 ) ;
#307 = CYLINDRICAL_SURFACE ( 'NONE', #5250, 0.5480911096883718200 ) ;
#308 = UNCERTAINTY_MEASURE_WITH_UNIT (LENGTH_MEASURE( 1.000000000000000100E-005 ), #3429, 'distance_accuracy_value', 'NONE');
#309 = DIRECTION ( 'NONE',  ( 1.000000000000000000, 0.0000000000000000000, -0.0000000000000000000 ) ) ;
#310 = DIRECTION ( 'NONE',  ( 0.0000000000000000000, -0.0000000000000000000, 1.000000000000000000 ) ) ;
#311 = EDGE_CURVE ( 'NONE', #1296, #4670, #2441, .T. ) ;
#312 = VECTOR ( 'NONE', #5253, 1000.000000000000000 ) ;
#313 = VECTOR ( 'NONE', #3912, 1000.000000000000000 ) ;
#314 = VECTOR ( 'NONE', #1773, 1000.000000000000000 ) ;
#315 = VECTOR ( 'NONE', #2901, 1000.000000000000000 ) ;
#316 = CARTESIAN_POINT ( 'NONE',  ( -0.1299999999999987800, -0.3000000000000000400, -3.349999999999999600 ) ) ;
#317 = ORIENTED_EDGE ( 'NONE', *, *, #4168, .T. ) ;
#318 = VERTEX_POINT ( 'NONE', #326 ) ;
#319 = CARTESIAN_POINT ( 'NONE',  ( -0.3000000000000016500, 2.159999999999985900, 2.254999999999999900 ) ) ;
#320 = CARTESIAN_POINT ( 'NONE',  ( -6.919660186493931800, -0.6257768975473811900, 0.2500000000000000000 ) ) ;
#321 = ORIENTED_EDGE ( 'NONE', *, *, #1079, .F. ) ;
#322 = ADVANCED_FACE ( 'NONE', ( #3388 ), #5049, .T. ) ;
#323 = VERTEX_POINT ( 'NONE', #270 ) ;
#324 = FILL_AREA_STYLE_COLOUR ( '', #5376 ) ;
#325 = AXIS2_PLACEMENT_3D ( 'NONE', #4767, #1927, #5249 ) ;
#326 = CARTESIAN_POINT ( 'NONE',  ( -6.722357513454902300, -0.1443267468550100400, -2.250000000000000400 ) ) ;
#327 =( NAMED_UNIT ( * ) PLANE_ANGLE_UNIT ( ) SI_UNIT ( $, .RADIAN. ) );
#328 = EDGE_CURVE ( 'NONE', #3126, #3951, #2962, .T. ) ;
#329 = ORIENTED_EDGE ( 'NONE', *, *, #3938, .F. ) ;
#330 =( GEOMETRIC_REPRESENTATION_CONTEXT ( 3 ) GLOBAL_UNCERTAINTY_ASSIGNED_CONTEXT ( ( #5363 ) ) GLOBAL_UNIT_ASSIGNED_CONTEXT ( ( #2831, #5, #3294 ) ) REPRESENTATION_CONTEXT ( 'NONE', 'WORKASPACE' ) );
#331 = VECTOR ( 'NONE', #5081, 1000.000000000000000 ) ;
#332 = VECTOR ( 'NONE', #1172, 1000.000000000000000 ) ;
#333 = DIRECTION ( 'NONE',  ( 0.0000000000000000000, -1.000000000000000000, 0.0000000000000000000 ) ) ;
#334 = EDGE_CURVE ( 'NONE', #4180, #426, #4193, .T. ) ;
#335 = DIRECTION ( 'NONE',  ( 0.0000000000000000000, 0.0000000000000000000, -1.000000000000000000 ) ) ;
#336 = LINE ( 'NONE', #204, #3947 ) ;
#337 = VECTOR ( 'NONE', #3285, 1000.000000000000000 ) ;
#338 = EDGE_LOOP ( 'NONE', ( #2603, #5550, #3700, #4694, #3199, #5785, #2087, #4049, #775, #1327, #4844, #3499, #5934, #576, #919, #2002, #2481, #1170, #24, #5630 ) ) ;
#339 = AXIS2_PLACEMENT_3D ( 'NONE', #560, #2475, #4361 ) ;
#340 = CARTESIAN_POINT ( 'NONE',  ( -5.500000000000000000, 3.629999999999999900, 1.350000000000000100 ) ) ;
#341 = FACE_OUTER_BOUND ( 'NONE', #3743, .T. ) ;
#342 = DIRECTION ( 'NONE',  ( -1.000000000000000000, 0.0000000000000000000, -4.470936793754660800E-016 ) ) ;
#343 = LINE ( 'NONE', #5222, #5389 ) ;
#344 = MECHANICAL_DESIGN_GEOMETRIC_PRESENTATION_REPRESENTATION (  '', ( #5555 ), #657 ) ;
#345 = EDGE_CURVE ( 'NONE', #5186, #883, #1679, .T. ) ;
#346 = EDGE_LOOP ( 'NONE', ( #5415, #4972, #1990, #1093 ) ) ;
#347 = CARTESIAN_POINT ( 'NONE',  ( -5.269999999999998700, 4.129999999999999900, 2.045000000000001300 ) ) ;
#348 = CIRCLE ( 'NONE', #3586, 0.09999999999999999200 ) ;
#349 = VECTOR ( 'NONE', #4241, 1000.000000000000000 ) ;
#350 = FILL_AREA_STYLE_COLOUR ( '', #2280 ) ;
#351 = FILL_AREA_STYLE_COLOUR ( '', #4341 ) ;
#352 = EDGE_LOOP ( 'NONE', ( #3101, #1894, #3640, #4389 ) ) ;
#353 = ORIENTED_EDGE ( 'NONE', *, *, #1197, .T. ) ;
#354 = LINE ( 'NONE', #5416, #496 ) ;
#355 = ADVANCED_FACE ( 'NONE', ( #5478 ), #1084, .T. ) ;
#356 = DIRECTION ( 'NONE',  ( -1.000000000000000000, 0.0000000000000000000, 0.0000000000000000000 ) ) ;
#357 = CARTESIAN_POINT ( 'NONE',  ( -6.219660186493931600, -0.9799999999999999800, 1.750000000000000000 ) ) ;
#358 = VERTEX_POINT ( 'NONE', #2527 ) ;
#359 =( NAMED_UNIT ( * ) SI_UNIT ( $, .STERADIAN. ) SOLID_ANGLE_UNIT ( ) );
#360 = COLOUR_RGB ( '',0.8000000000000000400, 0.8039215686274510100, 0.8000000000000000400 ) ;
#361 = DIRECTION ( 'NONE',  ( -1.000000000000000000, 0.0000000000000000000, 0.0000000000000000000 ) ) ;
#362 = EDGE_CURVE ( 'NONE', #3566, #5992, #2354, .T. ) ;
#363 = CARTESIAN_POINT ( 'NONE',  ( -5.000000000000000000, 3.629999999999999900, -0.8499999999999996400 ) ) ;
#364 = ORIENTED_EDGE ( 'NONE', *, *, #2525, .T. ) ;
#365 = LINE ( 'NONE', #2231, #4491 ) ;
#366 = EDGE_CURVE ( 'NONE', #4224, #1085, #3610, .T. ) ;
#367 = CARTESIAN_POINT ( 'NONE',  ( -5.000000000000000000, 4.699999999999999300, 3.250000000000000000 ) ) ;
#368 = AXIS2_PLACEMENT_3D ( 'NONE', #289, #4514, #5961 ) ;
#369 = CARTESIAN_POINT ( 'NONE',  ( -7.112823952774906600, 0.2403027167644433400, -1.750000000000000200 ) ) ;
#370 = EDGE_LOOP ( 'NONE', ( #1862, #5141, #36, #2178 ) ) ;
#371 = DIRECTION ( 'NONE',  ( 0.0000000000000000000, 0.0000000000000000000, -1.000000000000000000 ) ) ;
#372 = DIRECTION ( 'NONE',  ( -1.000000000000000000, -1.224646799147353200E-016, 0.0000000000000000000 ) ) ;
#373 =( NAMED_UNIT ( * ) SI_UNIT ( $, .STERADIAN. ) SOLID_ANGLE_UNIT ( ) );
#374 = FACE_OUTER_BOUND ( 'NONE', #3696, .T. ) ;
#375 = EDGE_LOOP ( 'NONE', ( #1117, #751, #5791, #3437 ) ) ;
#376 = VECTOR ( 'NONE', #4239, 1000.000000000000000 ) ;
#377 = CARTESIAN_POINT ( 'NONE',  ( -5.000000000000000000, 0.4999999999999995600, 3.250000000000000400 ) ) ;
#378 = CARTESIAN_POINT ( 'NONE',  ( -5.269999999999998700, 4.129999999999999900, 2.045000000000001300 ) ) ;
#379 = EDGE_CURVE ( 'NONE', #5236, #323, #4723, .T. ) ;
#380 = AXIS2_PLACEMENT_3D ( 'NONE', #3389, #3366, #3861 ) ;
#381 = VECTOR ( 'NONE', #5958, 1000.000000000000000 ) ;
#382 = EDGE_CURVE ( 'NONE', #530, #861, #4879, .T. ) ;
#383 =( NAMED_UNIT ( * ) SI_UNIT ( $, .STERADIAN. ) SOLID_ANGLE_UNIT ( ) );
#384 = ADVANCED_FACE ( 'NONE', ( #6145 ), #3424, .F. ) ;
#385 = COLOUR_RGB ( '',0.8000000000000000400, 0.8039215686274510100, 0.8000000000000000400 ) ;
#386 = FILL_AREA_STYLE_COLOUR ( '', #4398 ) ;
#387 = LINE ( 'NONE', #5332, #1479 ) ;
#388 = CARTESIAN_POINT ( 'NONE',  ( -2.942483459775965000, 4.209398967534167600, 4.309999999999999600 ) ) ;
#389 = DIRECTION ( 'NONE',  ( 0.0000000000000000000, 0.0000000000000000000, -1.000000000000000000 ) ) ;
#390 = ORIENTED_EDGE ( 'NONE', *, *, #4954, .F. ) ;
#391 = MECHANICAL_DESIGN_GEOMETRIC_PRESENTATION_REPRESENTATION (  '', ( #5597 ), #696 ) ;
#392 = EDGE_CURVE ( 'NONE', #1464, #5454, #5406, .T. ) ;
#393 = ORIENTED_EDGE ( 'NONE', *, *, #5647, .T. ) ;
#394 = ORIENTED_EDGE ( 'NONE', *, *, #1317, .F. ) ;
#395 = FILL_AREA_STYLE_COLOUR ( '', #4782 ) ;
#396 = PLANE ( 'NONE',  #3611 ) ;
#397 = EDGE_LOOP ( 'NONE', ( #4362, #732, #2152, #3179 ) ) ;
#398 = EDGE_CURVE ( 'NONE', #3232, #201, #504, .T. ) ;
#399 = VECTOR ( 'NONE', #5102, 1000.000000000000200 ) ;
#400 = ORIENTED_EDGE ( 'NONE', *, *, #1233, .T. ) ;
#401 = SURFACE_STYLE_USAGE ( .BOTH. , #3226 ) ;
#402 = LINE ( 'NONE', #5461, #2927 ) ;
#403 = PLANE ( 'NONE',  #3554 ) ;
#404 = AXIS2_PLACEMENT_3D ( 'NONE', #1421, #4753, #1907 ) ;
#405 = LINE ( 'NONE', #3820, #1649 ) ;
#406 = PLANE ( 'NONE',  #4232 ) ;
#407 = AXIS2_PLACEMENT_3D ( 'NONE', #2046, #3012, #172 ) ;
#408 =( NAMED_UNIT ( * ) PLANE_ANGLE_UNIT ( ) SI_UNIT ( $, .RADIAN. ) );
#409 = FACE_OUTER_BOUND ( 'NONE', #4923, .T. ) ;
#410 = ADVANCED_FACE ( 'NONE', ( #4116 ), #1695, .F. ) ;
#411 = VECTOR ( 'NONE', #99, 1000.000000000000000 ) ;
#412 = SURFACE_STYLE_USAGE ( .BOTH. , #3234 ) ;
#413 = EDGE_CURVE ( 'NONE', #1439, #4229, #4795, .T. ) ;
#415 = ORIENTED_EDGE ( 'NONE', *, *, #439, .F. ) ;
#414 = CIRCLE ( 'NONE', #5109, 0.5480911096883718200 ) ;
#416 = ORIENTED_EDGE ( 'NONE', *, *, #3069, .F. ) ;
#417 = VERTEX_POINT ( 'NONE', #4071 ) ;
#418 =( NAMED_UNIT ( * ) SI_UNIT ( $, .STERADIAN. ) SOLID_ANGLE_UNIT ( ) );
#419 = EDGE_CURVE ( 'NONE', #4302, #4059, #2278, .T. ) ;
#420 = DIRECTION ( 'NONE',  ( 0.0000000000000000000, 1.000000000000000000, 0.0000000000000000000 ) ) ;
#421 = ORIENTED_EDGE ( 'NONE', *, *, #1967, .T. ) ;
#422 = DIRECTION ( 'NONE',  ( -1.000000000000000000, 0.0000000000000000000, 0.0000000000000000000 ) ) ;
#423 = ORIENTED_EDGE ( 'NONE', *, *, #610, .T. ) ;
#424 = VECTOR ( 'NONE', #2010, 1000.000000000000000 ) ;
#425 = DIRECTION ( 'NONE',  ( -0.0000000000000000000, -0.0000000000000000000, -1.000000000000000000 ) ) ;
#426 = VERTEX_POINT ( 'NONE', #4057 ) ;
#427 = VECTOR ( 'NONE', #4017, 1000.000000000000000 ) ;
#428 = CARTESIAN_POINT ( 'NONE',  ( -7.050000000000000700, -0.01862330312848323900, -3.809999999999999600 ) ) ;
#429 = ORIENTED_EDGE ( 'NONE', *, *, #5144, .T. ) ;
#430 = ORIENTED_EDGE ( 'NONE', *, *, #525, .F. ) ;
#431 = COLOUR_RGB ( '',0.8000000000000000400, 0.8039215686274510100, 0.8000000000000000400 ) ;
#432 = CARTESIAN_POINT ( 'NONE',  ( -6.919660186493931800, -1.980000000000000000, 0.2500000000000000000 ) ) ;
#433 = ORIENTED_EDGE ( 'NONE', *, *, #1678, .F. ) ;
#434 = VECTOR ( 'NONE', #4951, 1000.000000000000000 ) ;
#435 = PLANE ( 'NONE',  #1426 ) ;
#436 = EDGE_LOOP ( 'NONE', ( #3753, #3836, #3853, #317 ) ) ;
#437 = STYLED_ITEM ( 'NONE', ( #1980 ), #5197 ) ;
#438 = ADVANCED_FACE ( 'NONE', ( #2434 ), #3584, .F. ) ;
#439 = EDGE_CURVE ( 'NONE', #3513, #1154, #5476, .T. ) ;
#440 = CARTESIAN_POINT ( 'NONE',  ( -6.699999999999999300, -8.205133554287265600E-016, 3.449999999999999300 ) ) ;
#441 = COLOUR_RGB ( '',0.8000000000000000400, 0.8039215686274510100, 0.8000000000000000400 ) ;
#442 =( GEOMETRIC_REPRESENTATION_CONTEXT ( 3 ) GLOBAL_UNCERTAINTY_ASSIGNED_CONTEXT ( ( #5166 ) ) GLOBAL_UNIT_ASSIGNED_CONTEXT ( ( #6036, #3183, #359 ) ) REPRESENTATION_CONTEXT ( 'NONE', 'WORKASPACE' ) );
#443 = DIRECTION ( 'NONE',  ( 1.000000000000000000, 1.224646799147353200E-016, -0.0000000000000000000 ) ) ;
#444 = VECTOR ( 'NONE', #389, 1000.000000000000000 ) ;
#445 = DIRECTION ( 'NONE',  ( 0.0000000000000000000, 0.0000000000000000000, -1.000000000000000000 ) ) ;
#446 = EDGE_CURVE ( 'NONE', #1006, #5069, #569, .T. ) ;
#447 = EDGE_CURVE ( 'NONE', #5932, #141, #3092, .T. ) ;
#448 = VECTOR ( 'NONE', #5284, 1000.000000000000000 ) ;
#449 = VECTOR ( 'NONE', #255, 1000.000000000000000 ) ;
#450 = DIRECTION ( 'NONE',  ( -1.000000000000000000, 0.0000000000000000000, 0.0000000000000000000 ) ) ;
#451 = VERTEX_POINT ( 'NONE', #2497 ) ;
#452 = EDGE_LOOP ( 'NONE', ( #1110, #208, #1003, #84 ) ) ;
#453 = CARTESIAN_POINT ( 'NONE',  ( -4.500000000000000900, -0.4200000000000008200, 3.809999999999999600 ) ) ;
#454 = AXIS2_PLACEMENT_3D ( 'NONE', #1666, #280, #3576 ) ;
#455 = LINE ( 'NONE', #2880, #5361 ) ;
#456 = EDGE_CURVE ( 'NONE', #861, #3799, #4044, .T. ) ;
#457 = ORIENTED_EDGE ( 'NONE', *, *, #753, .T. ) ;
#458 = ORIENTED_EDGE ( 'NONE', *, *, #943, .F. ) ;
#459 = DIRECTION ( 'NONE',  ( 1.000000000000000000, -0.0000000000000000000, -0.0000000000000000000 ) ) ;
#460 =( NAMED_UNIT ( * ) PLANE_ANGLE_UNIT ( ) SI_UNIT ( $, .RADIAN. ) );
#461 = CARTESIAN_POINT ( 'NONE',  ( -6.200000000000000200, 3.903754866958950000E-018, -2.500000000000000000 ) ) ;
#462 = VERTEX_POINT ( 'NONE', #3905 ) ;
#463 = ORIENTED_EDGE ( 'NONE', *, *, #1317, .T. ) ;
#464 =( LENGTH_UNIT ( ) NAMED_UNIT ( * ) SI_UNIT ( .MILLI., .METRE. ) );
#465 = ADVANCED_FACE ( 'NONE', ( #1529 ), #600, .F. ) ;
#466 = ORIENTED_EDGE ( 'NONE', *, *, #1228, .T. ) ;
#467 = CARTESIAN_POINT ( 'NONE',  ( -7.050000000000000700, -0.01862330312848323900, 3.809999999999999600 ) ) ;
#468 = LINE ( 'NONE', #3639, #2694 ) ;
#469 = FACE_OUTER_BOUND ( 'NONE', #5139, .T. ) ;
#470 =( NAMED_UNIT ( * ) SI_UNIT ( $, .STERADIAN. ) SOLID_ANGLE_UNIT ( ) );
#471 =( NAMED_UNIT ( * ) PLANE_ANGLE_UNIT ( ) SI_UNIT ( $, .RADIAN. ) );
#472 = CARTESIAN_POINT ( 'NONE',  ( -6.200000000000000200, 3.529999999999999800, 2.500000000000000000 ) ) ;
#473 = AXIS2_PLACEMENT_3D ( 'NONE', #2040, #4884, #1076 ) ;
#474 = VECTOR ( 'NONE', #3150, 1000.000000000000000 ) ;
#475 = LINE ( 'NONE', #5379, #4244 ) ;
#476 = UNCERTAINTY_MEASURE_WITH_UNIT (LENGTH_MEASURE( 1.000000000000000100E-005 ), #3961, 'distance_accuracy_value', 'NONE');
#477 = CARTESIAN_POINT ( 'NONE',  ( -6.200000000000000200, 2.903122080283735000, 1.750000000000000000 ) ) ;
#478 = DIRECTION ( 'NONE',  ( 0.0000000000000000000, 0.0000000000000000000, 1.000000000000000000 ) ) ;
#479 = ORIENTED_EDGE ( 'NONE', *, *, #4353, .F. ) ;
#480 = CARTESIAN_POINT ( 'NONE',  ( -6.564732843086535000, 0.2403027167644433400, -0.2500000000000000000 ) ) ;
#482 = VECTOR ( 'NONE', #4757, 1000.000000000000000 ) ;
#481 =( GEOMETRIC_REPRESENTATION_CONTEXT ( 3 ) GLOBAL_UNCERTAINTY_ASSIGNED_CONTEXT ( ( #978 ) ) GLOBAL_UNIT_ASSIGNED_CONTEXT ( ( #3187, #815, #4128 ) ) REPRESENTATION_CONTEXT ( 'NONE', 'WORKASPACE' ) );
#483 = LINE ( 'NONE', #2810, #3952 ) ;
#484 = LINE ( 'NONE', #5203, #5979 ) ;
#485 = AXIS2_PLACEMENT_3D ( 'NONE', #2622, #5940, #3093 ) ;
#486 =( LENGTH_UNIT ( ) NAMED_UNIT ( * ) SI_UNIT ( .MILLI., .METRE. ) );
#487 = EDGE_LOOP ( 'NONE', ( #5360, #979, #6024, #4591 ) ) ;
#488 = UNCERTAINTY_MEASURE_WITH_UNIT (LENGTH_MEASURE( 1.000000000000000100E-005 ), #4824, 'distance_accuracy_value', 'NONE');
#489 = LINE ( 'NONE', #1305, #2711 ) ;
#490 = LINE ( 'NONE', #3781, #1434 ) ;
#491 = EDGE_CURVE ( 'NONE', #5069, #5957, #3601, .T. ) ;
#492 = CARTESIAN_POINT ( 'NONE',  ( 0.8299999999999999600, 0.5000000000000004400, 2.084999999999999500 ) ) ;
#493 =( GEOMETRIC_REPRESENTATION_CONTEXT ( 3 ) GLOBAL_UNCERTAINTY_ASSIGNED_CONTEXT ( ( #3881 ) ) GLOBAL_UNIT_ASSIGNED_CONTEXT ( ( #5666, #2817, #6140 ) ) REPRESENTATION_CONTEXT ( 'NONE', 'WORKASPACE' ) );
#494 = ORIENTED_EDGE ( 'NONE', *, *, #419, .T. ) ;
#495 = ORIENTED_EDGE ( 'NONE', *, *, #3734, .T. ) ;
#496 = VECTOR ( 'NONE', #2600, 1000.000000000000000 ) ;
#497 = DIRECTION ( 'NONE',  ( -0.5000000000000006700, -0.8660254037844382600, 0.0000000000000000000 ) ) ;
#498 = DIRECTION ( 'NONE',  ( 0.0000000000000000000, 1.000000000000000000, 0.0000000000000000000 ) ) ;
#499 = ORIENTED_EDGE ( 'NONE', *, *, #4943, .T. ) ;
#500 = ADVANCED_FACE ( 'NONE', ( #5994 ), #1088, .T. ) ;
#501 = CARTESIAN_POINT ( 'NONE',  ( 0.8300000000000005200, 0.5000000000000004400, 1.684999999999999800 ) ) ;
#502 = AXIS2_PLACEMENT_3D ( 'NONE', #3854, #1012, #4326 ) ;
#503 = EDGE_CURVE ( 'NONE', #4751, #6048, #4266, .T. ) ;
#504 = LINE ( 'NONE', #3606, #1603 ) ;
#505 = CARTESIAN_POINT ( 'NONE',  ( -3.110000000000000800, 5.250000000000000000, -3.809999999999999600 ) ) ;
#506 = CARTESIAN_POINT ( 'NONE',  ( 0.5611549142135630100, 1.662811978464828300, -1.757811978464828500 ) ) ;
#507 = VERTEX_POINT ( 'NONE', #1584 ) ;
#508 = CARTESIAN_POINT ( 'NONE',  ( -6.219660186493931600, -0.9799999999999999800, -1.750000000000000200 ) ) ;
#509 = DIRECTION ( 'NONE',  ( 1.000000000000000000, 0.0000000000000000000, -0.0000000000000000000 ) ) ;
#510 = CARTESIAN_POINT ( 'NONE',  ( -5.000000000000000000, 4.699999999999999300, -3.250000000000000000 ) ) ;
#511 = ORIENTED_EDGE ( 'NONE', *, *, #753, .F. ) ;
#512 = ORIENTED_EDGE ( 'NONE', *, *, #4562, .F. ) ;
#513 = VECTOR ( 'NONE', #3365, 1000.000000000000000 ) ;
#514 = VECTOR ( 'NONE', #3756, 1000.000000000000000 ) ;
#515 = CARTESIAN_POINT ( 'NONE',  ( -5.000000000000000000, 4.699999999999999300, 2.544999999999999900 ) ) ;
#516 = ORIENTED_EDGE ( 'NONE', *, *, #398, .T. ) ;
#517 =( NAMED_UNIT ( * ) SI_UNIT ( $, .STERADIAN. ) SOLID_ANGLE_UNIT ( ) );
#518 = MECHANICAL_DESIGN_GEOMETRIC_PRESENTATION_REPRESENTATION (  '', ( #5725 ), #820 ) ;
#519 = VECTOR ( 'NONE', #4836, 1000.000000000000000 ) ;
#520 = AXIS2_PLACEMENT_3D ( 'NONE', #3789, #950, #4270 ) ;
#521 = VECTOR ( 'NONE', #5920, 1000.000000000000000 ) ;
#522 = CARTESIAN_POINT ( 'NONE',  ( -5.000000000000000000, 4.699999999999999300, 3.250000000000000000 ) ) ;
#523 = VECTOR ( 'NONE', #2770, 1000.000000000000000 ) ;
#524 = DIRECTION ( 'NONE',  ( 1.000000000000000000, 1.224646799147353200E-016, 1.281184251090699400E-016 ) ) ;
#525 = EDGE_CURVE ( 'NONE', #25, #648, #5553, .T. ) ;
#526 = CARTESIAN_POINT ( 'NONE',  ( -6.722357513454902300, -0.1443267468550100400, 0.2500000000000000000 ) ) ;
#527 = CARTESIAN_POINT ( 'NONE',  ( -5.540000000000000000, -0.4423115893098412100, -0.2500000000000000000 ) ) ;
#528 = ORIENTED_EDGE ( 'NONE', *, *, #413, .F. ) ;
#529 = ADVANCED_FACE ( 'NONE', ( #3030 ), #3497, .F. ) ;
#530 = VERTEX_POINT ( 'NONE', #4405 ) ;
#531 = CARTESIAN_POINT ( 'NONE',  ( -5.269999999999998700, 4.129999999999999900, 2.814999999999999900 ) ) ;
#532 = CARTESIAN_POINT ( 'NONE',  ( -5.500000000000000000, 0.5000000000000004400, -1.350000000000000100 ) ) ;
#533 = EDGE_LOOP ( 'NONE', ( #2468, #1490, #4150, #817 ) ) ;
#534 = EDGE_LOOP ( 'NONE', ( #5115, #4883, #430, #4340 ) ) ;
#535 = AXIS2_PLACEMENT_3D ( 'NONE', #4358, #1525, #4846 ) ;
#536 = CARTESIAN_POINT ( 'NONE',  ( -5.000000000000000000, 0.4999999999999995600, -3.250000000000000400 ) ) ;
#537 = DIRECTION ( 'NONE',  ( -0.0000000000000000000, -0.0000000000000000000, -1.000000000000000000 ) ) ;
#538 = DIRECTION ( 'NONE',  ( 1.000000000000000000, 0.0000000000000000000, 0.0000000000000000000 ) ) ;
#539 = VERTEX_POINT ( 'NONE', #4445 ) ;
#540 = DIRECTION ( 'NONE',  ( -1.224646799147353900E-016, 1.000000000000000000, 1.032573497605242300E-016 ) ) ;
#541 = LINE ( 'NONE', #4588, #5444 ) ;
#542 = DIRECTION ( 'NONE',  ( 1.000000000000000000, 0.0000000000000000000, 0.0000000000000000000 ) ) ;
#543 = UNCERTAINTY_MEASURE_WITH_UNIT (LENGTH_MEASURE( 1.000000000000000100E-005 ), #6060, 'distance_accuracy_value', 'NONE');
#544 = DIRECTION ( 'NONE',  ( 0.0000000000000000000, 0.0000000000000000000, 1.000000000000000000 ) ) ;
#545 = CARTESIAN_POINT ( 'NONE',  ( -5.000000000000000000, 1.649999999999986100, 1.744999999999999900 ) ) ;
#546 =( NAMED_UNIT ( * ) SI_UNIT ( $, .STERADIAN. ) SOLID_ANGLE_UNIT ( ) );
#547 =( NAMED_UNIT ( * ) SI_UNIT ( $, .STERADIAN. ) SOLID_ANGLE_UNIT ( ) );
#548 = SURFACE_STYLE_FILL_AREA ( #5901 ) ;
#549 = PRESENTATION_LAYER_ASSIGNMENT (  '', '', ( #6080 ) ) ;
#550 = CARTESIAN_POINT ( 'NONE',  ( -6.200000000000000200, 3.903754866958950000E-018, 2.500000000000000000 ) ) ;
#551 = EDGE_CURVE ( 'NONE', #1154, #3682, #5401, .T. ) ;
#552 = PLANE ( 'NONE',  #3812 ) ;
#553 = CARTESIAN_POINT ( 'NONE',  ( 0.0000000000000000000, 5.200000000000000200, -2.044999999999999900 ) ) ;
#554 = AXIS2_PLACEMENT_3D ( 'NONE', #5874, #665, #3968 ) ;
#555 = ORIENTED_EDGE ( 'NONE', *, *, #1873, .T. ) ;
#556 = VECTOR ( 'NONE', #3256, 1000.000000000000000 ) ;
#557 = VECTOR ( 'NONE', #3910, 1000.000000000000000 ) ;
#558 = ADVANCED_FACE ( 'NONE', ( #1748 ), #5238, .T. ) ;
#559 = PLANE ( 'NONE',  #4373 ) ;
#560 = CARTESIAN_POINT ( 'NONE',  ( -6.200000000000000200, 2.538389237197199200, -1.750000000000000200 ) ) ;
#561 = ORIENTED_EDGE ( 'NONE', *, *, #4422, .T. ) ;
#562 = ORIENTED_EDGE ( 'NONE', *, *, #1938, .F. ) ;
#563 = CARTESIAN_POINT ( 'NONE',  ( -5.860000000000000300, 5.200000000000000200, -5.000000000000000900 ) ) ;
#564 = SURFACE_STYLE_FILL_AREA ( #4524 ) ;
#565 = CARTESIAN_POINT ( 'NONE',  ( -0.2000000000000005100, 0.0000000000000000000, -2.197264973081036700 ) ) ;
#566 =( LENGTH_UNIT ( ) NAMED_UNIT ( * ) SI_UNIT ( .MILLI., .METRE. ) );
#567 = VERTEX_POINT ( 'NONE', #683 ) ;
#568 = ORIENTED_EDGE ( 'NONE', *, *, #2322, .T. ) ;
#569 = LINE ( 'NONE', #269, #2956 ) ;
#570 = DIRECTION ( 'NONE',  ( 6.821946253841378900E-016, 0.0000000000000000000, -1.000000000000000000 ) ) ;
#571 =( GEOMETRIC_REPRESENTATION_CONTEXT ( 3 ) GLOBAL_UNCERTAINTY_ASSIGNED_CONTEXT ( ( #2153 ) ) GLOBAL_UNIT_ASSIGNED_CONTEXT ( ( #1923, #5243, #2405 ) ) REPRESENTATION_CONTEXT ( 'NONE', 'WORKASPACE' ) );
#572 = EDGE_CURVE ( 'NONE', #3829, #883, #4109, .T. ) ;
#573 = EDGE_LOOP ( 'NONE', ( #240, #1322, #3994, #1767 ) ) ;
#574 = FILL_AREA_STYLE_COLOUR ( '', #808 ) ;
#575 = DIRECTION ( 'NONE',  ( -1.224646799147353200E-016, 1.000000000000000000, 0.0000000000000000000 ) ) ;
#576 = ORIENTED_EDGE ( 'NONE', *, *, #6144, .T. ) ;
#577 = ORIENTED_EDGE ( 'NONE', *, *, #154, .F. ) ;
#578 = DIRECTION ( 'NONE',  ( 0.0000000000000000000, 0.0000000000000000000, 1.000000000000000000 ) ) ;
#579 = AXIS2_PLACEMENT_3D ( 'NONE', #5715, #2866, #3329 ) ;
#580 = LINE ( 'NONE', #4460, #1684 ) ;
#581 =( NAMED_UNIT ( * ) PLANE_ANGLE_UNIT ( ) SI_UNIT ( $, .RADIAN. ) );
#582 = ORIENTED_EDGE ( 'NONE', *, *, #3988, .F. ) ;
#583 = SURFACE_STYLE_FILL_AREA ( #2154 ) ;
#584 = SURFACE_SIDE_STYLE ('',( #3106 ) ) ;
#585 = VERTEX_POINT ( 'NONE', #3992 ) ;
#586 = DIRECTION ( 'NONE',  ( -1.000000000000000000, 0.0000000000000000000, 0.0000000000000000000 ) ) ;
#587 = CARTESIAN_POINT ( 'NONE',  ( 1.800000000000001200, 1.471324865405184500, 4.310000000000001400 ) ) ;
#588 = LINE ( 'NONE', #4808, #5493 ) ;
#589 =( NAMED_UNIT ( * ) SI_UNIT ( $, .STERADIAN. ) SOLID_ANGLE_UNIT ( ) );
#590 = UNCERTAINTY_MEASURE_WITH_UNIT (LENGTH_MEASURE( 1.000000000000000100E-005 ), #1405, 'distance_accuracy_value', 'NONE');
#591 = DIRECTION ( 'NONE',  ( -0.7842568694126314000, -0.6204362681042258100, 0.0000000000000000000 ) ) ;
#592 = FILL_AREA_STYLE ('',( #655 ) ) ;
#593 = LINE ( 'NONE', #5086, #5496 ) ;
#594 = AXIS2_PLACEMENT_3D ( 'NONE', #4536, #1224, #1634 ) ;
#595 =( NAMED_UNIT ( * ) PLANE_ANGLE_UNIT ( ) SI_UNIT ( $, .RADIAN. ) );
#596 = VECTOR ( 'NONE', #2421, 1000.000000000000000 ) ;
#597 = CARTESIAN_POINT ( 'NONE',  ( -6.799999999999999800, -0.3000000000000008200, -3.450000000000001100 ) ) ;
#598 = VECTOR ( 'NONE', #4952, 1000.000000000000000 ) ;
#599 = CARTESIAN_POINT ( 'NONE',  ( -6.219660186493931600, -0.9799999999999999800, 0.2500000000000000000 ) ) ;
#600 = PLANE ( 'NONE',  #4153 ) ;
#601 = ORIENTED_EDGE ( 'NONE', *, *, #1079, .T. ) ;
#602 = CARTESIAN_POINT ( 'NONE',  ( -6.799999999999999800, -8.327598234202001100E-016, 5.000000000000000000 ) ) ;
#603 =( GEOMETRIC_REPRESENTATION_CONTEXT ( 3 ) GLOBAL_UNCERTAINTY_ASSIGNED_CONTEXT ( ( #4806 ) ) GLOBAL_UNIT_ASSIGNED_CONTEXT ( ( #127, #3422, #589 ) ) REPRESENTATION_CONTEXT ( 'NONE', 'WORKASPACE' ) );
#604 = PLANE ( 'NONE',  #948 ) ;
#605 = LINE ( 'NONE', #5719, #4222 ) ;
#606 = DIRECTION ( 'NONE',  ( 1.000000000000000000, 1.807003620809174000E-017, 0.0000000000000000000 ) ) ;
#607 = VERTEX_POINT ( 'NONE', #3051 ) ;
#608 = ORIENTED_EDGE ( 'NONE', *, *, #3048, .F. ) ;
#609 = CARTESIAN_POINT ( 'NONE',  ( -5.540000000000000000, -0.4423115893098412100, -1.750000000000000200 ) ) ;
#610 = EDGE_CURVE ( 'NONE', #5165, #426, #2869, .T. ) ;
#611 = FILL_AREA_STYLE_COLOUR ( '', #91 ) ;
#612 = MECHANICAL_DESIGN_GEOMETRIC_PRESENTATION_REPRESENTATION (  '', ( #5823 ), #904 ) ;
#613 = EDGE_CURVE ( 'NONE', #770, #2057, #354, .T. ) ;
#614 = ORIENTED_EDGE ( 'NONE', *, *, #5029, .T. ) ;
#615 = ORIENTED_EDGE ( 'NONE', *, *, #6064, .T. ) ;
#616 = PRESENTATION_STYLE_ASSIGNMENT (( #9 ) ) ;
#617 = DIRECTION ( 'NONE',  ( -1.000000000000000000, -1.224646799147353200E-016, -1.281184251090699400E-016 ) ) ;
#618 = CARTESIAN_POINT ( 'NONE',  ( -0.1299999999999999200, -0.3000000000000000400, 3.349999999999999600 ) ) ;
#619 = STYLED_ITEM ( 'NONE', ( #2941 ), #4062 ) ;
#620 = CARTESIAN_POINT ( 'NONE',  ( -0.1299999999999988400, -0.4000000000000000200, -2.899999999999999900 ) ) ;
#621 = EDGE_CURVE ( 'NONE', #3528, #4321, #2719, .T. ) ;
#622 = ORIENTED_EDGE ( 'NONE', *, *, #2670, .T. ) ;
#623 = LINE ( 'NONE', #6003, #1871 ) ;
#624 = DIRECTION ( 'NONE',  ( 0.0000000000000000000, 0.0000000000000000000, 1.000000000000000000 ) ) ;
#625 = FACE_OUTER_BOUND ( 'NONE', #2304, .T. ) ;
#626 = LINE ( 'NONE', #1241, #5677 ) ;
#627 = CIRCLE ( 'NONE', #2303, 0.6860591096414115900 ) ;
#628 = CARTESIAN_POINT ( 'NONE',  ( -5.000000000000000000, 2.160000000000000100, -0.2550000000000000000 ) ) ;
#629 = DIRECTION ( 'NONE',  ( 0.0000000000000000000, 0.0000000000000000000, 1.000000000000000000 ) ) ;
#631 = ORIENTED_EDGE ( 'NONE', *, *, #5784, .T. ) ;
#630 = FACE_OUTER_BOUND ( 'NONE', #218, .T. ) ;
#632 = SPHERICAL_SURFACE ( 'NONE', #5067, 0.1000000000000000100 ) ;
#633 =( NAMED_UNIT ( * ) PLANE_ANGLE_UNIT ( ) SI_UNIT ( $, .RADIAN. ) );
#634 = ORIENTED_EDGE ( 'NONE', *, *, #698, .F. ) ;
#636 = LINE ( 'NONE', #3136, #5391 ) ;
#635 = AXIS2_PLACEMENT_3D ( 'NONE', #2388, #2868, #40 ) ;
#637 = VECTOR ( 'NONE', #5173, 1000.000000000000000 ) ;
#638 = EDGE_CURVE ( 'NONE', #281, #2872, #5096, .T. ) ;
#639 = DIRECTION ( 'NONE',  ( -1.000000000000000000, -1.224646799147353200E-016, 0.0000000000000000000 ) ) ;
#640 = EDGE_LOOP ( 'NONE', ( #4485, #2455, #458, #3037 ) ) ;
#641 = DIRECTION ( 'NONE',  ( 1.000000000000000000, 0.0000000000000000000, 0.0000000000000000000 ) ) ;
#642 = ORIENTED_EDGE ( 'NONE', *, *, #5446, .F. ) ;
#643 = ORIENTED_EDGE ( 'NONE', *, *, #4320, .F. ) ;
#644 = CARTESIAN_POINT ( 'NONE',  ( -7.050000000000000700, 5.249999999999999100, 3.809999999999999600 ) ) ;
#645 = VECTOR ( 'NONE', #5400, 1000.000000000000000 ) ;
#646 = CARTESIAN_POINT ( 'NONE',  ( 1.799999999999998900, 9.305929820297226500, 2.085000000000000400 ) ) ;
#647 = EDGE_CURVE ( 'NONE', #3859, #4469, #2577, .T. ) ;
#648 = VERTEX_POINT ( 'NONE', #1644 ) ;
#649 = CARTESIAN_POINT ( 'NONE',  ( -7.050000000000000700, -0.01862330312848323900, -3.809999999999999600 ) ) ;
#650 = CARTESIAN_POINT ( 'NONE',  ( -0.1299999999999987800, -0.4000000000000000200, -3.349999999999999600 ) ) ;
#651 = DIRECTION ( 'NONE',  ( 0.0000000000000000000, 0.0000000000000000000, 1.000000000000000000 ) ) ;
#652 = EDGE_LOOP ( 'NONE', ( #1014, #2289, #3690, #2598, #4370, #5804, #101, #811, #956, #1258, #5205, #4223 ) ) ;
#653 = EDGE_LOOP ( 'NONE', ( #927, #1153, #5101, #2130 ) ) ;
#654 = CARTESIAN_POINT ( 'NONE',  ( -0.7915767664977307900, 1.366188021535169800, -1.461188021535169400 ) ) ;
#655 = FILL_AREA_STYLE_COLOUR ( '', #5848 ) ;
#656 = VECTOR ( 'NONE', #6023, 1000.000000000000000 ) ;
#657 =( GEOMETRIC_REPRESENTATION_CONTEXT ( 3 ) GLOBAL_UNCERTAINTY_ASSIGNED_CONTEXT ( ( #4142 ) ) GLOBAL_UNIT_ASSIGNED_CONTEXT ( ( #5663, #2815, #6139 ) ) REPRESENTATION_CONTEXT ( 'NONE', 'WORKASPACE' ) );
#658 = ORIENTED_EDGE ( 'NONE', *, *, #222, .F. ) ;
#659 = SURFACE_STYLE_USAGE ( .BOTH. , #3492 ) ;
#660 = ORIENTED_EDGE ( 'NONE', *, *, #3703, .T. ) ;
#661 = SURFACE_STYLE_USAGE ( .BOTH. , #3496 ) ;
#662 = VECTOR ( 'NONE', #5267, 1000.000000000000000 ) ;
#663 = ADVANCED_FACE ( 'NONE', ( #3671 ), #710, .F. ) ;
#664 = PLANE ( 'NONE',  #4018 ) ;
#665 = DIRECTION ( 'NONE',  ( 1.000000000000000000, 0.0000000000000000000, 0.0000000000000000000 ) ) ;
#666 = FACE_OUTER_BOUND ( 'NONE', #640, .T. ) ;
#667 = COLOUR_RGB ( '',0.8000000000000000400, 0.8039215686274510100, 0.8000000000000000400 ) ;
#668 = DIRECTION ( 'NONE',  ( -6.821946253841380900E-016, -2.045664476387749900E-016, -1.000000000000000000 ) ) ;
#669 = UNCERTAINTY_MEASURE_WITH_UNIT (LENGTH_MEASURE( 1.000000000000000100E-005 ), #1164, 'distance_accuracy_value', 'NONE');
#670 = PLANE ( 'NONE',  #5495 ) ;
#671 = DIRECTION ( 'NONE',  ( 1.000000000000000000, 0.0000000000000000000, 0.0000000000000000000 ) ) ;
#672 = EDGE_CURVE ( 'NONE', #58, #4456, #5761, .T. ) ;
#673 = LINE ( 'NONE', #1630, #5579 ) ;
#674 = LINE ( 'NONE', #4650, #4593 ) ;
#675 = EDGE_CURVE ( 'NONE', #806, #4256, #4482, .T. ) ;
#676 = PRESENTATION_LAYER_ASSIGNMENT (  '', '', ( #51 ) ) ;
#677 = UNCERTAINTY_MEASURE_WITH_UNIT (LENGTH_MEASURE( 1.000000000000000100E-005 ), #7, 'distance_accuracy_value', 'NONE');
#678 = DIRECTION ( 'NONE',  ( 0.0000000000000000000, 0.0000000000000000000, -1.000000000000000000 ) ) ;
#679 = ORIENTED_EDGE ( 'NONE', *, *, #2725, .F. ) ;
#680 = ORIENTED_EDGE ( 'NONE', *, *, #804, .T. ) ;
#681 = CARTESIAN_POINT ( 'NONE',  ( -0.2000000000000005100, 0.0000000000000000000, -2.197264973081036700 ) ) ;
#682 = DIRECTION ( 'NONE',  ( 1.000000000000000000, 0.0000000000000000000, 0.0000000000000000000 ) ) ;
#683 = CARTESIAN_POINT ( 'NONE',  ( 0.4300000000000007700, 0.5000000000000004400, -1.684999999999999800 ) ) ;
#684 = ORIENTED_EDGE ( 'NONE', *, *, #2753, .F. ) ;
#685 = AXIS2_PLACEMENT_3D ( 'NONE', #4665, #1820, #5149 ) ;
#686 = VERTEX_POINT ( 'NONE', #734 ) ;
#687 =( NAMED_UNIT ( * ) PLANE_ANGLE_UNIT ( ) SI_UNIT ( $, .RADIAN. ) );
#688 = VERTEX_POINT ( 'NONE', #2161 ) ;
#689 = ADVANCED_FACE ( 'NONE', ( #1970 ), #2634, .F. ) ;
#690 = EDGE_CURVE ( 'NONE', #2686, #3339, #5619, .T. ) ;
#691 = STYLED_ITEM ( 'NONE', ( #5009 ), #2897 ) ;
#692 = EDGE_CURVE ( 'NONE', #2346, #5301, #2307, .T. ) ;
#693 =( NAMED_UNIT ( * ) PLANE_ANGLE_UNIT ( ) SI_UNIT ( $, .RADIAN. ) );
#694 = CARTESIAN_POINT ( 'NONE',  ( 0.4300000000000010500, 0.4300090093458152600, 0.3960850015576333800 ) ) ;
#695 = DIRECTION ( 'NONE',  ( -0.0000000000000000000, -0.0000000000000000000, -1.000000000000000000 ) ) ;
#696 =( GEOMETRIC_REPRESENTATION_CONTEXT ( 3 ) GLOBAL_UNCERTAINTY_ASSIGNED_CONTEXT ( ( #5146 ) ) GLOBAL_UNIT_ASSIGNED_CONTEXT ( ( #4578, #1739, #5065 ) ) REPRESENTATION_CONTEXT ( 'NONE', 'WORKASPACE' ) );
#697 = SURFACE_SIDE_STYLE ('',( #5483 ) ) ;
#698 = EDGE_CURVE ( 'NONE', #4520, #5365, #5949, .T. ) ;
#699 = CARTESIAN_POINT ( 'NONE',  ( -6.758578643762690200, -0.4000000000000009100, 2.841421356237308500 ) ) ;
#700 = LINE ( 'NONE', #654, #4466 ) ;
#701 = DIRECTION ( 'NONE',  ( 0.0000000000000000000, 0.0000000000000000000, -1.000000000000000000 ) ) ;
#702 = CARTESIAN_POINT ( 'NONE',  ( -5.000000000000000000, 2.160000000000000100, 0.2550000000000000000 ) ) ;
#703 = VERTEX_POINT ( 'NONE', #4081 ) ;
#704 = VECTOR ( 'NONE', #2312, 1000.000000000000000 ) ;
#705 = VECTOR ( 'NONE', #1049, 1000.000000000000000 ) ;
#706 = EDGE_CURVE ( 'NONE', #2489, #1830, #2166, .T. ) ;
#707 = EDGE_LOOP ( 'NONE', ( #3149, #2568, #1140, #5754 ) ) ;
#708 = ORIENTED_EDGE ( 'NONE', *, *, #2861, .T. ) ;
#709 = CARTESIAN_POINT ( 'NONE',  ( -0.02999999999999954400, -0.4000000000000000200, 2.799999999999999800 ) ) ;
#710 = CYLINDRICAL_SURFACE ( 'NONE', #2779, 0.5480911096883718200 ) ;
#711 = CARTESIAN_POINT ( 'NONE',  ( -0.2000000000000005100, 1.649999999999986100, 2.254999999999999900 ) ) ;
#712 = CARTESIAN_POINT ( 'NONE',  ( -1.646572197020220700, 1.760000000000000200, 4.310000000000003200 ) ) ;
#713 = ORIENTED_EDGE ( 'NONE', *, *, #4323, .T. ) ;
#714 = DIRECTION ( 'NONE',  ( 1.000000000000000000, 1.224646799147353500E-016, -1.906289534040449200E-016 ) ) ;
#715 = ADVANCED_FACE ( 'NONE', ( #5806 ), #2220, .F. ) ;
#716 = PRESENTATION_LAYER_ASSIGNMENT (  '', '', ( #102 ) ) ;
#717 = ORIENTED_EDGE ( 'NONE', *, *, #2646, .T. ) ;
#718 =( LENGTH_UNIT ( ) NAMED_UNIT ( * ) SI_UNIT ( .MILLI., .METRE. ) );
#719 = LINE ( 'NONE', #2702, #5626 ) ;
#720 = EDGE_CURVE ( 'NONE', #539, #5172, #4523, .T. ) ;
#721 = ORIENTED_EDGE ( 'NONE', *, *, #3341, .T. ) ;
#722 = DIRECTION ( 'NONE',  ( 0.0000000000000000000, 0.0000000000000000000, 1.000000000000000000 ) ) ;
#723 = CARTESIAN_POINT ( 'NONE',  ( -5.000000000000000000, 2.160000000000000100, 0.2550000000000000000 ) ) ;
#724 = FACE_OUTER_BOUND ( 'NONE', #6079, .T. ) ;
#725 = ORIENTED_EDGE ( 'NONE', *, *, #3892, .F. ) ;
#726 = ADVANCED_BREP_SHAPE_REPRESENTATION ( '974', ( #1574, #3330 ), #481 ) ;
#727 = LINE ( 'NONE', #4831, #1995 ) ;
#728 = FILL_AREA_STYLE ('',( #4988 ) ) ;
#729 = AXIS2_PLACEMENT_3D ( 'NONE', #5969, #3123, #297 ) ;
#730 = EDGE_CURVE ( 'NONE', #4754, #1415, #3415, .T. ) ;
#731 = LINE ( 'NONE', #3373, #3107 ) ;
#732 = ORIENTED_EDGE ( 'NONE', *, *, #4990, .F. ) ;
#733 = CARTESIAN_POINT ( 'NONE',  ( 5.008805408512673600E-016, 4.129999999999999900, 2.044999999999999900 ) ) ;
#734 = CARTESIAN_POINT ( 'NONE',  ( -3.110000000000000800, 5.250000000000000000, -3.809999999999999600 ) ) ;
#735 = LINE ( 'NONE', #5738, #3117 ) ;
#736 = LINE ( 'NONE', #214, #3255 ) ;
#737 = ORIENTED_EDGE ( 'NONE', *, *, #3809, .T. ) ;
#738 = FILL_AREA_STYLE_COLOUR ( '', #5968 ) ;
#739 = ADVANCED_FACE ( 'NONE', ( #5654 ), #2678, .F. ) ;
#740 = VECTOR ( 'NONE', #5541, 1000.000000000000000 ) ;
#741 = VECTOR ( 'NONE', #3320, 1000.000000000000000 ) ;
#742 = CARTESIAN_POINT ( 'NONE',  ( -0.3000000000000016500, 2.160000000000000100, 0.2550000000000000000 ) ) ;
#743 = CARTESIAN_POINT ( 'NONE',  ( -4.500000000000000900, -0.4200000000000008200, 4.309999999999999600 ) ) ;
#744 = AXIS2_PLACEMENT_3D ( 'NONE', #1260, #4581, #1743 ) ;
#745 = DIRECTION ( 'NONE',  ( 1.000000000000000000, 0.0000000000000000000, -0.0000000000000000000 ) ) ;
#746 = VERTEX_POINT ( 'NONE', #1284 ) ;
#747 = ORIENTED_EDGE ( 'NONE', *, *, #613, .T. ) ;
#748 = CARTESIAN_POINT ( 'NONE',  ( -5.540000000000000000, -0.4423115893098412100, -2.250000000000000400 ) ) ;
#749 = EDGE_CURVE ( 'NONE', #1404, #3685, #5201, .T. ) ;
#750 = ORIENTED_EDGE ( 'NONE', *, *, #5023, .F. ) ;
#751 = ORIENTED_EDGE ( 'NONE', *, *, #1374, .T. ) ;
#752 = SURFACE_SIDE_STYLE ('',( #5022 ) ) ;
#753 = EDGE_CURVE ( 'NONE', #3725, #5884, #3927, .T. ) ;
#754 = DIRECTION ( 'NONE',  ( 0.0000000000000000000, -0.0000000000000000000, 1.000000000000000000 ) ) ;
#755 = EDGE_LOOP ( 'NONE', ( #1969, #5760, #5912, #5420, #5124, #2141, #2597, #5262, #3404, #6086, #3895 ) ) ;
#756 = DIRECTION ( 'NONE',  ( 0.0000000000000000000, 0.0000000000000000000, 1.000000000000000000 ) ) ;
#757 = LINE ( 'NONE', #1527, #3279 ) ;
#758 = SURFACE_STYLE_USAGE ( .BOTH. , #3600 ) ;
#759 = VECTOR ( 'NONE', #5959, 1000.000000000000000 ) ;
#760 = VECTOR ( 'NONE', #1552, 1000.000000000000000 ) ;
#761 = EDGE_CURVE ( 'NONE', #5119, #3966, #1558, .T. ) ;
#762 = FACE_OUTER_BOUND ( 'NONE', #1937, .T. ) ;
#763 = CARTESIAN_POINT ( 'NONE',  ( -0.2000000000000005100, 8.387259308617862300E-017, -0.1972649730810376300 ) ) ;
#765 = EDGE_LOOP ( 'NONE', ( #2394, #329, #5372, #5522 ) ) ;
#764 = VECTOR ( 'NONE', #2574, 1000.000000000000000 ) ;
#766 = VECTOR ( 'NONE', #946, 1000.000000000000000 ) ;
#767 = AXIS2_PLACEMENT_3D ( 'NONE', #4900, #2539, #5856 ) ;
#768 = ADVANCED_FACE ( 'NONE', ( #168 ), #4910, .T. ) ;
#769 = CARTESIAN_POINT ( 'NONE',  ( 0.0000000000000000000, 4.129999999999999900, -2.044999999999999900 ) ) ;
#770 = VERTEX_POINT ( 'NONE', #4630 ) ;
#771 = DIRECTION ( 'NONE',  ( 0.0000000000000000000, 0.0000000000000000000, -1.000000000000000000 ) ) ;
#772 = PLANE ( 'NONE',  #3299 ) ;
#773 = VERTEX_POINT ( 'NONE', #1791 ) ;
#774 = DIRECTION ( 'NONE',  ( 0.0000000000000000000, 0.0000000000000000000, 1.000000000000000000 ) ) ;
#775 = ORIENTED_EDGE ( 'NONE', *, *, #1065, .F. ) ;
#776 = VERTEX_POINT ( 'NONE', #4563 ) ;
#777 = CARTESIAN_POINT ( 'NONE',  ( 1.799999999999998900, 9.305929820297226500, -2.085000000000000400 ) ) ;
#778 = STYLED_ITEM ( 'NONE', ( #2802 ), #355 ) ;
#779 = ORIENTED_EDGE ( 'NONE', *, *, #4800, .T. ) ;
#780 = CARTESIAN_POINT ( 'NONE',  ( -5.000000000000000000, 0.4999999999999995600, 3.250000000000000400 ) ) ;
#781 = CARTESIAN_POINT ( 'NONE',  ( 0.8299999999999994000, 0.5000000000000004400, -2.085000000000000000 ) ) ;
#782 = EDGE_LOOP ( 'NONE', ( #75, #2731, #3170, #3312, #5489, #3055 ) ) ;
#783 = AXIS2_PLACEMENT_3D ( 'NONE', #2696, #3166, #342 ) ;
#784 = ORIENTED_EDGE ( 'NONE', *, *, #3734, .F. ) ;
#785 = COLOUR_RGB ( '',0.8000000000000000400, 0.8039215686274510100, 0.8000000000000000400 ) ;
#786 = LINE ( 'NONE', #340, #5560 ) ;
#787 = AXIS2_PLACEMENT_3D ( 'NONE', #247, #4014, #1177 ) ;
#788 = FACE_OUTER_BOUND ( 'NONE', #1474, .T. ) ;
#789 = CARTESIAN_POINT ( 'NONE',  ( 1.299999999999991600, 0.5000000000000004400, 3.250000000000000400 ) ) ;
#790 = CARTESIAN_POINT ( 'NONE',  ( -2.510000000000000200, 4.530000000000000200, 0.5999999999999999800 ) ) ;
#791 = VERTEX_POINT ( 'NONE', #1308 ) ;
#792 = FACE_OUTER_BOUND ( 'NONE', #4161, .T. ) ;
#793 = VECTOR ( 'NONE', #2904, 1000.000000000000000 ) ;
#794 = DIRECTION ( 'NONE',  ( 0.0000000000000000000, 0.0000000000000000000, 1.000000000000000000 ) ) ;
#795 = EDGE_CURVE ( 'NONE', #4982, #3236, #5052, .T. ) ;
#796 = EDGE_LOOP ( 'NONE', ( #5020, #5916, #1691, #2945 ) ) ;
#797 = DIRECTION ( 'NONE',  ( 1.000000000000000000, 0.0000000000000000000, -0.0000000000000000000 ) ) ;
#798 = CARTESIAN_POINT ( 'NONE',  ( -5.540000000000000000, -0.4423115893098412100, 0.2500000000000000000 ) ) ;
#799 = ADVANCED_FACE ( 'NONE', ( #3632 ), #6016, .T. ) ;
#800 = LINE ( 'NONE', #3738, #3323 ) ;
#801 = CARTESIAN_POINT ( 'NONE',  ( -6.699999999999999300, -0.3000000000000008200, 0.0000000000000000000 ) ) ;
#802 = PLANE ( 'NONE',  #2661 ) ;
#803 = AXIS2_PLACEMENT_3D ( 'NONE', #1934, #2875, #3833 ) ;
#804 = EDGE_CURVE ( 'NONE', #2849, #1849, #1112, .T. ) ;
#805 = LINE ( 'NONE', #3976, #3328 ) ;
#806 = VERTEX_POINT ( 'NONE', #4100 ) ;
#807 = LINE ( 'NONE', #4163, #523 ) ;
#808 = COLOUR_RGB ( '',0.8000000000000000400, 0.8039215686274510100, 0.8000000000000000400 ) ;
#809 = DIRECTION ( 'NONE',  ( 1.224646799147353900E-016, -1.000000000000000000, 1.032573497605242300E-016 ) ) ;
#810 = DIRECTION ( 'NONE',  ( -1.000000000000000000, 0.0000000000000000000, 0.0000000000000000000 ) ) ;
#811 = ORIENTED_EDGE ( 'NONE', *, *, #5656, .F. ) ;
#812 = ORIENTED_EDGE ( 'NONE', *, *, #4243, .F. ) ;
#813 = CARTESIAN_POINT ( 'NONE',  ( -5.000000000000000000, 3.629999999999999900, 2.544999999999999900 ) ) ;
#814 = CARTESIAN_POINT ( 'NONE',  ( -6.758578643762690200, -0.4000000000000008500, -2.841421356237310300 ) ) ;
#815 =( NAMED_UNIT ( * ) PLANE_ANGLE_UNIT ( ) SI_UNIT ( $, .RADIAN. ) );
#816 = ORIENTED_EDGE ( 'NONE', *, *, #5285, .F. ) ;
#817 = ORIENTED_EDGE ( 'NONE', *, *, #4530, .F. ) ;
#818 = CARTESIAN_POINT ( 'NONE',  ( -0.2000000000000005100, 1.707735026918963300, -0.1972649730810368800 ) ) ;
#819 = DIRECTION ( 'NONE',  ( -0.0000000000000000000, -0.0000000000000000000, -1.000000000000000000 ) ) ;
#820 =( GEOMETRIC_REPRESENTATION_CONTEXT ( 3 ) GLOBAL_UNCERTAINTY_ASSIGNED_CONTEXT ( ( #2566 ) ) GLOBAL_UNIT_ASSIGNED_CONTEXT ( ( #3231, #408, #3708 ) ) REPRESENTATION_CONTEXT ( 'NONE', 'WORKASPACE' ) );
#821 = PLANE ( 'NONE',  #4393 ) ;
#822 = CARTESIAN_POINT ( 'NONE',  ( -5.540000000000000000, -0.4423115893098412100, 2.250000000000000400 ) ) ;
#823 = EDGE_LOOP ( 'NONE', ( #3516, #2234, #2676, #4212 ) ) ;
#824 = ADVANCED_FACE ( 'NONE', ( #6025 ), #2235, .T. ) ;
#825 = CARTESIAN_POINT ( 'NONE',  ( -6.219660186493931600, -0.9799999999999999800, 2.250000000000000400 ) ) ;
#826 = EDGE_CURVE ( 'NONE', #5511, #3274, #2379, .T. ) ;
#827 =( LENGTH_UNIT ( ) NAMED_UNIT ( * ) SI_UNIT ( .MILLI., .METRE. ) );
#828 = CARTESIAN_POINT ( 'NONE',  ( -6.799999999999999800, -8.327598234202001100E-016, 3.809999999999999600 ) ) ;
#829 = PRESENTATION_STYLE_ASSIGNMENT (( #5917 ) ) ;
#830 = EDGE_CURVE ( 'NONE', #4059, #5764, #2538, .T. ) ;
#831 = COLOUR_RGB ( '',0.8000000000000000400, 0.8039215686274510100, 0.8000000000000000400 ) ;
#832 = DIRECTION ( 'NONE',  ( 1.000000000000000000, -0.0000000000000000000, -0.0000000000000000000 ) ) ;
#833 = LINE ( 'NONE', #4908, #1957 ) ;
#834 = DIRECTION ( 'NONE',  ( 0.0000000000000000000, 0.0000000000000000000, 1.000000000000000000 ) ) ;
#835 = ORIENTED_EDGE ( 'NONE', *, *, #1383, .T. ) ;
#836 = PRESENTATION_STYLE_ASSIGNMENT (( #4312 ) ) ;
#837 = FILL_AREA_STYLE ('',( #2739 ) ) ;
#838 = AXIS2_PLACEMENT_3D ( 'NONE', #5317, #5792, #2952 ) ;
#839 = CARTESIAN_POINT ( 'NONE',  ( 1.800000000000000700, 1.471324865405184300, -3.538675134594816600 ) ) ;
#840 = EDGE_CURVE ( 'NONE', #5365, #5952, #3489, .T. ) ;
#842 = ORIENTED_EDGE ( 'NONE', *, *, #5869, .T. ) ;
#841 = PRESENTATION_STYLE_ASSIGNMENT (( #2885 ) ) ;
#843 = FACE_OUTER_BOUND ( 'NONE', #299, .T. ) ;
#844 = CARTESIAN_POINT ( 'NONE',  ( -0.3000000000000016500, 2.160000000000000100, -0.2550000000000000000 ) ) ;
#845 = EDGE_LOOP ( 'NONE', ( #725, #230, #3835, #4198 ) ) ;
#846 = ORIENTED_EDGE ( 'NONE', *, *, #4610, .F. ) ;
#847 = DIRECTION ( 'NONE',  ( -1.224646799147353900E-016, 1.000000000000000000, 1.032573497605242300E-016 ) ) ;
#848 = VERTEX_POINT ( 'NONE', #2258 ) ;
#849 = ORIENTED_EDGE ( 'NONE', *, *, #690, .T. ) ;
#850 = CARTESIAN_POINT ( 'NONE',  ( -5.000000000000000000, 3.629999999999999900, 2.544999999999999900 ) ) ;
#851 = ORIENTED_EDGE ( 'NONE', *, *, #5446, .T. ) ;
#852 = VECTOR ( 'NONE', #3645, 1000.000000000000000 ) ;
#853 = MECHANICAL_DESIGN_GEOMETRIC_PRESENTATION_REPRESENTATION (  '', ( #6080 ), #1180 ) ;
#854 = ADVANCED_FACE ( 'NONE', ( #2083 ), #4121, .F. ) ;
#855 = EDGE_CURVE ( 'NONE', #963, #4261, #5720, .T. ) ;
#856 = CARTESIAN_POINT ( 'NONE',  ( 0.5611549142135630100, 1.662811978464814500, 1.757811978464828500 ) ) ;
#857 = STYLED_ITEM ( 'NONE', ( #62 ), #663 ) ;
#858 =( NAMED_UNIT ( * ) PLANE_ANGLE_UNIT ( ) SI_UNIT ( $, .RADIAN. ) );
#859 = VERTEX_POINT ( 'NONE', #3673 ) ;
#860 = DIRECTION ( 'NONE',  ( -0.4999999999999973900, -0.8660254037844401500, -5.182570531091858100E-016 ) ) ;
#861 = VERTEX_POINT ( 'NONE', #1307 ) ;
#862 = VECTOR ( 'NONE', #4816, 1000.000000000000000 ) ;
#863 = FILL_AREA_STYLE ('',( #4687 ) ) ;
#864 = VERTEX_POINT ( 'NONE', #4627 ) ;
#865 = VERTEX_POINT ( 'NONE', #1771 ) ;
#866 = FACE_BOUND ( 'NONE', #1022, .T. ) ;
#867 = VECTOR ( 'NONE', #1463, 1000.000000000000100 ) ;
#868 =( NAMED_UNIT ( * ) PLANE_ANGLE_UNIT ( ) SI_UNIT ( $, .RADIAN. ) );
#869 = VERTEX_POINT ( 'NONE', #1790 ) ;
#870 = PLANE ( 'NONE',  #5867 ) ;
#871 = ORIENTED_EDGE ( 'NONE', *, *, #5982, .T. ) ;
#872 = VECTOR ( 'NONE', #3662, 1000.000000000000000 ) ;
#873 = CARTESIAN_POINT ( 'NONE',  ( -0.02999999999999955800, -0.3000000000000000400, 2.799999999999999800 ) ) ;
#874 = EDGE_CURVE ( 'NONE', #2057, #530, #4446, .T. ) ;
#875 = LINE ( 'NONE', #3318, #5801 ) ;
#876 = CARTESIAN_POINT ( 'NONE',  ( -3.110000000000000800, 5.250000000000000000, 3.809999999999999600 ) ) ;
#877 = FILL_AREA_STYLE_COLOUR ( '', #6014 ) ;
#878 = ORIENTED_EDGE ( 'NONE', *, *, #81, .T. ) ;
#879 = CARTESIAN_POINT ( 'NONE',  ( -6.219660186493931600, -1.980000000000000000, 1.750000000000000000 ) ) ;
#880 = PRESENTATION_LAYER_ASSIGNMENT (  '', '', ( #5473 ) ) ;
#881 = VECTOR ( 'NONE', #5055, 1000.000000000000000 ) ;
#882 = CARTESIAN_POINT ( 'NONE',  ( 0.0000000000000000000, 0.0000000000000000000, 0.5999999999999999800 ) ) ;
#883 = VERTEX_POINT ( 'NONE', #2275 ) ;
#884 = ADVANCED_FACE ( 'NONE', ( #1928 ), #396, .T. ) ;
#885 = ORIENTED_EDGE ( 'NONE', *, *, #2532, .F. ) ;
#886 = DIRECTION ( 'NONE',  ( -0.0000000000000000000, 1.000000000000000000, -0.0000000000000000000 ) ) ;
#887 = CARTESIAN_POINT ( 'NONE',  ( -0.1299999999999999500, 0.0000000000000000000, 3.349999999999999600 ) ) ;
#888 = ORIENTED_EDGE ( 'NONE', *, *, #4334, .T. ) ;
#889 = ORIENTED_EDGE ( 'NONE', *, *, #304, .F. ) ;
#890 = DIRECTION ( 'NONE',  ( 0.0000000000000000000, -1.000000000000000000, 0.0000000000000000000 ) ) ;
#891 = STYLED_ITEM ( 'NONE', ( #1908 ), #205 ) ;
#892 = DIRECTION ( 'NONE',  ( 1.000000000000000000, -0.0000000000000000000, -0.0000000000000000000 ) ) ;
#893 = ORIENTED_EDGE ( 'NONE', *, *, #572, .F. ) ;
#894 = CARTESIAN_POINT ( 'NONE',  ( 1.800000000000001400, 2.204364238465237500E-016, 4.309999999999999600 ) ) ;
#895 = AXIS2_PLACEMENT_3D ( 'NONE', #3561, #722, #4031 ) ;
#896 = CARTESIAN_POINT ( 'NONE',  ( -3.110000000000000800, 5.250000000000000000, -3.809999999999999600 ) ) ;
#897 = EDGE_CURVE ( 'NONE', #3682, #2687, #674, .T. ) ;
#898 = CARTESIAN_POINT ( 'NONE',  ( -6.219660186493931600, -1.980000000000000000, 0.2500000000000000000 ) ) ;
#899 = LINE ( 'NONE', #2644, #3280 ) ;
#900 = VECTOR ( 'NONE', #4343, 1000.000000000000000 ) ;
#901 = CARTESIAN_POINT ( 'NONE',  ( -6.799999999999999800, 4.129999999999999900, -2.814999999999998600 ) ) ;
#902 = EDGE_CURVE ( 'NONE', #5559, #2391, #5582, .T. ) ;
#903 = PLANE ( 'NONE',  #1261 ) ;
#904 =( GEOMETRIC_REPRESENTATION_CONTEXT ( 3 ) GLOBAL_UNCERTAINTY_ASSIGNED_CONTEXT ( ( #669 ) ) GLOBAL_UNIT_ASSIGNED_CONTEXT ( ( #1164, #4476, #1639 ) ) REPRESENTATION_CONTEXT ( 'NONE', 'WORKASPACE' ) );
#905 = EDGE_CURVE ( 'NONE', #4235, #3173, #807, .T. ) ;
#907 = VERTEX_POINT ( 'NONE', #3235 ) ;
#906 = SPHERICAL_SURFACE ( 'NONE', #3076, 0.1000000000000000100 ) ;
#908 = VECTOR ( 'NONE', #1804, 1000.000000000000000 ) ;
#909 = DIRECTION ( 'NONE',  ( 1.000000000000000000, 1.807003620809174000E-017, 0.0000000000000000000 ) ) ;
#910 = FACE_OUTER_BOUND ( 'NONE', #3363, .T. ) ;
#911 = DIRECTION ( 'NONE',  ( 0.0000000000000000000, 0.0000000000000000000, 1.000000000000000000 ) ) ;
#912 = VERTEX_POINT ( 'NONE', #3712 ) ;
#913 = ORIENTED_EDGE ( 'NONE', *, *, #638, .F. ) ;
#914 = ADVANCED_FACE ( 'NONE', ( #5429 ), #6073, .F. ) ;
#915 = CARTESIAN_POINT ( 'NONE',  ( -6.799999999999999800, -8.327598234202001100E-016, 5.000000000000000000 ) ) ;
#916 = AXIS2_PLACEMENT_3D ( 'NONE', #4673, #1828, #5158 ) ;
#917 = EDGE_CURVE ( 'NONE', #5816, #5289, #2902, .T. ) ;
#918 = CARTESIAN_POINT ( 'NONE',  ( -0.2000000000000005100, 2.160000000000000100, 0.2550000000000000000 ) ) ;
#919 = ORIENTED_EDGE ( 'NONE', *, *, #5130, .F. ) ;
#920 = ORIENTED_EDGE ( 'NONE', *, *, #4178, .F. ) ;
#921 = DIRECTION ( 'NONE',  ( 0.0000000000000000000, 0.0000000000000000000, 1.000000000000000000 ) ) ;
#922 =( NAMED_UNIT ( * ) SI_UNIT ( $, .STERADIAN. ) SOLID_ANGLE_UNIT ( ) );
#923 = VERTEX_POINT ( 'NONE', #5621 ) ;
#924 = VECTOR ( 'NONE', #4861, 1000.000000000000000 ) ;
#925 = SURFACE_SIDE_STYLE ('',( #3731 ) ) ;
#926 = CARTESIAN_POINT ( 'NONE',  ( -1.500000000000000000, -0.4200000000000007600, -3.809999999999999600 ) ) ;
#927 = ORIENTED_EDGE ( 'NONE', *, *, #2944, .F. ) ;
#928 = ORIENTED_EDGE ( 'NONE', *, *, #3620, .F. ) ;
#929 = LINE ( 'NONE', #1655, #2059 ) ;
#930 = CARTESIAN_POINT ( 'NONE',  ( -6.200000000000000200, 2.538389237197199200, 0.2500000000000000000 ) ) ;
#931 = LINE ( 'NONE', #4086, #5705 ) ;
#932 = LINE ( 'NONE', #1158, #3311 ) ;
#933 = DIRECTION ( 'NONE',  ( -1.224646799147353200E-016, 1.000000000000000000, 0.0000000000000000000 ) ) ;
#934 = ORIENTED_EDGE ( 'NONE', *, *, #1921, .T. ) ;
#935 = VECTOR ( 'NONE', #1586, 1000.000000000000000 ) ;
#936 = EDGE_CURVE ( 'NONE', #5480, #2467, #4294, .T. ) ;
#937 = VECTOR ( 'NONE', #32, 1000.000000000000000 ) ;
#938 = CARTESIAN_POINT ( 'NONE',  ( 1.800000000000001400, 2.204364238465237500E-016, -4.309999999999999600 ) ) ;
#939 = VERTEX_POINT ( 'NONE', #3258 ) ;
#940 = DIRECTION ( 'NONE',  ( 0.0000000000000000000, 1.000000000000000000, 0.0000000000000000000 ) ) ;
#941 =( NAMED_UNIT ( * ) SI_UNIT ( $, .STERADIAN. ) SOLID_ANGLE_UNIT ( ) );
#942 = LINE ( 'NONE', #3719, #3481 ) ;
#943 = EDGE_CURVE ( 'NONE', #1670, #5992, #5278, .T. ) ;
#944 = ADVANCED_FACE ( 'NONE', ( #1624 ), #2331, .F. ) ;
#945 = VECTOR ( 'NONE', #5304, 1000.000000000000000 ) ;
#946 = DIRECTION ( 'NONE',  ( 0.0000000000000000000, 1.000000000000000000, 0.0000000000000000000 ) ) ;
#947 = CARTESIAN_POINT ( 'NONE',  ( 4.898587196589413100E-017, -0.4000000000000000200, 0.0000000000000000000 ) ) ;
#948 = AXIS2_PLACEMENT_3D ( 'NONE', #3908, #4385, #1550 ) ;
#949 = VERTEX_POINT ( 'NONE', #428 ) ;
#950 = DIRECTION ( 'NONE',  ( 8.229238500838744400E-017, 0.0000000000000000000, -1.000000000000000000 ) ) ;
#951 = CARTESIAN_POINT ( 'NONE',  ( 0.0000000000000000000, 5.200000000000000200, -2.044999999999999900 ) ) ;
#952 = VECTOR ( 'NONE', #4140, 1000.000000000000000 ) ;
#953 = CARTESIAN_POINT ( 'NONE',  ( -0.7915767664977256800, 1.366188021535158700, 2.538811978464827300 ) ) ;
#954 = VECTOR ( 'NONE', #3409, 1000.000000000000000 ) ;
#955 = EDGE_CURVE ( 'NONE', #2575, #3227, #2748, .T. ) ;
#956 = ORIENTED_EDGE ( 'NONE', *, *, #1651, .F. ) ;
#957 = ORIENTED_EDGE ( 'NONE', *, *, #2396, .F. ) ;
#958 = DIRECTION ( 'NONE',  ( 0.0000000000000000000, 0.0000000000000000000, -1.000000000000000000 ) ) ;
#959 = ORIENTED_EDGE ( 'NONE', *, *, #3726, .F. ) ;
#960 = ORIENTED_EDGE ( 'NONE', *, *, #33, .F. ) ;
#961 = CARTESIAN_POINT ( 'NONE',  ( -5.269999999999999600, 4.129999999999999900, -2.045000000000000400 ) ) ;
#962 = DIRECTION ( 'NONE',  ( -1.000000000000000000, -1.224646799147353200E-016, 0.0000000000000000000 ) ) ;
#963 = VERTEX_POINT ( 'NONE', #3747 ) ;
#964 = DIRECTION ( 'NONE',  ( -1.000000000000000000, -0.0000000000000000000, -0.0000000000000000000 ) ) ;
#965 = CARTESIAN_POINT ( 'NONE',  ( -7.050000000000000700, -0.01862330312848323900, -4.309999999999999600 ) ) ;
#966 = CARTESIAN_POINT ( 'NONE',  ( -0.02999999999999959600, -0.4000000000000000200, 3.449999999999999300 ) ) ;
#967 = DIRECTION ( 'NONE',  ( -1.000000000000000000, 0.0000000000000000000, -1.281184251090699400E-016 ) ) ;
#968 = CARTESIAN_POINT ( 'NONE',  ( -5.540000000000000000, -0.4423115893098412100, 0.2500000000000000000 ) ) ;
#969 = MECHANICAL_DESIGN_GEOMETRIC_PRESENTATION_REPRESENTATION (  '', ( #51 ), #1294 ) ;
#970 = SURFACE_STYLE_FILL_AREA ( #5441 ) ;
#971 = DIRECTION ( 'NONE',  ( -1.000000000000000000, 0.0000000000000000000, 0.0000000000000000000 ) ) ;
#972 = ADVANCED_FACE ( 'NONE', ( #1476 ), #903, .F. ) ;
#973 = VECTOR ( 'NONE', #5688, 1000.000000000000000 ) ;
#974 = CARTESIAN_POINT ( 'NONE',  ( 1.800000000000000000, 2.204364238465235600E-016, -2.085000000000000400 ) ) ;
#975 = DIRECTION ( 'NONE',  ( -0.6204362681042258100, 0.7842568694126314000, 0.0000000000000000000 ) ) ;
#976 = FACE_OUTER_BOUND ( 'NONE', #3431, .T. ) ;
#977 = CARTESIAN_POINT ( 'NONE',  ( -0.2000000000000005100, 1.707735026918963300, 0.0000000000000000000 ) ) ;
#978 = UNCERTAINTY_MEASURE_WITH_UNIT (LENGTH_MEASURE( 1.000000000000000100E-005 ), #3187, 'distance_accuracy_value', 'NONE');
#979 = ORIENTED_EDGE ( 'NONE', *, *, #3796, .T. ) ;
#980 = LINE ( 'NONE', #4779, #2265 ) ;
#981 = STYLED_ITEM ( 'NONE', ( #5572 ), #1890 ) ;
#982 = CARTESIAN_POINT ( 'NONE',  ( -5.860000000000000300, 0.0000000000000000000, -4.309999999999999600 ) ) ;
#983 = DIRECTION ( 'NONE',  ( -0.7745966692414827400, -0.4472135954999583200, -0.4472135954999584800 ) ) ;
#985 = VERTEX_POINT ( 'NONE', #3766 ) ;
#984 = SURFACE_STYLE_FILL_AREA ( #2403 ) ;
#986 = LINE ( 'NONE', #1004, #6056 ) ;
#987 = CARTESIAN_POINT ( 'NONE',  ( -5.069999999999999400, 0.4300090093458146000, -0.3960850015576333800 ) ) ;
#988 = CARTESIAN_POINT ( 'NONE',  ( 0.0000000000000000000, 4.699999999999999300, 3.250000000000000000 ) ) ;
#989 = EDGE_CURVE ( 'NONE', #3376, #1561, #1777, .T. ) ;
#990 = AXIS2_PLACEMENT_3D ( 'NONE', #1983, #575, #3878 ) ;
#991 = EDGE_CURVE ( 'NONE', #4321, #2464, #1029, .T. ) ;
#992 = ORIENTED_EDGE ( 'NONE', *, *, #4576, .F. ) ;
#993 = ORIENTED_EDGE ( 'NONE', *, *, #3892, .T. ) ;
#994 = DIRECTION ( 'NONE',  ( 0.0000000000000000000, 1.000000000000000000, 0.0000000000000000000 ) ) ;
#995 = PLANE ( 'NONE',  #2877 ) ;
#996 = SURFACE_SIDE_STYLE ('',( #5904 ) ) ;
#997 = ORIENTED_EDGE ( 'NONE', *, *, #1700, .F. ) ;
#998 = VERTEX_POINT ( 'NONE', #492 ) ;
#999 = CARTESIAN_POINT ( 'NONE',  ( -1.910000000000000100, 4.530000000000000200, 0.5999999999999999800 ) ) ;
#1000 = EDGE_CURVE ( 'NONE', #6048, #1068, #875, .T. ) ;
#1001 = VECTOR ( 'NONE', #3116, 1000.000000000000000 ) ;
#1002 = DIRECTION ( 'NONE',  ( -0.5000000000000006700, 0.8660254037844382600, 0.0000000000000000000 ) ) ;
#1003 = ORIENTED_EDGE ( 'NONE', *, *, #5946, .T. ) ;
#1004 = CARTESIAN_POINT ( 'NONE',  ( -1.646572197020220700, 1.760000000000000200, 4.310000000000003200 ) ) ;
#1005 = VECTOR ( 'NONE', #5510, 1000.000000000000000 ) ;
#1006 = VERTEX_POINT ( 'NONE', #5216 ) ;
#1007 = CARTESIAN_POINT ( 'NONE',  ( -1.500000000000000000, -0.4200000000000007600, 3.809999999999999600 ) ) ;
#1008 = ORIENTED_EDGE ( 'NONE', *, *, #4619, .F. ) ;
#1009 = LINE ( 'NONE', #1975, #862 ) ;
#1010 = ADVANCED_FACE ( 'NONE', ( #4516 ), #3787, .T. ) ;
#1011 = PRESENTATION_STYLE_ASSIGNMENT (( #661 ) ) ;
#1012 = DIRECTION ( 'NONE',  ( 0.0000000000000000000, -0.0000000000000000000, -1.000000000000000000 ) ) ;
#1013 = FILL_AREA_STYLE ('',( #2920 ) ) ;
#1014 = ORIENTED_EDGE ( 'NONE', *, *, #304, .T. ) ;
#1015 = EDGE_CURVE ( 'NONE', #5516, #1730, #2163, .T. ) ;
#1016 = ORIENTED_EDGE ( 'NONE', *, *, #4245, .F. ) ;
#1017 = FILL_AREA_STYLE ('',( #3857 ) ) ;
#1018 = LINE ( 'NONE', #3800, #2292 ) ;
#1019 = DIRECTION ( 'NONE',  ( -1.224646799147353200E-016, 1.000000000000000000, 0.0000000000000000000 ) ) ;
#1020 = VECTOR ( 'NONE', #2408, 1000.000000000000000 ) ;
#1021 = CARTESIAN_POINT ( 'NONE',  ( -3.110000000000000800, 5.250000000000000000, 3.809999999999999600 ) ) ;
#1022 = EDGE_LOOP ( 'NONE', ( #1289, #3926, #2618, #1540 ) ) ;
#1023 = CARTESIAN_POINT ( 'NONE',  ( -0.1299999999999993100, -0.4000000000000000200, -1.084202172485500000E-017 ) ) ;
#1024 = AXIS2_PLACEMENT_3D ( 'NONE', #3335, #509, #3802 ) ;
#1025 = MECHANICAL_DESIGN_GEOMETRIC_PRESENTATION_REPRESENTATION (  '', ( #102 ), #1340 ) ;
#1026 = CARTESIAN_POINT ( 'NONE',  ( -0.8244857318415392800, 2.462811978464829900, -1.442188021535169700 ) ) ;
#1027 = ORIENTED_EDGE ( 'NONE', *, *, #2118, .F. ) ;
#1028 = CARTESIAN_POINT ( 'NONE',  ( -6.219660186493931600, -0.9799999999999999800, 1.750000000000000000 ) ) ;
#1029 = LINE ( 'NONE', #2848, #2299 ) ;
#1030 = DIRECTION ( 'NONE',  ( 0.0000000000000000000, 1.000000000000000000, 0.0000000000000000000 ) ) ;
#1031 = EDGE_CURVE ( 'NONE', #4224, #417, #3410, .T. ) ;
#1032 =( NAMED_UNIT ( * ) SI_UNIT ( $, .STERADIAN. ) SOLID_ANGLE_UNIT ( ) );
#1033 = FILL_AREA_STYLE ('',( #3444 ) ) ;
#1034 = EDGE_LOOP ( 'NONE', ( #77, #2358, #6002, #5922 ) ) ;
#1035 = VECTOR ( 'NONE', #4565, 1000.000000000000100 ) ;
#1036 = CARTESIAN_POINT ( 'NONE',  ( -6.799999999999999800, 3.529999999999999800, 2.500000000000000000 ) ) ;
#1037 = CARTESIAN_POINT ( 'NONE',  ( -6.564732843086535000, 2.538389237197200600, -0.2500000000000000000 ) ) ;
#1038 = ORIENTED_EDGE ( 'NONE', *, *, #4528, .T. ) ;
#1039 = EDGE_LOOP ( 'NONE', ( #5254, #2443, #2589, #5925 ) ) ;
#1040 = AXIS2_PLACEMENT_3D ( 'NONE', #2160, #2632, #5950 ) ;
#1041 = CARTESIAN_POINT ( 'NONE',  ( -5.860000000000000300, 5.200000000000000200, 4.309999999999999600 ) ) ;
#1042 = EDGE_CURVE ( 'NONE', #2648, #5728, #2004, .T. ) ;
#1043 = CARTESIAN_POINT ( 'NONE',  ( 0.4300000000000010500, 0.5000000000000004400, 1.684999999999999800 ) ) ;
#1044 = CARTESIAN_POINT ( 'NONE',  ( -5.860000000000000300, 0.0000000000000000000, -14.31000000000000000 ) ) ;
#1045 = ORIENTED_EDGE ( 'NONE', *, *, #2286, .T. ) ;
#1046 = ORIENTED_EDGE ( 'NONE', *, *, #4450, .T. ) ;
#1047 =( LENGTH_UNIT ( ) NAMED_UNIT ( * ) SI_UNIT ( .MILLI., .METRE. ) );
#1048 = VECTOR ( 'NONE', #1348, 1000.000000000000000 ) ;
#1049 = DIRECTION ( 'NONE',  ( 1.000000000000000000, 0.0000000000000000000, 0.0000000000000000000 ) ) ;
#1050 = DIRECTION ( 'NONE',  ( -0.4999999999999973900, -0.8660254037844401500, 5.182570531091859000E-016 ) ) ;
#1051 = ORIENTED_EDGE ( 'NONE', *, *, #1843, .T. ) ;
#1052 = VECTOR ( 'NONE', #1692, 1000.000000000000000 ) ;
#1053 = CARTESIAN_POINT ( 'NONE',  ( -6.564732843086535000, 2.538389237197200600, -1.750000000000000200 ) ) ;
#1054 = CARTESIAN_POINT ( 'NONE',  ( -5.269999999999998700, 4.129999999999999900, 2.045000000000001300 ) ) ;
#1055 = CARTESIAN_POINT ( 'NONE',  ( 0.0000000000000000000, 5.200000000000000200, 5.000000000000000000 ) ) ;
#1056 = LINE ( 'NONE', #268, #3435 ) ;
#1057 = LINE ( 'NONE', #1534, #3281 ) ;
#1058 = PRESENTATION_LAYER_ASSIGNMENT (  '', '', ( #437 ) ) ;
#1059 = EDGE_CURVE ( 'NONE', #5766, #1316, #735, .T. ) ;
#1060 = PLANE ( 'NONE',  #5425 ) ;
#1062 = ORIENTED_EDGE ( 'NONE', *, *, #621, .T. ) ;
#1061 = FACE_OUTER_BOUND ( 'NONE', #107, .T. ) ;
#1063 = CARTESIAN_POINT ( 'NONE',  ( -0.02999999999999886100, -0.3000000000000000400, -2.899999999999999900 ) ) ;
#1064 = VECTOR ( 'NONE', #3210, 1000.000000000000000 ) ;
#1065 = EDGE_CURVE ( 'NONE', #5846, #2940, #4365, .T. ) ;
#1066 = VECTOR ( 'NONE', #1835, 1000.000000000000000 ) ;
#1067 = EDGE_CURVE ( 'NONE', #686, #4939, #1845, .T. ) ;
#1068 = VERTEX_POINT ( 'NONE', #4309 ) ;
#1069 = ORIENTED_EDGE ( 'NONE', *, *, #4682, .F. ) ;
#1070 = PLANE ( 'NONE',  #4112 ) ;
#1071 = VECTOR ( 'NONE', #3103, 1000.000000000000000 ) ;
#1072 = EDGE_CURVE ( 'NONE', #4412, #5454, #1698, .T. ) ;
#1073 = FILL_AREA_STYLE ('',( #611 ) ) ;
#1074 = ORIENTED_EDGE ( 'NONE', *, *, #5264, .T. ) ;
#1075 = SURFACE_SIDE_STYLE ('',( #3906 ) ) ;
#1076 = DIRECTION ( 'NONE',  ( -2.710505431213761100E-016, 1.000000000000000000, 0.0000000000000000000 ) ) ;
#1077 = SURFACE_STYLE_FILL_AREA ( #2051 ) ;
#1078 = STYLED_ITEM ( 'NONE', ( #2399 ), #3315 ) ;
#1079 = EDGE_CURVE ( 'NONE', #3398, #2959, #2981, .T. ) ;
#1080 = ORIENTED_EDGE ( 'NONE', *, *, #3902, .F. ) ;
#1081 = SURFACE_STYLE_FILL_AREA ( #863 ) ;
#1082 = DIRECTION ( 'NONE',  ( -3.252606517456513700E-015, 1.000000000000000000, 0.0000000000000000000 ) ) ;
#1083 = DIRECTION ( 'NONE',  ( -1.000000000000000000, 0.0000000000000000000, 0.0000000000000000000 ) ) ;
#1084 = CYLINDRICAL_SURFACE ( 'NONE', #2697, 0.3647328430865350300 ) ;
#1085 = VERTEX_POINT ( 'NONE', #3384 ) ;
#1086 = CARTESIAN_POINT ( 'NONE',  ( -0.02999999999999891300, -3.673940397441926700E-018, -2.799999999999999800 ) ) ;
#1087 = ORIENTED_EDGE ( 'NONE', *, *, #1900, .T. ) ;
#1088 = PLANE ( 'NONE',  #6084 ) ;
#1089 = STYLED_ITEM ( 'NONE', ( #1913 ), #4983 ) ;
#1090 = VECTOR ( 'NONE', #2630, 1000.000000000000000 ) ;
#1091 = VECTOR ( 'NONE', #210, 1000.000000000000000 ) ;
#1092 = CARTESIAN_POINT ( 'NONE',  ( -0.2000000000000005100, 1.707735026918949500, 1.802735026918963000 ) ) ;
#1093 = ORIENTED_EDGE ( 'NONE', *, *, #5130, .T. ) ;
#1094 = DIRECTION ( 'NONE',  ( 0.0000000000000000000, 0.0000000000000000000, -1.000000000000000000 ) ) ;
#1095 = FACE_OUTER_BOUND ( 'NONE', #2547, .T. ) ;
#1096 = DIRECTION ( 'NONE',  ( -2.834515483622233600E-016, 0.0000000000000000000, -1.000000000000000000 ) ) ;
#1097 = VECTOR ( 'NONE', #1411, 1000.000000000000000 ) ;
#1098 = CARTESIAN_POINT ( 'NONE',  ( -0.2000000000000005100, 1.707735026918949500, 0.0000000000000000000 ) ) ;
#1099 = VERTEX_POINT ( 'NONE', #5758 ) ;
#1100 = DIRECTION ( 'NONE',  ( 0.0000000000000000000, -0.0000000000000000000, -1.000000000000000000 ) ) ;
#1101 =( NAMED_UNIT ( * ) SI_UNIT ( $, .STERADIAN. ) SOLID_ANGLE_UNIT ( ) );
#1102 = VECTOR ( 'NONE', #3739, 1000.000000000000000 ) ;
#1103 = PRESENTATION_LAYER_ASSIGNMENT (  '', '', ( #778 ) ) ;
#1104 = CARTESIAN_POINT ( 'NONE',  ( -0.2000000000000005100, 2.160000000000000100, -0.2550000000000000000 ) ) ;
#1105 = CARTESIAN_POINT ( 'NONE',  ( 0.0000000000000000000, 3.629999999999999900, 2.544999999999999900 ) ) ;
#1106 = SURFACE_STYLE_FILL_AREA ( #2359 ) ;
#1107 = DIRECTION ( 'NONE',  ( -0.0000000000000000000, -0.0000000000000000000, -1.000000000000000000 ) ) ;
#1108 = VECTOR ( 'NONE', #89, 1000.000000000000000 ) ;
#1109 = DIRECTION ( 'NONE',  ( 0.0000000000000000000, 0.0000000000000000000, 1.000000000000000000 ) ) ;
#1110 = ORIENTED_EDGE ( 'NONE', *, *, #2313, .T. ) ;
#1111 = PRESENTATION_LAYER_ASSIGNMENT (  '', '', ( #1420 ) ) ;
#1112 = LINE ( 'NONE', #1267, #1255 ) ;
#1113 = CARTESIAN_POINT ( 'NONE',  ( -3.110000000000000800, 5.250000000000000000, -4.309999999999999600 ) ) ;
#1114 =( BOUNDED_CURVE ( )  B_SPLINE_CURVE ( 3, ( #2279, #5127, #6078, #3220 ),
 .UNSPECIFIED., .F., .T. ) 
 B_SPLINE_CURVE_WITH_KNOTS ( ( 4, 4 ),
 ( 0.0000000000000000000, 1.570796326794896600 ),
 .UNSPECIFIED. ) 
 CURVE ( )  GEOMETRIC_REPRESENTATION_ITEM ( )  RATIONAL_B_SPLINE_CURVE ( ( 1.000000000000000000, 0.8047378541243649400, 0.8047378541243649400, 1.000000000000000000 ) ) 
 REPRESENTATION_ITEM ( '' )  );
#1115 = DIRECTION ( 'NONE',  ( 0.0000000000000000000, -0.0000000000000000000, 1.000000000000000000 ) ) ;
#1116 = ORIENTED_EDGE ( 'NONE', *, *, #5620, .T. ) ;
#1117 = ORIENTED_EDGE ( 'NONE', *, *, #13, .T. ) ;
#1118 = ADVANCED_FACE ( 'NONE', ( #5499 ), #93, .F. ) ;
#1119 = EDGE_CURVE ( 'NONE', #5889, #2959, #2374, .T. ) ;
#1120 = DIRECTION ( 'NONE',  ( 0.0000000000000000000, 0.0000000000000000000, 1.000000000000000000 ) ) ;
#1121 = DIRECTION ( 'NONE',  ( 0.0000000000000000000, 0.0000000000000000000, -1.000000000000000000 ) ) ;
#1122 = ORIENTED_EDGE ( 'NONE', *, *, #334, .F. ) ;
#1123 = ORIENTED_EDGE ( 'NONE', *, *, #3182, .T. ) ;
#1124 = PLANE ( 'NONE',  #4841 ) ;
#1125 =( NAMED_UNIT ( * ) PLANE_ANGLE_UNIT ( ) SI_UNIT ( $, .RADIAN. ) );
#1126 =( NAMED_UNIT ( * ) PLANE_ANGLE_UNIT ( ) SI_UNIT ( $, .RADIAN. ) );
#1127 = EDGE_CURVE ( 'NONE', #3232, #1, #12, .T. ) ;
#1128 = EDGE_LOOP ( 'NONE', ( #2979, #5797, #4852, #3524 ) ) ;
#1129 = COLOUR_RGB ( '',0.8431372549019607900, 0.8156862745098039100, 0.7529411764705882200 ) ;
#1130 = DIRECTION ( 'NONE',  ( -1.000000000000000000, -0.0000000000000000000, -2.710505431213765500E-016 ) ) ;
#1131 = CARTESIAN_POINT ( 'NONE',  ( -6.219660186493931600, -1.980000000000000000, 0.2500000000000000000 ) ) ;
#1132 = VECTOR ( 'NONE', #5042, 1000.000000000000000 ) ;
#1133 = DIRECTION ( 'NONE',  ( 0.0000000000000000000, 0.0000000000000000000, 1.000000000000000000 ) ) ;
#1134 = LINE ( 'NONE', #915, #973 ) ;
#1135 = CARTESIAN_POINT ( 'NONE',  ( 0.0000000000000000000, 5.200000000000000200, -5.000000000000000000 ) ) ;
#1136 = EDGE_LOOP ( 'NONE', ( #5434, #52, #1688, #3344 ) ) ;
#1137 = LINE ( 'NONE', #988, #3658 ) ;
#1138 = ORIENTED_EDGE ( 'NONE', *, *, #826, .T. ) ;
#1139 =( NAMED_UNIT ( * ) SI_UNIT ( $, .STERADIAN. ) SOLID_ANGLE_UNIT ( ) );
#1140 = ORIENTED_EDGE ( 'NONE', *, *, #5772, .F. ) ;
#1141 = SURFACE_STYLE_FILL_AREA ( #6092 ) ;
#1142 = VECTOR ( 'NONE', #1465, 1000.000000000000000 ) ;
#1143 = DIRECTION ( 'NONE',  ( 0.0000000000000000000, 1.000000000000000000, 0.0000000000000000000 ) ) ;
#1144 = ADVANCED_FACE ( 'NONE', ( #4746 ), #1516, .T. ) ;
#1145 = AXIS2_PLACEMENT_3D ( 'NONE', #3343, #1452, #4776 ) ;
#1146 = ORIENTED_EDGE ( 'NONE', *, *, #1334, .T. ) ;
#1147 = PLANE ( 'NONE',  #5945 ) ;
#1148 = VERTEX_POINT ( 'NONE', #5200 ) ;
#1149 = ORIENTED_EDGE ( 'NONE', *, *, #2665, .F. ) ;
#1150 = DIRECTION ( 'NONE',  ( 1.000000000000000000, 1.224646799147353200E-016, 1.281184251090699400E-016 ) ) ;
#1151 = DIRECTION ( 'NONE',  ( -0.0000000000000000000, 1.000000000000000000, 0.0000000000000000000 ) ) ;
#1152 = ORIENTED_EDGE ( 'NONE', *, *, #5971, .T. ) ;
#1153 = ORIENTED_EDGE ( 'NONE', *, *, #572, .T. ) ;
#1154 = VERTEX_POINT ( 'NONE', #1896 ) ;
#1155 = PLANE ( 'NONE',  #1226 ) ;
#1156 = VECTOR ( 'NONE', #5490, 1000.000000000000000 ) ;
#1157 = DIRECTION ( 'NONE',  ( 0.0000000000000000000, 0.0000000000000000000, 1.000000000000000000 ) ) ;
#1158 = CARTESIAN_POINT ( 'NONE',  ( -5.500000000000000000, 0.5000000000000004400, 1.350000000000000100 ) ) ;
#1159 = LINE ( 'NONE', #1598, #6071 ) ;
#1160 = EDGE_CURVE ( 'NONE', #417, #3539, #5655, .T. ) ;
#1161 = ORIENTED_EDGE ( 'NONE', *, *, #1900, .F. ) ;
#1162 = CARTESIAN_POINT ( 'NONE',  ( -5.500000000000000000, 3.629999999999999900, 0.8499999999999996400 ) ) ;
#1163 = ORIENTED_EDGE ( 'NONE', *, *, #3717, .F. ) ;
#1164 =( LENGTH_UNIT ( ) NAMED_UNIT ( * ) SI_UNIT ( .MILLI., .METRE. ) );
#1165 = CIRCLE ( 'NONE', #5739, 0.3999999999999998600 ) ;
#1166 = ORIENTED_EDGE ( 'NONE', *, *, #706, .F. ) ;
#1167 = ORIENTED_EDGE ( 'NONE', *, *, #1668, .F. ) ;
#1168 = CARTESIAN_POINT ( 'NONE',  ( -6.800000000000000700, -0.3000000000000008200, 2.799999999999998900 ) ) ;
#1169 = CARTESIAN_POINT ( 'NONE',  ( -0.2000000000000005100, 1.707735026918963300, 0.0000000000000000000 ) ) ;
#1170 = ORIENTED_EDGE ( 'NONE', *, *, #195, .T. ) ;
#1171 = FACE_OUTER_BOUND ( 'NONE', #5282, .T. ) ;
#1172 = DIRECTION ( 'NONE',  ( 8.340016711426963900E-017, 1.021357477048446600E-032, -1.000000000000000000 ) ) ;
#1173 = VERTEX_POINT ( 'NONE', #4740 ) ;
#1174 = DIRECTION ( 'NONE',  ( -0.6204362681042258100, 0.7842568694126314000, 0.0000000000000000000 ) ) ;
#1175 = LINE ( 'NONE', #2507, #6089 ) ;
#1176 = ADVANCED_FACE ( 'NONE', ( #4374 ), #5704, .F. ) ;
#1177 = DIRECTION ( 'NONE',  ( 0.0000000000000000000, -0.0000000000000000000, 1.000000000000000000 ) ) ;
#1178 = ORIENTED_EDGE ( 'NONE', *, *, #5832, .F. ) ;
#1179 = DIRECTION ( 'NONE',  ( 0.8660254037844401500, -0.4999999999999973900, -0.0000000000000000000 ) ) ;
#1180 =( GEOMETRIC_REPRESENTATION_CONTEXT ( 3 ) GLOBAL_UNCERTAINTY_ASSIGNED_CONTEXT ( ( #3574 ) ) GLOBAL_UNIT_ASSIGNED_CONTEXT ( ( #1557, #4882, #2039 ) ) REPRESENTATION_CONTEXT ( 'NONE', 'WORKASPACE' ) );
#1181 = DIRECTION ( 'NONE',  ( -0.0000000000000000000, -0.0000000000000000000, -1.000000000000000000 ) ) ;
#1182 = DIRECTION ( 'NONE',  ( -1.668003342285392800E-016, -2.042714954096893200E-032, 1.000000000000000000 ) ) ;
#1183 = EDGE_CURVE ( 'NONE', #6149, #4082, #3122, .T. ) ;
#1184 = PRESENTATION_STYLE_ASSIGNMENT (( #659 ) ) ;
#1185 = AXIS2_PLACEMENT_3D ( 'NONE', #1606, #5892, #2576 ) ;
#1186 = DIRECTION ( 'NONE',  ( 0.0000000000000000000, -1.000000000000000000, 0.0000000000000000000 ) ) ;
#1187 = EDGE_LOOP ( 'NONE', ( #85, #3706, #3396, #601 ) ) ;
#1188 = CARTESIAN_POINT ( 'NONE',  ( -6.699999999999999300, -0.4000000000000008500, 3.449999999999999300 ) ) ;
#1189 = DIRECTION ( 'NONE',  ( -0.0000000000000000000, -0.0000000000000000000, -1.000000000000000000 ) ) ;
#1190 =( NAMED_UNIT ( * ) SI_UNIT ( $, .STERADIAN. ) SOLID_ANGLE_UNIT ( ) );
#1191 = ORIENTED_EDGE ( 'NONE', *, *, #3587, .T. ) ;
#1192 = ORIENTED_EDGE ( 'NONE', *, *, #4619, .T. ) ;
#1193 = DIRECTION ( 'NONE',  ( 0.8660254037844401500, 0.0000000000000000000, 0.4999999999999973900 ) ) ;
#1194 = FILL_AREA_STYLE ('',( #262 ) ) ;
#1195 = VERTEX_POINT ( 'NONE', #2400 ) ;
#1196 = DIRECTION ( 'NONE',  ( 1.224646799147353200E-016, -1.000000000000000000, 0.0000000000000000000 ) ) ;
#1197 = EDGE_CURVE ( 'NONE', #3735, #1664, #2987, .T. ) ;
#1198 = DIRECTION ( 'NONE',  ( 1.000000000000000000, -0.0000000000000000000, -0.0000000000000000000 ) ) ;
#1199 = FACE_OUTER_BOUND ( 'NONE', #5013, .T. ) ;
#1200 =( NAMED_UNIT ( * ) SI_UNIT ( $, .STERADIAN. ) SOLID_ANGLE_UNIT ( ) );
#1201 = DIRECTION ( 'NONE',  ( 0.0000000000000000000, 0.0000000000000000000, 1.000000000000000000 ) ) ;
#1202 = SURFACE_STYLE_USAGE ( .BOTH. , #4038 ) ;
#1203 = EDGE_LOOP ( 'NONE', ( #997, #2139, #3211, #2424 ) ) ;
#1204 = PRESENTATION_STYLE_ASSIGNMENT (( #1989 ) ) ;
#1205 = MECHANICAL_DESIGN_GEOMETRIC_PRESENTATION_REPRESENTATION (  '', ( #5473 ), #1528 ) ;
#1206 = CARTESIAN_POINT ( 'NONE',  ( -6.919660186493931800, -0.6257768975473813100, -2.250000000000000400 ) ) ;
#1207 = EDGE_CURVE ( 'NONE', #773, #3236, #605, .T. ) ;
#1208 = ADVANCED_FACE ( 'NONE', ( #5507 ), #4293, .F. ) ;
#1209 = FILL_AREA_STYLE_COLOUR ( '', #4712 ) ;
#1210 = LINE ( 'NONE', #5466, #3723 ) ;
#1211 = VECTOR ( 'NONE', #544, 1000.000000000000000 ) ;
#1212 = EDGE_LOOP ( 'NONE', ( #5911, #561, #3222, #5323 ) ) ;
#1214 = ORIENTED_EDGE ( 'NONE', *, *, #4829, .F. ) ;
#1213 = VECTOR ( 'NONE', #119, 1000.000000000000000 ) ;
#1215 = PRESENTATION_STYLE_ASSIGNMENT (( #4247 ) ) ;
#1216 = VECTOR ( 'NONE', #4429, 1000.000000000000000 ) ;
#1217 = FACE_OUTER_BOUND ( 'NONE', #4490, .T. ) ;
#1218 = PLANE ( 'NONE',  #3333 ) ;
#1219 = PRESENTATION_LAYER_ASSIGNMENT (  '', '', ( #891 ) ) ;
#1220 = EDGE_LOOP ( 'NONE', ( #2143, #2290, #3691, #680 ) ) ;
#1221 = ORIENTED_EDGE ( 'NONE', *, *, #1577, .F. ) ;
#1222 = FILL_AREA_STYLE ('',( #5006 ) ) ;
#1223 = VECTOR ( 'NONE', #4045, 1000.000000000000000 ) ;
#1224 = DIRECTION ( 'NONE',  ( 1.000000000000000000, 0.0000000000000000000, -0.0000000000000000000 ) ) ;
#1225 = CARTESIAN_POINT ( 'NONE',  ( -3.110000000000000800, 5.200000000000000200, -3.809999999999999600 ) ) ;
#1226 = AXIS2_PLACEMENT_3D ( 'NONE', #4012, #1174, #4486 ) ;
#1227 = ORIENTED_EDGE ( 'NONE', *, *, #826, .F. ) ;
#1228 = EDGE_CURVE ( 'NONE', #4286, #4411, #455, .T. ) ;
#1229 = STYLED_ITEM ( 'NONE', ( #3698 ), #1612 ) ;
#1230 =( LENGTH_UNIT ( ) NAMED_UNIT ( * ) SI_UNIT ( .MILLI., .METRE. ) );
#1231 = ORIENTED_EDGE ( 'NONE', *, *, #4823, .F. ) ;
#1232 = LINE ( 'NONE', #6088, #6141 ) ;
#1233 = EDGE_CURVE ( 'NONE', #2503, #5398, #2825, .T. ) ;
#1234 = EDGE_CURVE ( 'NONE', #4208, #4496, #1559, .T. ) ;
#1235 = ORIENTED_EDGE ( 'NONE', *, *, #328, .T. ) ;
#1236 = ORIENTED_EDGE ( 'NONE', *, *, #3803, .F. ) ;
#1237 =( NAMED_UNIT ( * ) PLANE_ANGLE_UNIT ( ) SI_UNIT ( $, .RADIAN. ) );
#1238 = ADVANCED_FACE ( 'NONE', ( #5202 ), #4311, .F. ) ;
#1239 = LINE ( 'NONE', #4599, #1091 ) ;
#1240 = VERTEX_POINT ( 'NONE', #3837 ) ;
#1241 = CARTESIAN_POINT ( 'NONE',  ( -1.500000000000000000, -0.4200000000000007600, -3.809999999999999600 ) ) ;
#1242 = CARTESIAN_POINT ( 'NONE',  ( -5.269999999999998700, 5.200000000000000200, 2.814999999999999900 ) ) ;
#1243 = DIRECTION ( 'NONE',  ( 1.000000000000000000, 1.224646799147353200E-016, -0.0000000000000000000 ) ) ;
#1244 = LINE ( 'NONE', #5362, #4892 ) ;
#1245 = CARTESIAN_POINT ( 'NONE',  ( -6.799999999999999800, -8.327598234202001100E-016, -3.450000000000001100 ) ) ;
#1246 = PRESENTATION_LAYER_ASSIGNMENT (  '', '', ( #619 ) ) ;
#1247 = EDGE_CURVE ( 'NONE', #2537, #2620, #1402, .T. ) ;
#1248 = LINE ( 'NONE', #2014, #2068 ) ;
#1249 = VERTEX_POINT ( 'NONE', #2924 ) ;
#1250 = FACE_OUTER_BOUND ( 'NONE', #3406, .T. ) ;
#1251 = LINE ( 'NONE', #4305, #3763 ) ;
#1252 = DIRECTION ( 'NONE',  ( 0.0000000000000000000, 1.000000000000000000, 0.0000000000000000000 ) ) ;
#1253 = COLOUR_RGB ( '',0.8000000000000000400, 0.8039215686274510100, 0.8000000000000000400 ) ;
#1254 = CARTESIAN_POINT ( 'NONE',  ( -0.02999999999999956500, -0.3000000000000000400, 2.899999999999999900 ) ) ;
#1255 = VECTOR ( 'NONE', #4586, 1000.000000000000000 ) ;
#1256 = SURFACE_STYLE_USAGE ( .BOTH. , #4091 ) ;
#1257 =( LENGTH_UNIT ( ) NAMED_UNIT ( * ) SI_UNIT ( .MILLI., .METRE. ) );
#1258 = ORIENTED_EDGE ( 'NONE', *, *, #4990, .T. ) ;
#1259 = ORIENTED_EDGE ( 'NONE', *, *, #4288, .F. ) ;
#1260 = CARTESIAN_POINT ( 'NONE',  ( -0.2000000000000005100, 2.159999999999985900, 2.254999999999999900 ) ) ;
#1261 = AXIS2_PLACEMENT_3D ( 'NONE', #926, #4248, #1406 ) ;
#1262 = ORIENTED_EDGE ( 'NONE', *, *, #3956, .T. ) ;
#1263 = ADVANCED_FACE ( 'NONE', ( #3772 ), #2451, .T. ) ;
#1264 = VERTEX_POINT ( 'NONE', #5287 ) ;
#1265 = DIRECTION ( 'NONE',  ( 1.000000000000000000, 0.0000000000000000000, 0.0000000000000000000 ) ) ;
#1266 = EDGE_CURVE ( 'NONE', #1719, #2969, #4595, .T. ) ;
#1267 = CARTESIAN_POINT ( 'NONE',  ( -7.050000000000000700, 5.249999999999999100, -3.809999999999999600 ) ) ;
#1268 = DIRECTION ( 'NONE',  ( -0.0000000000000000000, -0.0000000000000000000, -1.000000000000000000 ) ) ;
#1269 = ORIENTED_EDGE ( 'NONE', *, *, #1755, .T. ) ;
#1270 = DIRECTION ( 'NONE',  ( -0.7745966692414826300, -0.4472135954999583200, -0.4472135954999588700 ) ) ;
#1271 = CARTESIAN_POINT ( 'NONE',  ( -6.699999999999999300, -0.4000000000000008500, -2.900000000000000800 ) ) ;
#1272 = LINE ( 'NONE', #2199, #1132 ) ;
#1273 = CARTESIAN_POINT ( 'NONE',  ( -6.219660186493931600, -1.980000000000000000, -1.750000000000000200 ) ) ;
#1274 = STYLED_ITEM ( 'NONE', ( #616 ), #3543 ) ;
#1275 = CARTESIAN_POINT ( 'NONE',  ( -7.050000000000000700, -0.01862330312848323900, 3.809999999999999600 ) ) ;
#1276 = EDGE_CURVE ( 'NONE', #4336, #3419, #5877, .T. ) ;
#1277 = DIRECTION ( 'NONE',  ( 1.000000000000000000, -0.0000000000000000000, -0.0000000000000000000 ) ) ;
#1278 = DIRECTION ( 'NONE',  ( 1.224646799147353200E-016, -1.000000000000000000, 0.0000000000000000000 ) ) ;
#1279 = LINE ( 'NONE', #5188, #337 ) ;
#1280 = ORIENTED_EDGE ( 'NONE', *, *, #5011, .F. ) ;
#1281 = CARTESIAN_POINT ( 'NONE',  ( -0.2000000000000005100, 1.707735026918963300, 0.0000000000000000000 ) ) ;
#1282 = DIRECTION ( 'NONE',  ( 0.0000000000000000000, 1.000000000000000000, 0.0000000000000000000 ) ) ;
#1283 = ORIENTED_EDGE ( 'NONE', *, *, #5657, .T. ) ;
#1284 = CARTESIAN_POINT ( 'NONE',  ( -1.500000000000000000, -4.878909776184770000E-016, 3.809999999999999600 ) ) ;
#1285 = VECTOR ( 'NONE', #4648, 1000.000000000000000 ) ;
#1286 = VECTOR ( 'NONE', #3825, 1000.000000000000000 ) ;
#1287 = CARTESIAN_POINT ( 'NONE',  ( -6.799999999999999800, -8.327598234202001100E-016, -3.810000000000000100 ) ) ;
#1288 = ORIENTED_EDGE ( 'NONE', *, *, #1497, .T. ) ;
#1289 = ORIENTED_EDGE ( 'NONE', *, *, #3241, .F. ) ;
#1290 = ORIENTED_EDGE ( 'NONE', *, *, #5900, .T. ) ;
#1291 = VECTOR ( 'NONE', #701, 1000.000000000000000 ) ;
#1292 = ADVANCED_FACE ( 'NONE', ( #5721 ), #2491, .F. ) ;
#1293 = DIRECTION ( 'NONE',  ( -6.821946253841378900E-016, -2.045664476387748700E-016, 1.000000000000000000 ) ) ;
#1294 =( GEOMETRIC_REPRESENTATION_CONTEXT ( 3 ) GLOBAL_UNCERTAINTY_ASSIGNED_CONTEXT ( ( #3773 ) ) GLOBAL_UNIT_ASSIGNED_CONTEXT ( ( #827, #1306, #3634 ) ) REPRESENTATION_CONTEXT ( 'NONE', 'WORKASPACE' ) );
#1295 = FILL_AREA_STYLE ('',( #6042 ) ) ;
#1296 = VERTEX_POINT ( 'NONE', #1037 ) ;
#1297 = DIRECTION ( 'NONE',  ( 0.0000000000000000000, -1.000000000000000000, -6.927809408853064600E-017 ) ) ;
#1298 = VERTEX_POINT ( 'NONE', #5355 ) ;
#1299 = DIRECTION ( 'NONE',  ( -0.0000000000000000000, 0.0000000000000000000, 1.000000000000000000 ) ) ;
#1300 = DIRECTION ( 'NONE',  ( 0.0000000000000000000, 0.0000000000000000000, 1.000000000000000000 ) ) ;
#1301 = EDGE_LOOP ( 'NONE', ( #2448, #4108, #5349, #3276 ) ) ;
#1302 = VECTOR ( 'NONE', #4555, 1000.000000000000000 ) ;
#1303 = AXIS2_PLACEMENT_3D ( 'NONE', #4685, #5168, #2324 ) ;
#1304 = CYLINDRICAL_SURFACE ( 'NONE', #3446, 0.1000000000000002600 ) ;
#1305 = CARTESIAN_POINT ( 'NONE',  ( 5.008805408512673600E-016, 5.200000000000000200, 2.044999999999999900 ) ) ;
#1306 =( NAMED_UNIT ( * ) PLANE_ANGLE_UNIT ( ) SI_UNIT ( $, .RADIAN. ) );
#1307 = CARTESIAN_POINT ( 'NONE',  ( -0.3000000000000016500, 2.160000000000000100, -1.745000000000000100 ) ) ;
#1308 = CARTESIAN_POINT ( 'NONE',  ( -5.540000000000000000, -0.4423115893098412100, 2.250000000000000400 ) ) ;
#1309 = ORIENTED_EDGE ( 'NONE', *, *, #5180, .F. ) ;
#1310 = ORIENTED_EDGE ( 'NONE', *, *, #830, .T. ) ;
#1311 = LINE ( 'NONE', #3940, #2447 ) ;
#1312 = DIRECTION ( 'NONE',  ( -1.000000000000000000, 0.0000000000000000000, -0.0000000000000000000 ) ) ;
#1313 = EDGE_CURVE ( 'NONE', #290, #3338, #1625, .T. ) ;
#1314 = ORIENTED_EDGE ( 'NONE', *, *, #5543, .T. ) ;
#1315 = PRESENTATION_LAYER_ASSIGNMENT (  '', '', ( #691 ) ) ;
#1316 = VERTEX_POINT ( 'NONE', #5829 ) ;
#1317 = EDGE_CURVE ( 'NONE', #2503, #4256, #387, .T. ) ;
#1318 = PRODUCT_CONTEXT ( 'NONE', #5106, 'mechanical' ) ;
#1319 = SURFACE_STYLE_USAGE ( .BOTH. , #4152 ) ;
#1320 = LINE ( 'NONE', #2864, #4971 ) ;
#1321 = DIRECTION ( 'NONE',  ( -0.0000000000000000000, -0.0000000000000000000, -1.000000000000000000 ) ) ;
#1322 = ORIENTED_EDGE ( 'NONE', *, *, #5302, .T. ) ;
#1323 = DIRECTION ( 'NONE',  ( 2.834515483622233600E-016, 0.0000000000000000000, 1.000000000000000000 ) ) ;
#1324 = CARTESIAN_POINT ( 'NONE',  ( -6.699999999999999300, -8.205133554287265600E-016, 3.349999999999999600 ) ) ;
#1325 = EDGE_CURVE ( 'NONE', #3898, #5728, #5280, .T. ) ;
#1326 = VECTOR ( 'NONE', #5326, 1000.000000000000000 ) ;
#1327 = ORIENTED_EDGE ( 'NONE', *, *, #301, .T. ) ;
#1328 = PRESENTATION_STYLE_ASSIGNMENT (( #2182 ) ) ;
#1329 = ADVANCED_FACE ( 'NONE', ( #4001 ), #2529, .F. ) ;
#1330 = SURFACE_STYLE_FILL_AREA ( #192 ) ;
#1331 = CARTESIAN_POINT ( 'NONE',  ( 0.0000000000000000000, 0.0000000000000000000, -1.750000000000000700 ) ) ;
#1332 = EDGE_LOOP ( 'NONE', ( #1368, #4913, #4689, #2990 ) ) ;
#1333 = CARTESIAN_POINT ( 'NONE',  ( -6.200000000000000200, 2.538389237197199200, 0.2500000000000000000 ) ) ;
#1334 = EDGE_CURVE ( 'NONE', #2383, #865, #2611, .T. ) ;
#1335 = ORIENTED_EDGE ( 'NONE', *, *, #1031, .T. ) ;
#1336 = ORIENTED_EDGE ( 'NONE', *, *, #2342, .F. ) ;
#1337 = CARTESIAN_POINT ( 'NONE',  ( -5.069999999999999400, 0.5000000000000004400, -0.3960850015576333800 ) ) ;
#1338 = CARTESIAN_POINT ( 'NONE',  ( -1.646572197020222500, 1.760000000000000200, -4.309999999999999600 ) ) ;
#1339 = ORIENTED_EDGE ( 'NONE', *, *, #991, .F. ) ;
#1340 =( GEOMETRIC_REPRESENTATION_CONTEXT ( 3 ) GLOBAL_UNCERTAINTY_ASSIGNED_CONTEXT ( ( #476 ) ) GLOBAL_UNIT_ASSIGNED_CONTEXT ( ( #3961, #1125, #4439 ) ) REPRESENTATION_CONTEXT ( 'NONE', 'WORKASPACE' ) );
#1341 = DIRECTION ( 'NONE',  ( 0.0000000000000000000, 0.0000000000000000000, -1.000000000000000000 ) ) ;
#1342 = VECTOR ( 'NONE', #5624, 1000.000000000000000 ) ;
#1343 = ORIENTED_EDGE ( 'NONE', *, *, #1325, .F. ) ;
#1344 = EDGE_CURVE ( 'NONE', #1520, #4434, #5132, .T. ) ;
#1345 = DIRECTION ( 'NONE',  ( -1.224646799147353500E-016, 1.000000000000000000, 0.0000000000000000000 ) ) ;
#1346 = EDGE_CURVE ( 'NONE', #923, #4646, #3851, .T. ) ;
#1347 = VECTOR ( 'NONE', #4299, 1000.000000000000100 ) ;
#1348 = DIRECTION ( 'NONE',  ( -0.0000000000000000000, -1.000000000000000000, -0.0000000000000000000 ) ) ;
#1349 = CARTESIAN_POINT ( 'NONE',  ( -0.2000000000000005100, 2.159999999999985900, 2.254999999999999900 ) ) ;
#1350 = VECTOR ( 'NONE', #63, 1000.000000000000000 ) ;
#1351 = ORIENTED_EDGE ( 'NONE', *, *, #905, .T. ) ;
#1352 = ADVANCED_FACE ( 'NONE', ( #4979 ), #5870, .F. ) ;
#1353 = COLOUR_RGB ( '',0.8000000000000000400, 0.8039215686274510100, 0.8000000000000000400 ) ;
#1354 = DIRECTION ( 'NONE',  ( -1.000000000000000000, -2.201425730935034200E-016, 0.0000000000000000000 ) ) ;
#1355 = STYLED_ITEM ( 'NONE', ( #3449 ), #3844 ) ;
#1356 = EDGE_CURVE ( 'NONE', #3670, #4452, #736, .T. ) ;
#1358 = ORIENTED_EDGE ( 'NONE', *, *, #4353, .T. ) ;
#1357 = CIRCLE ( 'NONE', #535, 0.09999999999999982500 ) ;
#1359 = DIRECTION ( 'NONE',  ( 6.821946253841378900E-016, 2.045664476387749900E-016, 1.000000000000000000 ) ) ;
#1360 = FACE_OUTER_BOUND ( 'NONE', #65, .T. ) ;
#1361 = DIRECTION ( 'NONE',  ( -0.0000000000000000000, 0.0000000000000000000, 1.000000000000000000 ) ) ;
#1362 = ORIENTED_EDGE ( 'NONE', *, *, #1334, .F. ) ;
#1363 = ORIENTED_EDGE ( 'NONE', *, *, #5112, .T. ) ;
#1364 = VECTOR ( 'NONE', #4477, 1000.000000000000000 ) ;
#1365 = UNCERTAINTY_MEASURE_WITH_UNIT (LENGTH_MEASURE( 1.000000000000000100E-005 ), #4067, 'distance_accuracy_value', 'NONE');
#1366 = PLANE ( 'NONE',  #2837 ) ;
#1367 = DIRECTION ( 'NONE',  ( -1.000000000000000000, -1.224646799147353500E-016, 0.0000000000000000000 ) ) ;
#1368 = ORIENTED_EDGE ( 'NONE', *, *, #456, .F. ) ;
#1369 = FILL_AREA_STYLE_COLOUR ( '', #5960 ) ;
#1370 = FILL_AREA_STYLE_COLOUR ( '', #4708 ) ;
#1371 = ORIENTED_EDGE ( 'NONE', *, *, #3377, .F. ) ;
#1372 = CIRCLE ( 'NONE', #2340, 0.1000000000000002600 ) ;
#1373 = MECHANICAL_DESIGN_GEOMETRIC_PRESENTATION_REPRESENTATION (  '', ( #437 ), #1696 ) ;
#1374 = EDGE_CURVE ( 'NONE', #3718, #859, #4518, .T. ) ;
#1375 = AXIS2_PLACEMENT_3D ( 'NONE', #5074, #1268, #810 ) ;
#1376 = DIRECTION ( 'NONE',  ( -0.0000000000000000000, -0.0000000000000000000, -1.000000000000000000 ) ) ;
#1377 = ORIENTED_EDGE ( 'NONE', *, *, #3626, .T. ) ;
#1378 = FILL_AREA_STYLE ('',( #877 ) ) ;
#1379 = VERTEX_POINT ( 'NONE', #3984 ) ;
#1380 = VECTOR ( 'NONE', #149, 1000.000000000000000 ) ;
#1381 = DIRECTION ( 'NONE',  ( 1.000000000000000000, 2.201425730935034200E-016, 0.0000000000000000000 ) ) ;
#1382 = DIRECTION ( 'NONE',  ( -0.0000000000000000000, -0.0000000000000000000, -1.000000000000000000 ) ) ;
#1383 = EDGE_CURVE ( 'NONE', #5165, #1703, #1846, .T. ) ;
#1384 = ORIENTED_EDGE ( 'NONE', *, *, #804, .F. ) ;
#1385 = LINE ( 'NONE', #123, #2522 ) ;
#1386 = ADVANCED_FACE ( 'NONE', ( #3119 ), #5500, .T. ) ;
#1387 = CARTESIAN_POINT ( 'NONE',  ( 1.299999999999992100, 0.4999999999999995600, -3.250000000000000400 ) ) ;
#1388 = CARTESIAN_POINT ( 'NONE',  ( -7.112823952774906600, 0.2403027167644433400, 1.750000000000000000 ) ) ;
#1389 = VECTOR ( 'NONE', #1842, 1000.000000000000000 ) ;
#1390 = FILL_AREA_STYLE_COLOUR ( '', #4231 ) ;
#1391 = AXIS2_PLACEMENT_3D ( 'NONE', #4048, #4546, #1712 ) ;
#1392 = VECTOR ( 'NONE', #3208, 1000.000000000000200 ) ;
#1393 = CARTESIAN_POINT ( 'NONE',  ( -3.425000000000018500, 0.4999999999999995600, -0.5220199780790312200 ) ) ;
#1394 = EDGE_CURVE ( 'NONE', #2550, #3419, #4217, .T. ) ;
#1395 = LINE ( 'NONE', #2415, #312 ) ;
#1396 = DIRECTION ( 'NONE',  ( -0.3926952798640224700, -0.9196686453133634500, 0.0000000000000000000 ) ) ;
#1397 = CIRCLE ( 'NONE', #3135, 0.6860591096414115900 ) ;
#1398 = CARTESIAN_POINT ( 'NONE',  ( 0.0000000000000000000, 0.0000000000000000000, -5.000000000000000000 ) ) ;
#1399 = AXIS2_PLACEMENT_3D ( 'NONE', #2554, #3036, #200 ) ;
#1400 = VECTOR ( 'NONE', #4102, 1000.000000000000000 ) ;
#1401 = CARTESIAN_POINT ( 'NONE',  ( 0.0000000000000000000, 0.0000000000000000000, -4.309999999999999600 ) ) ;
#1402 = LINE ( 'NONE', #5740, #5053 ) ;
#1403 = VERTEX_POINT ( 'NONE', #238 ) ;
#1404 = VERTEX_POINT ( 'NONE', #4002 ) ;
#1405 =( LENGTH_UNIT ( ) NAMED_UNIT ( * ) SI_UNIT ( .MILLI., .METRE. ) );
#1406 = DIRECTION ( 'NONE',  ( 0.0000000000000000000, 0.0000000000000000000, 1.000000000000000000 ) ) ;
#1407 = DIRECTION ( 'NONE',  ( 1.000000000000000000, 0.0000000000000000000, -0.0000000000000000000 ) ) ;
#1408 = ORIENTED_EDGE ( 'NONE', *, *, #3097, .T. ) ;
#1409 = DIRECTION ( 'NONE',  ( 0.0000000000000000000, 0.0000000000000000000, 1.000000000000000000 ) ) ;
#1410 = ORIENTED_EDGE ( 'NONE', *, *, #382, .T. ) ;
#1411 = DIRECTION ( 'NONE',  ( -0.0000000000000000000, -0.0000000000000000000, -1.000000000000000000 ) ) ;
#1412 = CARTESIAN_POINT ( 'NONE',  ( -5.000000000000000000, 3.629999999999999900, 2.544999999999999900 ) ) ;
#1413 = MECHANICAL_DESIGN_GEOMETRIC_PRESENTATION_REPRESENTATION (  '', ( #778 ), #1737 ) ;
#1414 = ADVANCED_FACE ( 'NONE', ( #1701 ), #4459, .F. ) ;
#1415 = VERTEX_POINT ( 'NONE', #5887 ) ;
#1416 = DIRECTION ( 'NONE',  ( -6.821946253841378900E-016, -8.655864918594322300E-032, 1.000000000000000000 ) ) ;
#1417 = CARTESIAN_POINT ( 'NONE',  ( -6.219660186493931600, -0.9799999999999999800, 0.2500000000000000000 ) ) ;
#1418 = STYLED_ITEM ( 'NONE', ( #4765 ), #726 ) ;
#1419 = LINE ( 'NONE', #4507, #189 ) ;
#1420 = STYLED_ITEM ( 'NONE', ( #1328 ), #1769 ) ;
#1421 = CARTESIAN_POINT ( 'NONE',  ( -6.919660186493931800, -0.6257768975473811900, 2.250000000000000400 ) ) ;
#1422 = VECTOR ( 'NONE', #3038, 1000.000000000000000 ) ;
#1423 = LINE ( 'NONE', #2343, #6045 ) ;
#1424 = EDGE_CURVE ( 'NONE', #5564, #3216, #5649, .T. ) ;
#1425 = DIRECTION ( 'NONE',  ( -0.0000000000000000000, -0.0000000000000000000, 1.000000000000000000 ) ) ;
#1426 = AXIS2_PLACEMENT_3D ( 'NONE', #3751, #911, #4230 ) ;
#1427 = ORIENTED_EDGE ( 'NONE', *, *, #5515, .T. ) ;
#1428 = VECTOR ( 'NONE', #1382, 1000.000000000000000 ) ;
#1429 = CARTESIAN_POINT ( 'NONE',  ( 0.0000000000000000000, 0.0000000000000000000, 5.000000000000000000 ) ) ;
#1430 = CIRCLE ( 'NONE', #1756, 0.6860591096414115900 ) ;
#1431 = CARTESIAN_POINT ( 'NONE',  ( -6.233601076852520100, -0.6257768975473829700, -0.2500000000000000000 ) ) ;
#1432 = ORIENTED_EDGE ( 'NONE', *, *, #5501, .T. ) ;
#1433 = VECTOR ( 'NONE', #1770, 1000.000000000000000 ) ;
#1434 = VECTOR ( 'NONE', #4264, 1000.000000000000000 ) ;
#1435 = SURFACE_SIDE_STYLE ('',( #4771 ) ) ;
#1436 = AXIS2_PLACEMENT_3D ( 'NONE', #3383, #4819, #1976 ) ;
#1437 = EDGE_CURVE ( 'NONE', #212, #3232, #2008, .T. ) ;
#1438 = DIRECTION ( 'NONE',  ( -1.000000000000000000, -2.201425730935034400E-016, -0.0000000000000000000 ) ) ;
#1439 = VERTEX_POINT ( 'NONE', #3553 ) ;
#1440 = ORIENTED_EDGE ( 'NONE', *, *, #3230, .T. ) ;
#1441 = CARTESIAN_POINT ( 'NONE',  ( 0.4299999999999999900, 9.305929820297226500, 1.684999999999999800 ) ) ;
#1442 = UNCERTAINTY_MEASURE_WITH_UNIT (LENGTH_MEASURE( 1.000000000000000100E-005 ), #5001, 'distance_accuracy_value', 'NONE');
#1443 = VECTOR ( 'NONE', #5438, 1000.000000000000000 ) ;
#1444 = CARTESIAN_POINT ( 'NONE',  ( -6.219660186493931600, -1.980000000000000000, -1.750000000000000200 ) ) ;
#1445 = PLANE ( 'NONE',  #4522 ) ;
#1446 = ORIENTED_EDGE ( 'NONE', *, *, #4039, .T. ) ;
#1447 = ORIENTED_EDGE ( 'NONE', *, *, #503, .F. ) ;
#1448 = ADVANCED_FACE ( 'NONE', ( #1553 ), #5926, .T. ) ;
#1449 = FILL_AREA_STYLE_COLOUR ( '', #5385 ) ;
#1450 = CARTESIAN_POINT ( 'NONE',  ( -6.699999999999999300, -0.3000000000000008200, 3.349999999999999600 ) ) ;
#1451 = VECTOR ( 'NONE', #5035, 1000.000000000000000 ) ;
#1452 = DIRECTION ( 'NONE',  ( 1.000000000000000000, 0.0000000000000000000, 0.0000000000000000000 ) ) ;
#1453 = CARTESIAN_POINT ( 'NONE',  ( -0.02999999999999877400, -0.4000000000000000200, -3.349999999999999600 ) ) ;
#1454 = LINE ( 'NONE', #4579, #220 ) ;
#1455 = DIRECTION ( 'NONE',  ( 0.0000000000000000000, 0.0000000000000000000, 1.000000000000000000 ) ) ;
#1456 = VERTEX_POINT ( 'NONE', #4495 ) ;
#1457 = CARTESIAN_POINT ( 'NONE',  ( -2.510000000000000200, 4.530000000000000200, -0.5999999999999999800 ) ) ;
#1458 = EDGE_LOOP ( 'NONE', ( #1152, #4267, #3378, #1821, #3811, #3467, #1446, #4950, #851, #5914 ) ) ;
#1459 = PRESENTATION_STYLE_ASSIGNMENT (( #2918 ) ) ;
#1460 = DIRECTION ( 'NONE',  ( 0.0000000000000000000, 0.0000000000000000000, 1.000000000000000000 ) ) ;
#1461 = LINE ( 'NONE', #3901, #5117 ) ;
#1462 = STYLED_ITEM ( 'NONE', ( #2679 ), #1263 ) ;
#1463 = DIRECTION ( 'NONE',  ( 0.7842568694126314000, 0.6204362681042258100, 0.0000000000000000000 ) ) ;
#1464 = VERTEX_POINT ( 'NONE', #5471 ) ;
#1465 = DIRECTION ( 'NONE',  ( 0.9196686453133634500, -0.3926952798640224700, 0.0000000000000000000 ) ) ;
#1466 = VECTOR ( 'NONE', #38, 1000.000000000000000 ) ;
#1467 = CARTESIAN_POINT ( 'NONE',  ( -1.500000000000000000, -4.878909776184770000E-016, 4.309999999999999600 ) ) ;
#1468 = LINE ( 'NONE', #5209, #3840 ) ;
#1469 = EDGE_CURVE ( 'NONE', #2613, #2686, #2821, .T. ) ;
#1470 = DIRECTION ( 'NONE',  ( -0.0000000000000000000, -1.000000000000000000, -0.0000000000000000000 ) ) ;
#1471 = PLANE ( 'NONE',  #4468 ) ;
#1472 = CARTESIAN_POINT ( 'NONE',  ( -0.02999999999999882300, -3.673940397441915900E-018, -3.349999999999999600 ) ) ;
#1473 = CARTESIAN_POINT ( 'NONE',  ( -7.050000000000000700, -0.01862330312848323900, -3.809999999999999600 ) ) ;
#1474 = EDGE_LOOP ( 'NONE', ( #1351, #3125, #4428, #4864 ) ) ;
#1475 = LINE ( 'NONE', #3112, #381 ) ;
#1476 = FACE_OUTER_BOUND ( 'NONE', #2053, .T. ) ;
#1477 = AXIS2_PLACEMENT_3D ( 'NONE', #1544, #4871, #2026 ) ;
#1478 = DIRECTION ( 'NONE',  ( 0.0000000000000000000, -1.000000000000000000, 0.0000000000000000000 ) ) ;
#1479 = VECTOR ( 'NONE', #1560, 1000.000000000000000 ) ;
#1480 =( LENGTH_UNIT ( ) NAMED_UNIT ( * ) SI_UNIT ( .MILLI., .METRE. ) );
#1481 = EDGE_CURVE ( 'NONE', #290, #4224, #5198, .T. ) ;
#1482 = DIRECTION ( 'NONE',  ( -1.000000000000000000, 0.0000000000000000000, -0.0000000000000000000 ) ) ;
#1483 = ORIENTED_EDGE ( 'NONE', *, *, #1266, .F. ) ;
#1484 = ADVANCED_FACE ( 'NONE', ( #5358 ), #1445, .F. ) ;
#1485 = PLANE ( 'NONE',  #2485 ) ;
#1486 = DIRECTION ( 'NONE',  ( 0.7745966692414828500, -0.4472135954999583200, 0.4472135954999585400 ) ) ;
#1487 = PLANE ( 'NONE',  #5993 ) ;
#1488 = CARTESIAN_POINT ( 'NONE',  ( -0.1299999999999998900, -1.592040838891560300E-017, 3.449999999999999300 ) ) ;
#1489 = EDGE_LOOP ( 'NONE', ( #5593, #960, #3783, #3936, #463, #1714, #3127, #2635 ) ) ;
#1490 = ORIENTED_EDGE ( 'NONE', *, *, #874, .F. ) ;
#1491 = UNCERTAINTY_MEASURE_WITH_UNIT (LENGTH_MEASURE( 1.000000000000000100E-005 ), #3705, 'distance_accuracy_value', 'NONE');
#1492 = DIRECTION ( 'NONE',  ( 0.0000000000000000000, 0.0000000000000000000, -1.000000000000000000 ) ) ;
#1493 = ORIENTED_EDGE ( 'NONE', *, *, #446, .F. ) ;
#1494 = SURFACE_STYLE_USAGE ( .BOTH. , #4327 ) ;
#1495 = VECTOR ( 'NONE', #2773, 1000.000000000000000 ) ;
#1496 = SURFACE_STYLE_USAGE ( .BOTH. , #4330 ) ;
#1497 = EDGE_CURVE ( 'NONE', #3871, #1670, #1395, .T. ) ;
#1498 = CARTESIAN_POINT ( 'NONE',  ( -5.000000000000000000, 1.649999999999999900, -0.2550000000000002300 ) ) ;
#1499 = ORIENTED_EDGE ( 'NONE', *, *, #2162, .F. ) ;
#1500 = MECHANICAL_DESIGN_GEOMETRIC_PRESENTATION_REPRESENTATION (  '', ( #857 ), #1819 ) ;
#1501 = DIRECTION ( 'NONE',  ( 0.0000000000000000000, 0.0000000000000000000, 1.000000000000000000 ) ) ;
#1502 = LINE ( 'NONE', #999, #1347 ) ;
#1503 = FILL_AREA_STYLE ('',( #4337 ) ) ;
#1504 = FILL_AREA_STYLE_COLOUR ( '', #441 ) ;
#1505 = DIRECTION ( 'NONE',  ( -0.0000000000000000000, 0.0000000000000000000, -1.000000000000000000 ) ) ;
#1506 = LINE ( 'NONE', #3826, #1350 ) ;
#1507 = EDGE_CURVE ( 'NONE', #949, #3898, #5050, .T. ) ;
#1508 = LINE ( 'NONE', #553, #271 ) ;
#1509 = CARTESIAN_POINT ( 'NONE',  ( -0.02999999999999877100, -0.3000000000000000400, -3.449999999999999300 ) ) ;
#1511 = VERTEX_POINT ( 'NONE', #526 ) ;
#1510 = LINE ( 'NONE', #1023, #128 ) ;
#1512 = COLOUR_RGB ( '',0.8000000000000000400, 0.8039215686274510100, 0.8000000000000000400 ) ;
#1513 = FILL_AREA_STYLE ('',( #4345 ) ) ;
#1514 = FILL_AREA_STYLE_COLOUR ( '', #4047 ) ;
#1515 = LINE ( 'NONE', #363, #276 ) ;
#1516 = PLANE ( 'NONE',  #6047 ) ;
#1517 = AXIS2_PLACEMENT_3D ( 'NONE', #2887, #56, #3349 ) ;
#1518 = ORIENTED_EDGE ( 'NONE', *, *, #439, .T. ) ;
#1519 = EDGE_CURVE ( 'NONE', #6107, #2721, #15, .T. ) ;
#1520 = VERTEX_POINT ( 'NONE', #3828 ) ;
#1521 = EDGE_LOOP ( 'NONE', ( #1682, #3094, #3613, #3830, #4125 ) ) ;
#1522 = CARTESIAN_POINT ( 'NONE',  ( -5.000000000000000000, 0.5000000000000004400, 0.0000000000000000000 ) ) ;
#1523 = DIRECTION ( 'NONE',  ( -0.0000000000000000000, 0.0000000000000000000, 1.000000000000000000 ) ) ;
#1524 = VERTEX_POINT ( 'NONE', #1949 ) ;
#1525 = DIRECTION ( 'NONE',  ( 0.0000000000000000000, -1.000000000000000000, 0.0000000000000000000 ) ) ;
#1526 = ORIENTED_EDGE ( 'NONE', *, *, #621, .F. ) ;
#1527 = CARTESIAN_POINT ( 'NONE',  ( -0.7915767664977306800, 1.366188021535170000, 0.5388119784648305300 ) ) ;
#1528 =( GEOMETRIC_REPRESENTATION_CONTEXT ( 3 ) GLOBAL_UNCERTAINTY_ASSIGNED_CONTEXT ( ( #4679 ) ) GLOBAL_UNIT_ASSIGNED_CONTEXT ( ( #2891, #59, #3354 ) ) REPRESENTATION_CONTEXT ( 'NONE', 'WORKASPACE' ) );
#1529 = FACE_OUTER_BOUND ( 'NONE', #3669, .T. ) ;
#1530 =( NAMED_UNIT ( * ) SI_UNIT ( $, .STERADIAN. ) SOLID_ANGLE_UNIT ( ) );
#1531 = VERTEX_POINT ( 'NONE', #4791 ) ;
#1532 = VECTOR ( 'NONE', #1784, 1000.000000000000000 ) ;
#1533 = CARTESIAN_POINT ( 'NONE',  ( 1.800000000000000900, 0.5000000000000005600, -3.538675134594816600 ) ) ;
#1534 = CARTESIAN_POINT ( 'NONE',  ( 0.0000000000000000000, 0.0000000000000000000, 3.809999999999999600 ) ) ;
#1535 = DIRECTION ( 'NONE',  ( -0.0000000000000000000, 0.0000000000000000000, -1.000000000000000000 ) ) ;
#1536 = ORIENTED_EDGE ( 'NONE', *, *, #294, .F. ) ;
#1537 = ORIENTED_EDGE ( 'NONE', *, *, #5744, .F. ) ;
#1538 = FACE_OUTER_BOUND ( 'NONE', #755, .T. ) ;
#1539 = MECHANICAL_DESIGN_GEOMETRIC_PRESENTATION_REPRESENTATION (  '', ( #891 ), #1854 ) ;
#1540 = ORIENTED_EDGE ( 'NONE', *, *, #3500, .F. ) ;
#1541 = DIRECTION ( 'NONE',  ( 1.000000000000000000, 0.0000000000000000000, -0.0000000000000000000 ) ) ;
#1542 = DIRECTION ( 'NONE',  ( 0.0000000000000000000, -1.000000000000000000, 0.0000000000000000000 ) ) ;
#1543 = ORIENTED_EDGE ( 'NONE', *, *, #2251, .F. ) ;
#1544 = CARTESIAN_POINT ( 'NONE',  ( -6.233601076852520100, -0.6257768975473829700, -2.250000000000000400 ) ) ;
#1545 = STYLED_ITEM ( 'NONE', ( #2771 ), #6041 ) ;
#1546 = SURFACE_SIDE_STYLE ('',( #1672 ) ) ;
#1547 = EDGE_CURVE ( 'NONE', #2872, #3935, #1251, .T. ) ;
#1548 = VECTOR ( 'NONE', #2302, 1000.000000000000000 ) ;
#1549 = AXIS2_PLACEMENT_3D ( 'NONE', #1053, #4368, #1535 ) ;
#1550 = DIRECTION ( 'NONE',  ( 0.0000000000000000000, -1.000000000000000000, 4.251773225433350200E-016 ) ) ;
#1551 = COLOUR_RGB ( '',0.8000000000000000400, 0.8039215686274510100, 0.8000000000000000400 ) ;
#1552 = DIRECTION ( 'NONE',  ( -1.000000000000000000, -0.0000000000000000000, -0.0000000000000000000 ) ) ;
#1553 = FACE_OUTER_BOUND ( 'NONE', #6065, .T. ) ;
#1554 = EDGE_CURVE ( 'NONE', #4532, #3903, #3629, .T. ) ;
#1555 = SURFACE_STYLE_USAGE ( .BOTH. , #4390 ) ;
#1556 = EDGE_CURVE ( 'NONE', #2686, #2575, #163, .T. ) ;
#1557 =( LENGTH_UNIT ( ) NAMED_UNIT ( * ) SI_UNIT ( .MILLI., .METRE. ) );
#1558 = LINE ( 'NONE', #3202, #3771 ) ;
#1559 = LINE ( 'NONE', #532, #3928 ) ;
#1560 = DIRECTION ( 'NONE',  ( 1.224646799147353200E-016, -1.000000000000000000, 0.0000000000000000000 ) ) ;
#1561 = VERTEX_POINT ( 'NONE', #545 ) ;
#1562 = ORIENTED_EDGE ( 'NONE', *, *, #4901, .F. ) ;
#1563 = MECHANICAL_DESIGN_GEOMETRIC_PRESENTATION_REPRESENTATION (  '', ( #619 ), #1880 ) ;
#1564 = EDGE_CURVE ( 'NONE', #1849, #2648, #2375, .T. ) ;
#1565 = CARTESIAN_POINT ( 'NONE',  ( -6.699999999999999300, -0.4000000000000008500, -2.900000000000000800 ) ) ;
#1566 = EDGE_LOOP ( 'NONE', ( #5634, #4656, #1166, #2339 ) ) ;
#1567 = ORIENTED_EDGE ( 'NONE', *, *, #1909, .T. ) ;
#1568 = FILL_AREA_STYLE_COLOUR ( '', #1512 ) ;
#1569 = CARTESIAN_POINT ( 'NONE',  ( 1.800000000000000900, 0.5000000000000004400, 3.538675134594816600 ) ) ;
#1570 = ORIENTED_EDGE ( 'NONE', *, *, #1618, .T. ) ;
#1571 = CARTESIAN_POINT ( 'NONE',  ( -5.500000000000000000, 0.5000000000000004400, 1.350000000000000100 ) ) ;
#1572 = LINE ( 'NONE', #4483, #332 ) ;
#1573 = FACE_OUTER_BOUND ( 'NONE', #3603, .T. ) ;
#1574 = MANIFOLD_SOLID_BREP ( 'Mirror2', #3455 ) ;
#1575 = AXIS2_PLACEMENT_3D ( 'NONE', #1441, #2412, #5731 ) ;
#1576 = CARTESIAN_POINT ( 'NONE',  ( -5.500000000000000000, 3.629999999999999900, 0.8499999999999996400 ) ) ;
#1577 = EDGE_CURVE ( 'NONE', #4703, #3845, #1774, .T. ) ;
#1578 = ADVANCED_FACE ( 'NONE', ( #4136 ), #4814, .F. ) ;
#1579 = AXIS2_PLACEMENT_3D ( 'NONE', #1450, #4772, #1935 ) ;
#1580 = ORIENTED_EDGE ( 'NONE', *, *, #5795, .T. ) ;
#1581 = CARTESIAN_POINT ( 'NONE',  ( -5.540000000000000000, -0.4423115893098412100, 0.2500000000000000000 ) ) ;
#1582 = PRESENTATION_STYLE_ASSIGNMENT (( #5737 ) ) ;
#1583 = VECTOR ( 'NONE', #425, 1000.000000000000000 ) ;
#1584 = CARTESIAN_POINT ( 'NONE',  ( -0.2000000000000005100, 2.102264973081036500, -0.1972649730810367200 ) ) ;
#1585 = FACE_OUTER_BOUND ( 'NONE', #3466, .T. ) ;
#1586 = DIRECTION ( 'NONE',  ( -0.0000000000000000000, -1.000000000000000000, -0.0000000000000000000 ) ) ;
#1587 = EDGE_CURVE ( 'NONE', #4180, #3560, #4976, .T. ) ;
#1588 = ORIENTED_EDGE ( 'NONE', *, *, #4094, .F. ) ;
#1589 = CARTESIAN_POINT ( 'NONE',  ( 0.0000000000000000000, 4.699999999999999300, -2.544999999999999900 ) ) ;
#1590 = VECTOR ( 'NONE', #1265, 1000.000000000000000 ) ;
#1591 = LINE ( 'NONE', #2844, #3960 ) ;
#1592 = FILL_AREA_STYLE ('',( #3486 ) ) ;
#1593 = EDGE_LOOP ( 'NONE', ( #4876, #3459, #4797, #2446, #4639, #660, #5169, #1518, #4118, #4110, #3026 ) ) ;
#1594 = AXIS2_PLACEMENT_3D ( 'NONE', #2380, #497, #3791 ) ;
#1595 = VERTEX_POINT ( 'NONE', #2983 ) ;
#1596 = ORIENTED_EDGE ( 'NONE', *, *, #4800, .F. ) ;
#1597 = CARTESIAN_POINT ( 'NONE',  ( -5.000000000000000000, 4.699999999999999300, 3.250000000000000000 ) ) ;
#1598 = CARTESIAN_POINT ( 'NONE',  ( 1.800000000000000500, 9.305929820297226500, 4.309999999999999600 ) ) ;
#1599 = VECTOR ( 'NONE', #198, 1000.000000000000000 ) ;
#1600 = AXIS2_PLACEMENT_3D ( 'NONE', #453, #3750, #909 ) ;
#1601 = EDGE_CURVE ( 'NONE', #6137, #4998, #1175, .T. ) ;
#1602 = ORIENTED_EDGE ( 'NONE', *, *, #419, .F. ) ;
#1603 = VECTOR ( 'NONE', #5509, 1000.000000000000000 ) ;
#1604 = CARTESIAN_POINT ( 'NONE',  ( -2.510000000000000200, 4.530000000000000200, 0.5999999999999999800 ) ) ;
#1605 = ORIENTED_EDGE ( 'NONE', *, *, #5900, .F. ) ;
#1606 = CARTESIAN_POINT ( 'NONE',  ( -0.1299999999999998900, -0.4000000000000000200, 3.349999999999999600 ) ) ;
#1607 = VECTOR ( 'NONE', #4058, 1000.000000000000000 ) ;
#1608 = ORIENTED_EDGE ( 'NONE', *, *, #5588, .F. ) ;
#1609 = ORIENTED_EDGE ( 'NONE', *, *, #1127, .T. ) ;
#1610 = SURFACE_SIDE_STYLE ('',( #191 ) ) ;
#1611 = VECTOR ( 'NONE', #5763, 1000.000000000000000 ) ;
#1612 = ADVANCED_FACE ( 'NONE', ( #4818 ), #2019, .F. ) ;
#1613 = CARTESIAN_POINT ( 'NONE',  ( -6.219660186493931600, -1.980000000000000000, 1.750000000000000000 ) ) ;
#1614 = ORIENTED_EDGE ( 'NONE', *, *, #6136, .F. ) ;
#1615 = CARTESIAN_POINT ( 'NONE',  ( -5.269999999999999600, 4.129999999999999900, -2.814999999999999100 ) ) ;
#1616 = CARTESIAN_POINT ( 'NONE',  ( -6.200000000000000200, 2.538389237197199200, 2.250000000000000400 ) ) ;
#1617 = LINE ( 'NONE', #506, #1466 ) ;
#1618 = EDGE_CURVE ( 'NONE', #1719, #5599, #3924, .T. ) ;
#1619 = ORIENTED_EDGE ( 'NONE', *, *, #3956, .F. ) ;
#1620 = DIRECTION ( 'NONE',  ( 1.000000000000000000, 0.0000000000000000000, 0.0000000000000000000 ) ) ;
#1621 = VECTOR ( 'NONE', #4487, 1000.000000000000000 ) ;
#1622 = SURFACE_SIDE_STYLE ('',( #5535 ) ) ;
#1623 = PRESENTATION_LAYER_ASSIGNMENT (  '', '', ( #981 ) ) ;
#1624 = FACE_OUTER_BOUND ( 'NONE', #134, .T. ) ;
#1625 = CIRCLE ( 'NONE', #5295, 0.09999999999999999200 ) ;
#1626 = CARTESIAN_POINT ( 'NONE',  ( -0.1299999999999988900, -1.592040838891545800E-017, -2.799999999999999800 ) ) ;
#1627 = VERTEX_POINT ( 'NONE', #1571 ) ;
#1628 = DIRECTION ( 'NONE',  ( -0.0000000000000000000, -0.0000000000000000000, -1.000000000000000000 ) ) ;
#1629 = EDGE_CURVE ( 'NONE', #2865, #4412, #165, .T. ) ;
#1630 = CARTESIAN_POINT ( 'NONE',  ( 0.0000000000000000000, 0.0000000000000000000, 5.000000000000000000 ) ) ;
#1631 = MECHANICAL_DESIGN_GEOMETRIC_PRESENTATION_REPRESENTATION (  '', ( #691 ), #1955 ) ;
#1632 = EDGE_CURVE ( 'NONE', #1068, #4917, #5199, .T. ) ;
#1633 = DIRECTION ( 'NONE',  ( 1.000000000000000000, 0.0000000000000000000, 0.0000000000000000000 ) ) ;
#1634 = DIRECTION ( 'NONE',  ( -0.0000000000000000000, 0.0000000000000000000, -1.000000000000000000 ) ) ;
#1635 = ORIENTED_EDGE ( 'NONE', *, *, #5543, .F. ) ;
#1636 = ORIENTED_EDGE ( 'NONE', *, *, #108, .F. ) ;
#1637 = DIRECTION ( 'NONE',  ( 0.0000000000000000000, -6.927809408853064600E-017, -1.000000000000000000 ) ) ;
#1638 = AXIS2_PLACEMENT_3D ( 'NONE', #2699, #6026, #3171 ) ;
#1639 =( NAMED_UNIT ( * ) SI_UNIT ( $, .STERADIAN. ) SOLID_ANGLE_UNIT ( ) );
#1640 = EDGE_CURVE ( 'NONE', #3227, #3126, #1397, .T. ) ;
#1641 = ORIENTED_EDGE ( 'NONE', *, *, #4594, .F. ) ;
#1642 = ADVANCED_FACE ( 'NONE', ( #3768 ), #187, .F. ) ;
#1643 = CARTESIAN_POINT ( 'NONE',  ( -6.699999999999999300, -0.4000000000000008500, 2.899999999999999000 ) ) ;
#1644 = CARTESIAN_POINT ( 'NONE',  ( -6.564732843086535000, 0.2403027167644433400, 0.2500000000000000000 ) ) ;
#1645 = FACE_OUTER_BOUND ( 'NONE', #3575, .T. ) ;
#1646 = ORIENTED_EDGE ( 'NONE', *, *, #905, .F. ) ;
#1647 = CARTESIAN_POINT ( 'NONE',  ( 1.800000000000000500, 9.305929820297226500, -4.309999999999999600 ) ) ;
#1648 = SURFACE_STYLE_FILL_AREA ( #1194 ) ;
#1649 = VECTOR ( 'NONE', #1460, 1000.000000000000000 ) ;
#1650 = CARTESIAN_POINT ( 'NONE',  ( -6.564732843086535000, 2.538389237197200600, 0.2500000000000000000 ) ) ;
#1651 = EDGE_CURVE ( 'NONE', #4496, #2489, #805, .T. ) ;
#1652 = COLOUR_RGB ( '',0.8000000000000000400, 0.8039215686274510100, 0.8000000000000000400 ) ;
#1653 = LINE ( 'NONE', #2870, #4167 ) ;
#1654 = VECTOR ( 'NONE', #1293, 1000.000000000000000 ) ;
#1655 = CARTESIAN_POINT ( 'NONE',  ( -0.1299999999999988700, -0.4000000000000000200, -2.799999999999999800 ) ) ;
#1657 = ORIENTED_EDGE ( 'NONE', *, *, #4692, .F. ) ;
#1656 = FACE_OUTER_BOUND ( 'NONE', #4020, .T. ) ;
#1658 = FILL_AREA_STYLE_COLOUR ( '', #1686 ) ;
#1659 = AXIS2_PLACEMENT_3D ( 'NONE', #3356, #524, #4768 ) ;
#1660 = FACE_OUTER_BOUND ( 'NONE', #3990, .T. ) ;
#1661 = DIRECTION ( 'NONE',  ( -1.224646799147353700E-016, 1.000000000000000000, -2.045664476387749200E-016 ) ) ;
#1662 = CARTESIAN_POINT ( 'NONE',  ( 1.299999999999990700, 1.760000000000000500, -3.250000000000001800 ) ) ;
#1663 = ORIENTED_EDGE ( 'NONE', *, *, #2042, .F. ) ;
#1664 = VERTEX_POINT ( 'NONE', #2099 ) ;
#1665 = DIRECTION ( 'NONE',  ( -1.000000000000000000, 0.0000000000000000000, 0.0000000000000000000 ) ) ;
#1666 = CARTESIAN_POINT ( 'NONE',  ( -1.910000000000000100, 4.530000000000000200, 0.5999999999999999800 ) ) ;
#1667 = EDGE_CURVE ( 'NONE', #5764, #746, #3185, .T. ) ;
#1668 = EDGE_CURVE ( 'NONE', #5289, #5511, #2079, .T. ) ;
#1669 = ORIENTED_EDGE ( 'NONE', *, *, #4449, .T. ) ;
#1670 = VERTEX_POINT ( 'NONE', #3058 ) ;
#1671 = SURFACE_STYLE_USAGE ( .BOTH. , #4508 ) ;
#1672 = SURFACE_STYLE_FILL_AREA ( #4381 ) ;
#1673 = ADVANCED_FACE ( 'NONE', ( #4291 ), #3995, .F. ) ;
#1674 = ORIENTED_EDGE ( 'NONE', *, *, #840, .T. ) ;
#1675 = CARTESIAN_POINT ( 'NONE',  ( -6.919660186493931800, -0.6257768975473813100, 0.2500000000000000000 ) ) ;
#1676 =( NAMED_UNIT ( * ) PLANE_ANGLE_UNIT ( ) SI_UNIT ( $, .RADIAN. ) );
#1677 = PRESENTATION_LAYER_ASSIGNMENT (  '', '', ( #1355 ) ) ;
#1678 = EDGE_CURVE ( 'NONE', #4082, #1240, #673, .T. ) ;
#1679 = CIRCLE ( 'NONE', #473, 0.09999999999999999200 ) ;
#1680 = ORIENTED_EDGE ( 'NONE', *, *, #413, .T. ) ;
#1681 = UNCERTAINTY_MEASURE_WITH_UNIT (LENGTH_MEASURE( 1.000000000000000100E-005 ), #4637, 'distance_accuracy_value', 'NONE');
#1682 = ORIENTED_EDGE ( 'NONE', *, *, #2777, .T. ) ;
#1683 = CARTESIAN_POINT ( 'NONE',  ( 0.0000000000000000000, 4.699999999999999300, 2.544999999999999900 ) ) ;
#1684 = VECTOR ( 'NONE', #2572, 1000.000000000000000 ) ;
#1685 = ORIENTED_EDGE ( 'NONE', *, *, #720, .T. ) ;
#1686 = COLOUR_RGB ( '',0.8000000000000000400, 0.8039215686274510100, 0.8000000000000000400 ) ;
#1687 = SURFACE_SIDE_STYLE ('',( #564 ) ) ;
#1688 = ORIENTED_EDGE ( 'NONE', *, *, #2623, .T. ) ;
#1689 = VECTOR ( 'NONE', #103, 1000.000000000000000 ) ;
#1690 = DIRECTION ( 'NONE',  ( -0.0000000000000000000, 1.000000000000000000, 1.032573497605242300E-016 ) ) ;
#1691 = ORIENTED_EDGE ( 'NONE', *, *, #1228, .F. ) ;
#1692 = DIRECTION ( 'NONE',  ( 0.0000000000000000000, -1.000000000000000000, 4.251773225433350200E-016 ) ) ;
#1693 = FACE_OUTER_BOUND ( 'NONE', #5885, .T. ) ;
#1694 = FILL_AREA_STYLE ('',( #284 ) ) ;
#1695 = PLANE ( 'NONE',  #368 ) ;
#1696 =( GEOMETRIC_REPRESENTATION_CONTEXT ( 3 ) GLOBAL_UNCERTAINTY_ASSIGNED_CONTEXT ( ( #3196 ) ) GLOBAL_UNIT_ASSIGNED_CONTEXT ( ( #6046, #3195, #373 ) ) REPRESENTATION_CONTEXT ( 'NONE', 'WORKASPACE' ) );
#1697 =( NAMED_UNIT ( * ) PLANE_ANGLE_UNIT ( ) SI_UNIT ( $, .RADIAN. ) );
#1698 = LINE ( 'NONE', #531, #448 ) ;
#1699 = DIRECTION ( 'NONE',  ( -0.0000000000000000000, 1.000000000000000000, -0.0000000000000000000 ) ) ;
#1700 = EDGE_CURVE ( 'NONE', #4763, #4302, #4443, .T. ) ;
#1701 = FACE_OUTER_BOUND ( 'NONE', #3776, .T. ) ;
#1702 = AXIS2_PLACEMENT_3D ( 'NONE', #5584, #4141, #2730 ) ;
#1703 = VERTEX_POINT ( 'NONE', #5424 ) ;
#1704 = ADVANCED_FACE ( 'NONE', ( #1776 ), #3072, .F. ) ;
#1705 = VECTOR ( 'NONE', #47, 1000.000000000000000 ) ;
#1706 =( NAMED_UNIT ( * ) SI_UNIT ( $, .STERADIAN. ) SOLID_ANGLE_UNIT ( ) );
#1707 = EDGE_CURVE ( 'NONE', #1531, #5559, #3050, .T. ) ;
#1708 = DIRECTION ( 'NONE',  ( -0.0000000000000000000, 0.0000000000000000000, 1.000000000000000000 ) ) ;
#1709 = EDGE_CURVE ( 'NONE', #25, #1296, #2900, .T. ) ;
#1710 = ORIENTED_EDGE ( 'NONE', *, *, #4233, .F. ) ;
#1711 = ORIENTED_EDGE ( 'NONE', *, *, #2127, .T. ) ;
#1712 = DIRECTION ( 'NONE',  ( -6.821946253841378900E-016, 0.0000000000000000000, -1.000000000000000000 ) ) ;
#1713 = EDGE_LOOP ( 'NONE', ( #3813, #2867, #2050, #3454 ) ) ;
#1714 = ORIENTED_EDGE ( 'NONE', *, *, #675, .F. ) ;
#1715 = PRESENTATION_LAYER_ASSIGNMENT (  '', '', ( #1078 ) ) ;
#1716 = EDGE_CURVE ( 'NONE', #4208, #4811, #5426, .T. ) ;
#1717 = FILL_AREA_STYLE_COLOUR ( '', #360 ) ;
#1718 = FILL_AREA_STYLE_COLOUR ( '', #73 ) ;
#1719 = VERTEX_POINT ( 'NONE', #4033 ) ;
#1720 = VECTOR ( 'NONE', #3148, 1000.000000000000000 ) ;
#1721 = VECTOR ( 'NONE', #3068, 1000.000000000000000 ) ;
#1722 = PRESENTATION_LAYER_ASSIGNMENT (  '', '', ( #1089 ) ) ;
#1723 = DIRECTION ( 'NONE',  ( 0.0000000000000000000, 0.0000000000000000000, 1.000000000000000000 ) ) ;
#1724 = SURFACE_STYLE_FILL_AREA ( #5529 ) ;
#1725 = CARTESIAN_POINT ( 'NONE',  ( -1.910000000000000100, 4.530000000000000200, -0.5999999999999999800 ) ) ;
#1726 = LINE ( 'NONE', #4905, #5377 ) ;
#1727 = CARTESIAN_POINT ( 'NONE',  ( -0.2000000000000005100, 2.102264973081036500, 0.0000000000000000000 ) ) ;
#1728 = FILL_AREA_STYLE_COLOUR ( '', #4926 ) ;
#1730 = VERTEX_POINT ( 'NONE', #4509 ) ;
#1729 = PRESENTATION_STYLE_ASSIGNMENT (( #4956 ) ) ;
#1731 = CARTESIAN_POINT ( 'NONE',  ( -5.000000000000000000, 0.5000000000000004400, 0.8499999999999998700 ) ) ;
#1732 = SURFACE_STYLE_FILL_AREA ( #5260 ) ;
#1733 = LINE ( 'NONE', #5136, #3017 ) ;
#1734 = DIRECTION ( 'NONE',  ( 4.470936793754660800E-016, 5.475318433661775700E-032, 1.000000000000000000 ) ) ;
#1735 = ADVANCED_FACE ( 'NONE', ( #4137 ), #241, .F. ) ;
#1736 = FACE_OUTER_BOUND ( 'NONE', #6058, .T. ) ;
#1737 =( GEOMETRIC_REPRESENTATION_CONTEXT ( 3 ) GLOBAL_UNCERTAINTY_ASSIGNED_CONTEXT ( ( #2511 ) ) GLOBAL_UNIT_ASSIGNED_CONTEXT ( ( #2986, #633, #1101 ) ) REPRESENTATION_CONTEXT ( 'NONE', 'WORKASPACE' ) );
#1738 = VERTEX_POINT ( 'NONE', #5485 ) ;
#1739 =( NAMED_UNIT ( * ) PLANE_ANGLE_UNIT ( ) SI_UNIT ( $, .RADIAN. ) );
#1740 = VECTOR ( 'NONE', #3572, 1000.000000000000000 ) ;
#1741 = LINE ( 'NONE', #461, #2859 ) ;
#1742 = SURFACE_STYLE_USAGE ( .BOTH. , #5066 ) ;
#1743 = DIRECTION ( 'NONE',  ( 0.0000000000000000000, -0.0000000000000000000, -1.000000000000000000 ) ) ;
#1744 = ORIENTED_EDGE ( 'NONE', *, *, #3115, .F. ) ;
#1745 = PRESENTATION_LAYER_ASSIGNMENT (  '', '', ( #1418 ) ) ;
#1746 = ORIENTED_EDGE ( 'NONE', *, *, #1640, .T. ) ;
#1747 = ORIENTED_EDGE ( 'NONE', *, *, #720, .F. ) ;
#1748 = FACE_OUTER_BOUND ( 'NONE', #845, .T. ) ;
#1749 = AXIS2_PLACEMENT_3D ( 'NONE', #3562, #1196, #5002 ) ;
#1750 = CARTESIAN_POINT ( 'NONE',  ( -6.919660186493931800, -1.980000000000000000, 1.750000000000000000 ) ) ;
#1751 = DIRECTION ( 'NONE',  ( -8.340016711426963900E-017, -1.021357477048446600E-032, 1.000000000000000000 ) ) ;
#1752 = ORIENTED_EDGE ( 'NONE', *, *, #5178, .F. ) ;
#1753 = VECTOR ( 'NONE', #3129, 1000.000000000000000 ) ;
#1754 = CARTESIAN_POINT ( 'NONE',  ( -6.722357513454902300, -0.1443267468550100400, 2.250000000000000400 ) ) ;
#1755 = EDGE_CURVE ( 'NONE', #1006, #3028, #1475, .T. ) ;
#1756 = AXIS2_PLACEMENT_3D ( 'NONE', #1431, #4760, #1920 ) ;
#1757 = CARTESIAN_POINT ( 'NONE',  ( -6.564732843086535000, 0.2403027167644433400, 1.750000000000000000 ) ) ;
#1758 = CARTESIAN_POINT ( 'NONE',  ( 0.0000000000000000000, 0.0000000000000000000, 0.0000000000000000000 ) ) ;
#1759 = DIRECTION ( 'NONE',  ( 0.0000000000000000000, -0.0000000000000000000, -1.000000000000000000 ) ) ;
#1760 = ORIENTED_EDGE ( 'NONE', *, *, #4410, .F. ) ;
#1761 = CARTESIAN_POINT ( 'NONE',  ( -6.799999999999999800, 5.200000000000000200, -2.814999999999998600 ) ) ;
#1762 = UNCERTAINTY_MEASURE_WITH_UNIT (LENGTH_MEASURE( 1.000000000000000100E-005 ), #5407, 'distance_accuracy_value', 'NONE');
#1763 = CARTESIAN_POINT ( 'NONE',  ( -6.200000000000000200, 3.529999999999999800, 2.500000000000000000 ) ) ;
#1764 = CARTESIAN_POINT ( 'NONE',  ( -0.3000000000000016500, 2.160000000000000100, 0.2550000000000000000 ) ) ;
#1765 = EDGE_CURVE ( 'NONE', #3216, #5563, #2746, .T. ) ;
#1766 = VECTOR ( 'NONE', #3839, 1000.000000000000100 ) ;
#1767 = ORIENTED_EDGE ( 'NONE', *, *, #398, .F. ) ;
#1768 = LINE ( 'NONE', #918, #514 ) ;
#1769 = ADVANCED_FACE ( 'NONE', ( #5126 ), #1218, .T. ) ;
#1770 = DIRECTION ( 'NONE',  ( 0.0000000000000000000, 1.000000000000000000, -0.0000000000000000000 ) ) ;
#1771 = CARTESIAN_POINT ( 'NONE',  ( 0.0000000000000000000, 4.699999999999999300, 2.544999999999999900 ) ) ;
#1772 = ORIENTED_EDGE ( 'NONE', *, *, #5068, .T. ) ;
#1773 = DIRECTION ( 'NONE',  ( 0.0000000000000000000, 0.0000000000000000000, 1.000000000000000000 ) ) ;
#1774 = LINE ( 'NONE', #1972, #519 ) ;
#1775 = CARTESIAN_POINT ( 'NONE',  ( -0.3000000000000016500, 1.649999999999986100, 1.744999999999999900 ) ) ;
#1776 = FACE_OUTER_BOUND ( 'NONE', #652, .T. ) ;
#1777 = LINE ( 'NONE', #4739, #4672 ) ;
#1778 = CARTESIAN_POINT ( 'NONE',  ( -5.000000000000000000, 1.649999999999986100, 2.254999999999999900 ) ) ;
#1779 = SURFACE_STYLE_USAGE ( .BOTH. , #4613 ) ;
#1780 = AXIS2_PLACEMENT_3D ( 'NONE', #4179, #1341, #4669 ) ;
#1781 = CARTESIAN_POINT ( 'NONE',  ( -5.440000000000000400, -0.01862330312848323900, 3.809999999999999600 ) ) ;
#1782 = ORIENTED_EDGE ( 'NONE', *, *, #366, .T. ) ;
#1783 = ORIENTED_EDGE ( 'NONE', *, *, #3975, .T. ) ;
#1784 = DIRECTION ( 'NONE',  ( -1.224646799147353200E-016, 1.000000000000000000, 0.0000000000000000000 ) ) ;
#1785 = AXIS2_PLACEMENT_3D ( 'NONE', #966, #4799, #1959 ) ;
#1786 = ORIENTED_EDGE ( 'NONE', *, *, #5667, .T. ) ;
#1787 = VERTEX_POINT ( 'NONE', #5083 ) ;
#1788 = DIRECTION ( 'NONE',  ( 1.000000000000000000, -0.0000000000000000000, -2.468771550251623500E-016 ) ) ;
#1789 = EDGE_CURVE ( 'NONE', #1595, #3251, #4671, .T. ) ;
#1790 = CARTESIAN_POINT ( 'NONE',  ( -5.000000000000000000, 1.649999999999999900, -1.744999999999999900 ) ) ;
#1791 = CARTESIAN_POINT ( 'NONE',  ( -1.910000000000000100, 4.530000000000000200, 0.5999999999999999800 ) ) ;
#1792 = EDGE_CURVE ( 'NONE', #4286, #3173, #3407, .T. ) ;
#1793 = ORIENTED_EDGE ( 'NONE', *, *, #3587, .F. ) ;
#1794 = DIRECTION ( 'NONE',  ( -1.000000000000000000, 0.0000000000000000000, -0.0000000000000000000 ) ) ;
#1795 = VECTOR ( 'NONE', #4607, 1000.000000000000000 ) ;
#1796 = APPLICATION_PROTOCOL_DEFINITION ( 'draft international standard', 'automotive_design', 1998, #4636 ) ;
#1797 = ADVANCED_FACE ( 'NONE', ( #4511 ), #307, .F. ) ;
#1798 =( NAMED_UNIT ( * ) PLANE_ANGLE_UNIT ( ) SI_UNIT ( $, .RADIAN. ) );
#1799 = AXIS2_PLACEMENT_3D ( 'NONE', #3862, #2976, #140 ) ;
#1800 = PLANE ( 'NONE',  #685 ) ;
#1801 = EDGE_CURVE ( 'NONE', #4461, #3126, #5353, .T. ) ;
#1802 = CARTESIAN_POINT ( 'NONE',  ( 1.800000000000001200, 1.471324865405184500, -4.310000000000001400 ) ) ;
#1803 = DIRECTION ( 'NONE',  ( -1.000000000000000000, -1.224646799147353200E-016, 0.0000000000000000000 ) ) ;
#1804 = DIRECTION ( 'NONE',  ( -0.7745966692414828500, -0.4472135954999583700, -0.4472135954999583700 ) ) ;
#1805 = LINE ( 'NONE', #209, #3073 ) ;
#1806 = DIRECTION ( 'NONE',  ( -1.000000000000000000, -0.0000000000000000000, -0.0000000000000000000 ) ) ;
#1807 = CARTESIAN_POINT ( 'NONE',  ( -6.919660186493931800, -0.6257768975473811900, -1.750000000000000200 ) ) ;
#1808 = ORIENTED_EDGE ( 'NONE', *, *, #1547, .T. ) ;
#1809 = SURFACE_STYLE_FILL_AREA ( #2788 ) ;
#1810 = VECTOR ( 'NONE', #162, 1000.000000000000000 ) ;
#1811 = DIRECTION ( 'NONE',  ( 1.000000000000000000, 0.0000000000000000000, 0.0000000000000000000 ) ) ;
#1812 = CARTESIAN_POINT ( 'NONE',  ( -0.1299999999999993400, -0.3000000000000000400, -2.168404344970999900E-017 ) ) ;
#1813 = VERTEX_POINT ( 'NONE', #839 ) ;
#1814 = VERTEX_POINT ( 'NONE', #4638 ) ;
#1815 = AXIS2_PLACEMENT_3D ( 'NONE', #5469, #2625, #5944 ) ;
#1816 = COLOUR_RGB ( '',0.8000000000000000400, 0.8039215686274510100, 0.8000000000000000400 ) ;
#1817 = EDGE_CURVE ( 'NONE', #4510, #688, #2668, .T. ) ;
#1818 = CARTESIAN_POINT ( 'NONE',  ( -6.799999999999999800, -0.4000000000000008500, -2.800000000000000700 ) ) ;
#1819 =( GEOMETRIC_REPRESENTATION_CONTEXT ( 3 ) GLOBAL_UNCERTAINTY_ASSIGNED_CONTEXT ( ( #4902 ) ) GLOBAL_UNIT_ASSIGNED_CONTEXT ( ( #718, #4024, #1190 ) ) REPRESENTATION_CONTEXT ( 'NONE', 'WORKASPACE' ) );
#1820 = DIRECTION ( 'NONE',  ( -1.000000000000000000, 0.0000000000000000000, 0.0000000000000000000 ) ) ;
#1821 = ORIENTED_EDGE ( 'NONE', *, *, #4610, .T. ) ;
#1822 = CARTESIAN_POINT ( 'NONE',  ( -5.000000000000000000, 0.4999999999999995600, -3.250000000000000400 ) ) ;
#1823 = ORIENTED_EDGE ( 'NONE', *, *, #2725, .T. ) ;
#1824 = DIRECTION ( 'NONE',  ( 0.0000000000000000000, -2.045664476387748000E-016, 1.000000000000000000 ) ) ;
#1825 = VECTOR ( 'NONE', #2138, 1000.000000000000000 ) ;
#1826 = ORIENTED_EDGE ( 'NONE', *, *, #5598, .T. ) ;
#1827 = ADVANCED_FACE ( 'NONE', ( #160 ), #1800, .F. ) ;
#1828 = DIRECTION ( 'NONE',  ( 0.0000000000000000000, 0.0000000000000000000, 1.000000000000000000 ) ) ;
#1829 = ORIENTED_EDGE ( 'NONE', *, *, #6081, .T. ) ;
#1830 = VERTEX_POINT ( 'NONE', #2281 ) ;
#1831 = DIRECTION ( 'NONE',  ( 0.0000000000000000000, 0.0000000000000000000, 1.000000000000000000 ) ) ;
#1832 = VERTEX_POINT ( 'NONE', #2780 ) ;
#1833 = AXIS2_PLACEMENT_3D ( 'NONE', #2909, #79, #538 ) ;
#1834 = LINE ( 'NONE', #2627, #2970 ) ;
#1835 = DIRECTION ( 'NONE',  ( -1.000000000000000000, -0.0000000000000000000, -0.0000000000000000000 ) ) ;
#1836 = EDGE_CURVE ( 'NONE', #2764, #1195, #5868, .T. ) ;
#1837 = EDGE_LOOP ( 'NONE', ( #2856, #528, #928, #4558 ) ) ;
#1838 = PRESENTATION_STYLE_ASSIGNMENT (( #3887 ) ) ;
#1839 = CARTESIAN_POINT ( 'NONE',  ( -6.800000000000000700, -8.327598234202002100E-016, 2.799999999999998900 ) ) ;
#1840 = LINE ( 'NONE', #1026, #4355 ) ;
#1841 = DIRECTION ( 'NONE',  ( -0.0000000000000000000, -0.0000000000000000000, -1.000000000000000000 ) ) ;
#1842 = DIRECTION ( 'NONE',  ( 0.0000000000000000000, 1.000000000000000000, 0.0000000000000000000 ) ) ;
#1843 = EDGE_CURVE ( 'NONE', #1524, #3296, #942, .T. ) ;
#1844 = LINE ( 'NONE', #6066, #444 ) ;
#1845 = LINE ( 'NONE', #2899, #4214 ) ;
#1846 = LINE ( 'NONE', #2571, #598 ) ;
#1847 = SURFACE_STYLE_USAGE ( .BOTH. , #4695 ) ;
#1848 = DIRECTION ( 'NONE',  ( 0.0000000000000000000, 1.000000000000000000, 0.0000000000000000000 ) ) ;
#1849 = VERTEX_POINT ( 'NONE', #4194 ) ;
#1850 = ORIENTED_EDGE ( 'NONE', *, *, #5545, .T. ) ;
#1851 = FILL_AREA_STYLE ('',( #1369 ) ) ;
#1852 = VECTOR ( 'NONE', #2852, 1000.000000000000000 ) ;
#1853 = FILL_AREA_STYLE ('',( #1370 ) ) ;
#1854 =( GEOMETRIC_REPRESENTATION_CONTEXT ( 3 ) GLOBAL_UNCERTAINTY_ASSIGNED_CONTEXT ( ( #2239 ) ) GLOBAL_UNIT_ASSIGNED_CONTEXT ( ( #1257, #4092, #4072 ) ) REPRESENTATION_CONTEXT ( 'NONE', 'WORKASPACE' ) );
#1855 = ORIENTED_EDGE ( 'NONE', *, *, #5178, .T. ) ;
#1856 = ADVANCED_FACE ( 'NONE', ( #4744 ), #6102, .F. ) ;
#1857 = ORIENTED_EDGE ( 'NONE', *, *, #366, .F. ) ;
#1858 = CARTESIAN_POINT ( 'NONE',  ( -0.3000000000000016500, 1.649999999999999900, 0.2550000000000002300 ) ) ;
#1859 = SURFACE_STYLE_USAGE ( .BOTH. , #4704 ) ;
#1860 = PRESENTATION_LAYER_ASSIGNMENT (  '', '', ( #1545 ) ) ;
#1861 = DIRECTION ( 'NONE',  ( -0.0000000000000000000, -1.000000000000000000, -0.0000000000000000000 ) ) ;
#1862 = ORIENTED_EDGE ( 'NONE', *, *, #2680, .T. ) ;
#1863 = PRESENTATION_LAYER_ASSIGNMENT (  '', '', ( #1229 ) ) ;
#1864 = VERTEX_POINT ( 'NONE', #6117 ) ;
#1865 = DIRECTION ( 'NONE',  ( -0.0000000000000000000, -1.000000000000000000, -0.0000000000000000000 ) ) ;
#1866 = SURFACE_STYLE_FILL_AREA ( #5685 ) ;
#1867 = EDGE_LOOP ( 'NONE', ( #4834, #747, #2828, #3420 ) ) ;
#1868 = CARTESIAN_POINT ( 'NONE',  ( 0.0000000000000000000, 0.0000000000000000000, 5.000000000000000000 ) ) ;
#1869 = EDGE_CURVE ( 'NONE', #5884, #1595, #2227, .T. ) ;
#1870 = DIRECTION ( 'NONE',  ( -1.000000000000000000, 0.0000000000000000000, 0.0000000000000000000 ) ) ;
#1871 = VECTOR ( 'NONE', #2675, 1000.000000000000000 ) ;
#1872 = AXIS2_PLACEMENT_3D ( 'NONE', #2132, #5449, #2614 ) ;
#1873 = EDGE_CURVE ( 'NONE', #3513, #4456, #800, .T. ) ;
#1874 = LINE ( 'NONE', #4962, #5673 ) ;
#1875 = CARTESIAN_POINT ( 'NONE',  ( -6.799999999999999800, -8.327598234202001100E-016, 3.349999999999999600 ) ) ;
#1876 = CARTESIAN_POINT ( 'NONE',  ( 0.0000000000000000000, 3.629999999999999900, -2.544999999999999900 ) ) ;
#1877 = LINE ( 'NONE', #3605, #4242 ) ;
#1878 = CYLINDRICAL_SURFACE ( 'NONE', #2628, 0.3999999999999998600 ) ;
#1879 = DIRECTION ( 'NONE',  ( -1.000000000000000000, -0.0000000000000000000, -0.0000000000000000000 ) ) ;
#1880 =( GEOMETRIC_REPRESENTATION_CONTEXT ( 3 ) GLOBAL_UNCERTAINTY_ASSIGNED_CONTEXT ( ( #5915 ) ) GLOBAL_UNIT_ASSIGNED_CONTEXT ( ( #5177, #2330, #5660 ) ) REPRESENTATION_CONTEXT ( 'NONE', 'WORKASPACE' ) );
#1881 = EDGE_CURVE ( 'NONE', #1814, #3028, #2073, .T. ) ;
#1883 = ORIENTED_EDGE ( 'NONE', *, *, #3642, .T. ) ;
#1882 = LINE ( 'NONE', #217, #4249 ) ;
#1884 = PLANE ( 'NONE',  #275 ) ;
#1885 = VECTOR ( 'NONE', #4268, 1000.000000000000000 ) ;
#1886 = CARTESIAN_POINT ( 'NONE',  ( -6.219660186493931600, -1.980000000000000000, -1.750000000000000200 ) ) ;
#1887 = DIRECTION ( 'NONE',  ( 1.000000000000000000, 0.0000000000000000000, 0.0000000000000000000 ) ) ;
#1888 = EDGE_LOOP ( 'NONE', ( #237, #1161, #3264, #4548 ) ) ;
#1889 = LINE ( 'NONE', #4706, #637 ) ;
#1890 = ADVANCED_FACE ( 'NONE', ( #3180 ), #5191, .T. ) ;
#1891 =( NAMED_UNIT ( * ) SI_UNIT ( $, .STERADIAN. ) SOLID_ANGLE_UNIT ( ) );
#1892 = DIRECTION ( 'NONE',  ( 1.000000000000000000, 1.224646799147353500E-016, -1.906289534040449200E-016 ) ) ;
#1893 = VERTEX_POINT ( 'NONE', #1858 ) ;
#1894 = ORIENTED_EDGE ( 'NONE', *, *, #3284, .F. ) ;
#1895 = ORIENTED_EDGE ( 'NONE', *, *, #1564, .F. ) ;
#1896 = CARTESIAN_POINT ( 'NONE',  ( -6.219660186493931600, -1.980000000000000000, 0.2500000000000000000 ) ) ;
#1897 = VECTOR ( 'NONE', #2552, 1000.000000000000000 ) ;
#1898 = DIRECTION ( 'NONE',  ( 0.0000000000000000000, 1.000000000000000000, 0.0000000000000000000 ) ) ;
#1899 = VERTEX_POINT ( 'NONE', #5689 ) ;
#1900 = EDGE_CURVE ( 'NONE', #1531, #318, #1468, .T. ) ;
#1901 = AXIS2_PLACEMENT_3D ( 'NONE', #947, #5235, #2397 ) ;
#1902 = ORIENTED_EDGE ( 'NONE', *, *, #267, .F. ) ;
#1903 = FILL_AREA_STYLE_COLOUR ( '', #234 ) ;
#1904 = ORIENTED_EDGE ( 'NONE', *, *, #253, .F. ) ;
#1905 = PLANE ( 'NONE',  #635 ) ;
#1906 = FACE_OUTER_BOUND ( 'NONE', #3472, .T. ) ;
#1907 = DIRECTION ( 'NONE',  ( -0.0000000000000000000, 0.0000000000000000000, -1.000000000000000000 ) ) ;
#1908 = PRESENTATION_STYLE_ASSIGNMENT (( #1742 ) ) ;
#1909 = EDGE_CURVE ( 'NONE', #3799, #869, #5121, .T. ) ;
#1910 = EDGE_LOOP ( 'NONE', ( #245, #2908, #679, #1635 ) ) ;
#1911 = EDGE_CURVE ( 'NONE', #3845, #201, #2740, .T. ) ;
#1912 = ORIENTED_EDGE ( 'NONE', *, *, #311, .F. ) ;
#1913 = PRESENTATION_STYLE_ASSIGNMENT (( #221 ) ) ;
#1914 = LINE ( 'NONE', #1961, #513 ) ;
#1915 = CARTESIAN_POINT ( 'NONE',  ( -0.1299999999999995900, -0.3000000000000000400, 2.899999999999999900 ) ) ;
#1916 = ORIENTED_EDGE ( 'NONE', *, *, #2997, .T. ) ;
#1917 = LINE ( 'NONE', #3780, #5417 ) ;
#1918 = PRESENTATION_LAYER_ASSIGNMENT (  '', '', ( #1274 ) ) ;
#1919 = VECTOR ( 'NONE', #1376, 1000.000000000000000 ) ;
#1920 = DIRECTION ( 'NONE',  ( 1.000000000000000000, 0.0000000000000000000, 0.0000000000000000000 ) ) ;
#1921 = EDGE_CURVE ( 'NONE', #1195, #4073, #2601, .T. ) ;
#1922 = ADVANCED_FACE ( 'NONE', ( #1171 ), #4813, .T. ) ;
#1923 =( LENGTH_UNIT ( ) NAMED_UNIT ( * ) SI_UNIT ( .MILLI., .METRE. ) );
#1924 = PLANE ( 'NONE',  #4160 ) ;
#1925 = VECTOR ( 'NONE', #2581, 1000.000000000000000 ) ;
#1926 = PLANE ( 'NONE',  #2499 ) ;
#1927 = DIRECTION ( 'NONE',  ( 0.0000000000000000000, -1.000000000000000000, 0.0000000000000000000 ) ) ;
#1928 = FACE_OUTER_BOUND ( 'NONE', #1910, .T. ) ;
#1929 = CARTESIAN_POINT ( 'NONE',  ( -6.219660186493931600, -1.980000000000000000, -2.250000000000000400 ) ) ;
#1930 = DIRECTION ( 'NONE',  ( 0.0000000000000000000, 1.000000000000000000, 1.032573497605242300E-016 ) ) ;
#1931 = DIRECTION ( 'NONE',  ( 1.000000000000000000, 1.224646799147353200E-016, -0.0000000000000000000 ) ) ;
#1932 = VERTEX_POINT ( 'NONE', #37 ) ;
#1933 = VERTEX_POINT ( 'NONE', #3327 ) ;
#1934 = CARTESIAN_POINT ( 'NONE',  ( -6.233601076852520100, -0.6257768975473829700, 2.250000000000000400 ) ) ;
#1935 = DIRECTION ( 'NONE',  ( 1.000000000000000000, 0.0000000000000000000, 0.0000000000000000000 ) ) ;
#1936 = ORIENTED_EDGE ( 'NONE', *, *, #4893, .T. ) ;
#1937 = EDGE_LOOP ( 'NONE', ( #150, #1231, #5702, #3155 ) ) ;
#1938 = EDGE_CURVE ( 'NONE', #5902, #2508, #1320, .T. ) ;
#1939 = CARTESIAN_POINT ( 'NONE',  ( -6.219660186493931600, -0.9799999999999999800, -0.2500000000000000000 ) ) ;
#1940 = CARTESIAN_POINT ( 'NONE',  ( -6.233601076852520100, -0.6257768975473829700, -1.750000000000000200 ) ) ;
#1941 = STYLED_ITEM ( 'NONE', ( #4187 ), #465 ) ;
#1942 = PLANE ( 'NONE',  #6062 ) ;
#1943 = ORIENTED_EDGE ( 'NONE', *, *, #3257, .T. ) ;
#1944 = CARTESIAN_POINT ( 'NONE',  ( 0.8300000000000006300, 1.016456843292304000E-016, -1.684999999999999800 ) ) ;
#1945 = SHAPE_DEFINITION_REPRESENTATION ( #2793, #726 ) ;
#1946 = CARTESIAN_POINT ( 'NONE',  ( -5.440000000000000400, -0.01862330312848323900, 4.309999999999999600 ) ) ;
#1947 = DIRECTION ( 'NONE',  ( 0.0000000000000000000, 0.0000000000000000000, -1.000000000000000000 ) ) ;
#1948 = MECHANICAL_DESIGN_GEOMETRIC_PRESENTATION_REPRESENTATION (  '', ( #981 ), #2274 ) ;
#1949 = CARTESIAN_POINT ( 'NONE',  ( -0.3000000000000016500, 1.649999999999986100, 2.254999999999999900 ) ) ;
#1950 = UNCERTAINTY_MEASURE_WITH_UNIT (LENGTH_MEASURE( 1.000000000000000100E-005 ), #2693, 'distance_accuracy_value', 'NONE');
#1951 = EDGE_CURVE ( 'NONE', #686, #2849, #2453, .T. ) ;
#1952 = ADVANCED_FACE ( 'NONE', ( #5936 ), #1924, .F. ) ;
#1953 = PRODUCT ( '974', '974', '', ( #1318 ) ) ;
#1954 = CARTESIAN_POINT ( 'NONE',  ( -6.200000000000000200, 3.529999999999999800, -2.500000000000000000 ) ) ;
#1955 =( GEOMETRIC_REPRESENTATION_CONTEXT ( 3 ) GLOBAL_UNCERTAINTY_ASSIGNED_CONTEXT ( ( #1681 ) ) GLOBAL_UNIT_ASSIGNED_CONTEXT ( ( #4637, #1798, #5131 ) ) REPRESENTATION_CONTEXT ( 'NONE', 'WORKASPACE' ) );
#1956 = ORIENTED_EDGE ( 'NONE', *, *, #1667, .T. ) ;
#1957 = VECTOR ( 'NONE', #3487, 1000.000000000000000 ) ;
#1958 = EDGE_CURVE ( 'NONE', #770, #2756, #6083, .T. ) ;
#1959 = DIRECTION ( 'NONE',  ( 1.224646799147353200E-016, -1.000000000000000000, 0.0000000000000000000 ) ) ;
#1960 = ORIENTED_EDGE ( 'NONE', *, *, #3259, .F. ) ;
#1961 = CARTESIAN_POINT ( 'NONE',  ( -5.069999999999999400, 0.4300090093458146000, -0.3960850015576333800 ) ) ;
#1962 =( NAMED_UNIT ( * ) SI_UNIT ( $, .STERADIAN. ) SOLID_ANGLE_UNIT ( ) );
#1963 = EDGE_LOOP ( 'NONE', ( #3904, #3385, #3160, #4106 ) ) ;
#1964 = DIRECTION ( 'NONE',  ( -1.000000000000000000, -1.224646799147353200E-016, 0.0000000000000000000 ) ) ;
#1965 = VECTOR ( 'NONE', #2478, 1000.000000000000000 ) ;
#1966 = DIRECTION ( 'NONE',  ( 1.000000000000000000, 1.224646799147353500E-016, -0.0000000000000000000 ) ) ;
#1967 = EDGE_CURVE ( 'NONE', #1264, #806, #2293, .T. ) ;
#1968 = ORIENTED_EDGE ( 'NONE', *, *, #1556, .T. ) ;
#1969 = ORIENTED_EDGE ( 'NONE', *, *, #4054, .F. ) ;
#1970 = FACE_OUTER_BOUND ( 'NONE', #2513, .T. ) ;
#1971 = CARTESIAN_POINT ( 'NONE',  ( -6.200000000000000200, 2.903122080283735000, -1.750000000000000200 ) ) ;
#1972 = CARTESIAN_POINT ( 'NONE',  ( 5.278227704325092200E-016, 6.463964663272606400E-032, -4.309999999999999600 ) ) ;
#1973 = EDGE_LOOP ( 'NONE', ( #4525, #3931, #2449, #4657 ) ) ;
#1974 = ORIENTED_EDGE ( 'NONE', *, *, #4083, .T. ) ;
#1975 = CARTESIAN_POINT ( 'NONE',  ( -6.200000000000000200, 0.0000000000000000000, -1.750000000000000200 ) ) ;
#1976 = DIRECTION ( 'NONE',  ( 0.0000000000000000000, -0.0000000000000000000, 1.000000000000000000 ) ) ;
#1977 =( NAMED_UNIT ( * ) PLANE_ANGLE_UNIT ( ) SI_UNIT ( $, .RADIAN. ) );
#1978 = EDGE_CURVE ( 'NONE', #5442, #5902, #3402, .T. ) ;
#1979 = ORIENTED_EDGE ( 'NONE', *, *, #4124, .F. ) ;
#1980 = PRESENTATION_STYLE_ASSIGNMENT (( #2723 ) ) ;
#1981 =( NAMED_UNIT ( * ) PLANE_ANGLE_UNIT ( ) SI_UNIT ( $, .RADIAN. ) );
#1982 = CARTESIAN_POINT ( 'NONE',  ( 5.008805408512673600E-016, 4.129999999999999900, 2.044999999999999900 ) ) ;
#1983 = CARTESIAN_POINT ( 'NONE',  ( 4.898587196589413100E-017, -0.4000000000000000200, 0.0000000000000000000 ) ) ;
#1984 = ORIENTED_EDGE ( 'NONE', *, *, #2469, .T. ) ;
#1985 = PLANE ( 'NONE',  #838 ) ;
#1986 = AXIS2_PLACEMENT_3D ( 'NONE', #587, #1050, #4366 ) ;
#1987 = PRESENTATION_STYLE_ASSIGNMENT (( #2000 ) ) ;
#1988 = UNCERTAINTY_MEASURE_WITH_UNIT (LENGTH_MEASURE( 1.000000000000000100E-005 ), #3071, 'distance_accuracy_value', 'NONE');
#1989 = SURFACE_STYLE_USAGE ( .BOTH. , #4827 ) ;
#1990 = ORIENTED_EDGE ( 'NONE', *, *, #1629, .F. ) ;
#1991 = LINE ( 'NONE', #3490, #5783 ) ;
#1992 = CARTESIAN_POINT ( 'NONE',  ( -5.000000000000000000, 0.4999999999999995600, -1.350000000000000100 ) ) ;
#1993 = ORIENTED_EDGE ( 'NONE', *, *, #692, .T. ) ;
#1994 = CARTESIAN_POINT ( 'NONE',  ( -5.000000000000000000, 3.629999999999999900, -2.544999999999999900 ) ) ;
#1995 = VECTOR ( 'NONE', #2476, 1000.000000000000000 ) ;
#1996 = CARTESIAN_POINT ( 'NONE',  ( -6.800000000000000700, -8.327598234202002100E-016, 3.449999999999999300 ) ) ;
#1997 = VECTOR ( 'NONE', #540, 1000.000000000000000 ) ;
#1998 = EDGE_CURVE ( 'NONE', #791, #3274, #2150, .T. ) ;
#1999 = FILL_AREA_STYLE_COLOUR ( '', #5422 ) ;
#2000 = SURFACE_STYLE_USAGE ( .BOTH. , #4837 ) ;
#2001 = DIRECTION ( 'NONE',  ( -1.000000000000000000, -1.224646799147353000E-016, 0.0000000000000000000 ) ) ;
#2002 = ORIENTED_EDGE ( 'NONE', *, *, #81, .F. ) ;
#2003 = PRESENTATION_STYLE_ASSIGNMENT (( #1779 ) ) ;
#2004 = LINE ( 'NONE', #965, #5646 ) ;
#2005 = MECHANICAL_DESIGN_GEOMETRIC_PRESENTATION_REPRESENTATION (  '', ( #1355 ), #2321 ) ;
#2006 = DIRECTION ( 'NONE',  ( 0.0000000000000000000, 0.0000000000000000000, -1.000000000000000000 ) ) ;
#2007 = EDGE_CURVE ( 'NONE', #4078, #2464, #5789, .T. ) ;
#2008 = LINE ( 'NONE', #5448, #449 ) ;
#2009 = CARTESIAN_POINT ( 'NONE',  ( -6.564732843086535000, 0.2403027167644433400, -1.750000000000000200 ) ) ;
#2010 = DIRECTION ( 'NONE',  ( -6.821946253841378900E-016, 0.0000000000000000000, -1.000000000000000000 ) ) ;
#2011 = ORIENTED_EDGE ( 'NONE', *, *, #2991, .F. ) ;
#2012 = DIRECTION ( 'NONE',  ( -0.0000000000000000000, -0.0000000000000000000, -1.000000000000000000 ) ) ;
#2013 = SURFACE_STYLE_FILL_AREA ( #2240 ) ;
#2014 = CARTESIAN_POINT ( 'NONE',  ( -6.219660186493931600, -1.980000000000000000, -2.250000000000000400 ) ) ;
#2015 = CARTESIAN_POINT ( 'NONE',  ( -6.564732843086535000, 2.538389237197200600, 0.2500000000000000000 ) ) ;
#2016 = DIRECTION ( 'NONE',  ( -0.0000000000000000000, -0.0000000000000000000, 1.000000000000000000 ) ) ;
#2017 = ORIENTED_EDGE ( 'NONE', *, *, #1207, .F. ) ;
#2018 = ORIENTED_EDGE ( 'NONE', *, *, #6081, .F. ) ;
#2019 = PLANE ( 'NONE',  #3457 ) ;
#2020 = EDGE_LOOP ( 'NONE', ( #5592, #816, #3498, #5210 ) ) ;
#2021 = ORIENTED_EDGE ( 'NONE', *, *, #491, .F. ) ;
#2022 = EDGE_CURVE ( 'NONE', #1403, #4751, #4664, .T. ) ;
#2023 = DIRECTION ( 'NONE',  ( 1.000000000000000000, 0.0000000000000000000, 0.0000000000000000000 ) ) ;
#2024 = ORIENTED_EDGE ( 'NONE', *, *, #1015, .T. ) ;
#2025 = AXIS2_PLACEMENT_3D ( 'NONE', #2689, #3159, #335 ) ;
#2026 = DIRECTION ( 'NONE',  ( 1.000000000000000000, 0.0000000000000000000, 0.0000000000000000000 ) ) ;
#2027 =( LENGTH_UNIT ( ) NAMED_UNIT ( * ) SI_UNIT ( .MILLI., .METRE. ) );
#2028 = FACE_OUTER_BOUND ( 'NONE', #397, .T. ) ;
#2029 = FACE_OUTER_BOUND ( 'NONE', #2626, .T. ) ;
#2030 = EDGE_CURVE ( 'NONE', #3935, #1893, #731, .T. ) ;
#2031 = FACE_OUTER_BOUND ( 'NONE', #2020, .T. ) ;
#2032 = DIRECTION ( 'NONE',  ( 0.0000000000000000000, -0.0000000000000000000, -1.000000000000000000 ) ) ;
#2033 = LINE ( 'NONE', #856, #4545 ) ;
#2034 = DIRECTION ( 'NONE',  ( -0.0000000000000000000, 1.000000000000000000, -6.927809408853064600E-017 ) ) ;
#2035 =( NAMED_UNIT ( * ) PLANE_ANGLE_UNIT ( ) SI_UNIT ( $, .RADIAN. ) );
#2037 = VERTEX_POINT ( 'NONE', #2459 ) ;
#2036 = VECTOR ( 'NONE', #4915, 1000.000000000000000 ) ;
#2038 = LINE ( 'NONE', #467, #1885 ) ;
#2039 =( NAMED_UNIT ( * ) SI_UNIT ( $, .STERADIAN. ) SOLID_ANGLE_UNIT ( ) );
#2040 = CARTESIAN_POINT ( 'NONE',  ( -0.1299999999999988700, -0.3000000000000000400, -2.899999999999999900 ) ) ;
#2041 = MECHANICAL_DESIGN_GEOMETRIC_PRESENTATION_REPRESENTATION (  '', ( #1078 ), #2362 ) ;
#2042 = EDGE_CURVE ( 'NONE', #1627, #703, #588, .T. ) ;
#2043 = ORIENTED_EDGE ( 'NONE', *, *, #4500, .F. ) ;
#2044 = UNCERTAINTY_MEASURE_WITH_UNIT (LENGTH_MEASURE( 1.000000000000000100E-005 ), #5805, 'distance_accuracy_value', 'NONE');
#2045 = CARTESIAN_POINT ( 'NONE',  ( 1.800000000000000900, 0.5000000000000004400, -3.538675134594816600 ) ) ;
#2046 = CARTESIAN_POINT ( 'NONE',  ( -5.500000000000000000, 0.5000000000000004400, 1.350000000000000100 ) ) ;
#2047 = CARTESIAN_POINT ( 'NONE',  ( -6.564732843086535000, 0.2403027167644433400, -2.250000000000000400 ) ) ;
#2048 = ORIENTED_EDGE ( 'NONE', *, *, #2760, .F. ) ;
#2049 = CARTESIAN_POINT ( 'NONE',  ( -2.510000000000000200, 4.129999999999999900, 0.5999999999999999800 ) ) ;
#2050 = ORIENTED_EDGE ( 'NONE', *, *, #3341, .F. ) ;
#2051 = FILL_AREA_STYLE ('',( #4898 ) ) ;
#2052 = MECHANICAL_DESIGN_GEOMETRIC_PRESENTATION_REPRESENTATION (  '', ( #1089 ), #2372 ) ;
#2053 = EDGE_LOOP ( 'NONE', ( #631, #1580, #3525, #1669 ) ) ;
#2054 = FILL_AREA_STYLE ('',( #1568 ) ) ;
#2055 = DIRECTION ( 'NONE',  ( -1.000000000000000000, 0.0000000000000000000, 0.0000000000000000000 ) ) ;
#2056 = DIRECTION ( 'NONE',  ( 1.000000000000000000, -0.0000000000000000000, -2.834515483622233600E-016 ) ) ;
#2057 = VERTEX_POINT ( 'NONE', #5296 ) ;
#2058 = ORIENTED_EDGE ( 'NONE', *, *, #4216, .F. ) ;
#2059 = VECTOR ( 'NONE', #1182, 1000.000000000000000 ) ;
#2060 = CARTESIAN_POINT ( 'NONE',  ( -5.500000000000000000, 0.5000000000000004400, 1.350000000000000100 ) ) ;
#2061 = DIRECTION ( 'NONE',  ( -1.000000000000000000, -0.0000000000000000000, -0.0000000000000000000 ) ) ;
#2062 = FACE_BOUND ( 'NONE', #2520, .T. ) ;
#2063 = LINE ( 'NONE', #2125, #5708 ) ;
#2064 = STYLED_ITEM ( 'NONE', ( #4566 ), #384 ) ;
#2065 = ORIENTED_EDGE ( 'NONE', *, *, #2665, .T. ) ;
#2066 = CARTESIAN_POINT ( 'NONE',  ( -7.050000000000000700, 5.249999999999999100, 3.809999999999999600 ) ) ;
#2067 = LINE ( 'NONE', #5878, #5711 ) ;
#2068 = VECTOR ( 'NONE', #4273, 1000.000000000000000 ) ;
#2069 = CARTESIAN_POINT ( 'NONE',  ( -6.200000000000000200, 3.904292491250290600E-018, -1.750000000000000200 ) ) ;
#2070 = MECHANICAL_DESIGN_GEOMETRIC_PRESENTATION_REPRESENTATION (  '', ( #1418 ), #2387 ) ;
#2071 = CARTESIAN_POINT ( 'NONE',  ( -0.2000000000000005100, 2.102264973081022800, 0.0000000000000000000 ) ) ;
#2072 = MECHANICAL_DESIGN_GEOMETRIC_PRESENTATION_REPRESENTATION (  '', ( #1420 ), #2390 ) ;
#2073 = LINE ( 'NONE', #3269, #1919 ) ;
#2074 = DIRECTION ( 'NONE',  ( 0.0000000000000000000, 1.000000000000000000, 0.0000000000000000000 ) ) ;
#2075 = CARTESIAN_POINT ( 'NONE',  ( -3.110000000000000800, 4.892693947073698100, -4.309999999999999600 ) ) ;
#2076 = EDGE_CURVE ( 'NONE', #861, #3099, #1840, .T. ) ;
#2077 = SURFACE_STYLE_USAGE ( .BOTH. , #4925 ) ;
#2078 = AXIS2_PLACEMENT_3D ( 'NONE', #2836, #933, #4254 ) ;
#2079 = LINE ( 'NONE', #1613, #5718 ) ;
#2080 = DIRECTION ( 'NONE',  ( -0.7745966692414826300, -0.4472135954999583200, 0.4472135954999588700 ) ) ;
#2081 = ORIENTED_EDGE ( 'NONE', *, *, #1998, .F. ) ;
#2082 = DIRECTION ( 'NONE',  ( -0.0000000000000000000, 1.000000000000000000, -6.927809408853064600E-017 ) ) ;
#2083 = FACE_OUTER_BOUND ( 'NONE', #4003, .T. ) ;
#2084 = VECTOR ( 'NONE', #4351, 1000.000000000000000 ) ;
#2085 = CARTESIAN_POINT ( 'NONE',  ( -6.799999999999999800, -8.327598234202001100E-016, 5.000000000000000000 ) ) ;
#2086 = DIRECTION ( 'NONE',  ( -1.000000000000000000, 0.0000000000000000000, 0.0000000000000000000 ) ) ;
#2087 = ORIENTED_EDGE ( 'NONE', *, *, #3555, .F. ) ;
#2088 = ORIENTED_EDGE ( 'NONE', *, *, #2838, .F. ) ;
#2089 = AXIS2_PLACEMENT_3D ( 'NONE', #3468, #3934, #1100 ) ;
#2090 = DIRECTION ( 'NONE',  ( 1.000000000000000000, 0.0000000000000000000, -0.0000000000000000000 ) ) ;
#2091 = EDGE_CURVE ( 'NONE', #4912, #3099, #3245, .T. ) ;
#2092 = ADVANCED_FACE ( 'NONE', ( #2975 ), #3621, .T. ) ;
#2093 = DIRECTION ( 'NONE',  ( 0.0000000000000000000, -0.0000000000000000000, -1.000000000000000000 ) ) ;
#2094 = ORIENTED_EDGE ( 'NONE', *, *, #503, .T. ) ;
#2095 = ORIENTED_EDGE ( 'NONE', *, *, #2883, .F. ) ;
#2096 = PLANE ( 'NONE',  #3308 ) ;
#2097 =( LENGTH_UNIT ( ) NAMED_UNIT ( * ) SI_UNIT ( .MILLI., .METRE. ) );
#2098 = ORIENTED_EDGE ( 'NONE', *, *, #3259, .T. ) ;
#2099 = CARTESIAN_POINT ( 'NONE',  ( -5.000000000000000000, 4.699999999999999300, -2.544999999999999900 ) ) ;
#2100 = DIRECTION ( 'NONE',  ( 6.821946253841378900E-016, 8.655864918594322300E-032, 1.000000000000000000 ) ) ;
#2101 = UNCERTAINTY_MEASURE_WITH_UNIT (LENGTH_MEASURE( 1.000000000000000100E-005 ), #2097, 'distance_accuracy_value', 'NONE');
#2102 = DIRECTION ( 'NONE',  ( 0.0000000000000000000, 0.0000000000000000000, 1.000000000000000000 ) ) ;
#2103 = COLOUR_RGB ( '',0.8000000000000000400, 0.8039215686274510100, 0.8000000000000000400 ) ;
#2104 = DIRECTION ( 'NONE',  ( -1.668003342285392800E-016, 0.0000000000000000000, 1.000000000000000000 ) ) ;
#2105 = AXIS2_PLACEMENT_3D ( 'NONE', #6127, #3275, #445 ) ;
#2106 = DIRECTION ( 'NONE',  ( 0.0000000000000000000, 1.000000000000000000, 0.0000000000000000000 ) ) ;
#2107 = CYLINDRICAL_SURFACE ( 'NONE', #5462, 0.09999999999999982500 ) ;
#2108 = PRESENTATION_LAYER_ASSIGNMENT (  '', '', ( #1462 ) ) ;
#2109 =( LENGTH_UNIT ( ) NAMED_UNIT ( * ) SI_UNIT ( .MILLI., .METRE. ) );
#2110 = FACE_BOUND ( 'NONE', #436, .T. ) ;
#2111 = FACE_OUTER_BOUND ( 'NONE', #4050, .T. ) ;
#2112 = DIRECTION ( 'NONE',  ( 0.0000000000000000000, -2.045664476387748000E-016, 1.000000000000000000 ) ) ;
#2113 = ORIENTED_EDGE ( 'NONE', *, *, #5824, .F. ) ;
#2114 = COLOUR_RGB ( '',0.8000000000000000400, 0.8039215686274510100, 0.8000000000000000400 ) ;
#2115 = EDGE_CURVE ( 'NONE', #2338, #318, #3, .T. ) ;
#2117 = ORIENTED_EDGE ( 'NONE', *, *, #2479, .F. ) ;
#2116 = FACE_OUTER_BOUND ( 'NONE', #4041, .T. ) ;
#2118 = EDGE_CURVE ( 'NONE', #4703, #1670, #2524, .T. ) ;
#2119 = VECTOR ( 'NONE', #4342, 1000.000000000000000 ) ;
#2120 = FILL_AREA_STYLE_COLOUR ( '', #2103 ) ;
#2121 = ADVANCED_FACE ( 'NONE', ( #6013 ), #604, .F. ) ;
#2122 = ORIENTED_EDGE ( 'NONE', *, *, #5059, .F. ) ;
#2123 = ORIENTED_EDGE ( 'NONE', *, *, #4011, .F. ) ;
#2124 = CARTESIAN_POINT ( 'NONE',  ( -4.500000000000000900, -0.4200000000000008200, 4.309999999999999600 ) ) ;
#2125 = CARTESIAN_POINT ( 'NONE',  ( -6.799999999999999800, 5.200000000000000200, 5.000000000000000000 ) ) ;
#2126 = AXIS2_PLACEMENT_3D ( 'NONE', #3964, #1130, #4444 ) ;
#2127 = EDGE_CURVE ( 'NONE', #1298, #3951, #4895, .T. ) ;
#2128 = EDGE_LOOP ( 'NONE', ( #256, #4600, #2094, #5439 ) ) ;
#2129 = CARTESIAN_POINT ( 'NONE',  ( -5.069999999999999400, 0.4300090093458146000, 0.3960850015576333800 ) ) ;
#2130 = ORIENTED_EDGE ( 'NONE', *, *, #3694, .T. ) ;
#2131 = ORIENTED_EDGE ( 'NONE', *, *, #1755, .F. ) ;
#2132 = CARTESIAN_POINT ( 'NONE',  ( -6.219660186493931600, -1.980000000000000000, 2.250000000000000400 ) ) ;
#2133 = ORIENTED_EDGE ( 'NONE', *, *, #4854, .F. ) ;
#2134 = CARTESIAN_POINT ( 'NONE',  ( -7.112823952774906600, 0.2403027167644433400, 2.250000000000000400 ) ) ;
#2135 = PRESENTATION_STYLE_ASSIGNMENT (( #4948 ) ) ;
#2136 = PLANE ( 'NONE',  #5981 ) ;
#2137 = ORIENTED_EDGE ( 'NONE', *, *, #5556, .F. ) ;
#2138 = DIRECTION ( 'NONE',  ( 1.000000000000000000, 0.0000000000000000000, 0.0000000000000000000 ) ) ;
#2139 = ORIENTED_EDGE ( 'NONE', *, *, #4608, .F. ) ;
#2140 = LINE ( 'NONE', #5305, #4497 ) ;
#2141 = ORIENTED_EDGE ( 'NONE', *, *, #1707, .T. ) ;
#2142 = ORIENTED_EDGE ( 'NONE', *, *, #3379, .F. ) ;
#2143 = ORIENTED_EDGE ( 'NONE', *, *, #1564, .T. ) ;
#2144 = DIRECTION ( 'NONE',  ( 1.000000000000000000, 0.0000000000000000000, 1.281184251090699400E-016 ) ) ;
#2145 = AXIS2_PLACEMENT_3D ( 'NONE', #5845, #3075, #252 ) ;
#2146 = DIRECTION ( 'NONE',  ( -0.0000000000000000000, -0.0000000000000000000, -1.000000000000000000 ) ) ;
#2147 = VECTOR ( 'NONE', #2911, 1000.000000000000000 ) ;
#2148 = CARTESIAN_POINT ( 'NONE',  ( 0.0000000000000000000, 0.0000000000000000000, 5.000000000000000000 ) ) ;
#2149 = EDGE_CURVE ( 'NONE', #462, #3829, #4736, .T. ) ;
#2150 = LINE ( 'NONE', #83, #4506 ) ;
#2151 = PRESENTATION_LAYER_ASSIGNMENT (  '', '', ( #2471 ) ) ;
#2152 = ORIENTED_EDGE ( 'NONE', *, *, #1234, .F. ) ;
#2153 = UNCERTAINTY_MEASURE_WITH_UNIT (LENGTH_MEASURE( 1.000000000000000100E-005 ), #1923, 'distance_accuracy_value', 'NONE');
#2154 = FILL_AREA_STYLE ('',( #1658 ) ) ;
#2155 = CARTESIAN_POINT ( 'NONE',  ( -6.564732843086535000, 2.538389237197200600, 2.250000000000000400 ) ) ;
#2156 = CARTESIAN_POINT ( 'NONE',  ( -0.2000000000000005100, -7.664820520004914100E-016, -1.802735026918962400 ) ) ;
#2157 = ADVANCED_FACE ( 'NONE', ( #3478 ), #3322, .F. ) ;
#2158 = ORIENTED_EDGE ( 'NONE', *, *, #3975, .F. ) ;
#2159 = SURFACE_STYLE_FILL_AREA ( #1295 ) ;
#2160 = CARTESIAN_POINT ( 'NONE',  ( -5.000000000000000000, 4.699999999999999300, 2.544999999999999900 ) ) ;
#2161 = CARTESIAN_POINT ( 'NONE',  ( 1.299999999999991200, 1.760000000000000700, 4.310000000000002300 ) ) ;
#2162 = EDGE_CURVE ( 'NONE', #1068, #1524, #5862, .T. ) ;
#2163 = LINE ( 'NONE', #5717, #5943 ) ;
#2164 = ORIENTED_EDGE ( 'NONE', *, *, #2861, .F. ) ;
#2165 =( NAMED_UNIT ( * ) PLANE_ANGLE_UNIT ( ) SI_UNIT ( $, .RADIAN. ) );
#2166 = LINE ( 'NONE', #5997, #881 ) ;
#2167 = STYLED_ITEM ( 'NONE', ( #1204 ), #3134 ) ;
#2168 = EDGE_CURVE ( 'NONE', #5751, #539, #1248, .T. ) ;
#2169 = DIRECTION ( 'NONE',  ( -0.0000000000000000000, -0.0000000000000000000, -1.000000000000000000 ) ) ;
#2170 = CARTESIAN_POINT ( 'NONE',  ( -6.699999999999999300, -0.3000000000000008200, 3.349999999999999600 ) ) ;
#2171 = ORIENTED_EDGE ( 'NONE', *, *, #3097, .F. ) ;
#2172 = ORIENTED_EDGE ( 'NONE', *, *, #1836, .T. ) ;
#2173 = EDGE_CURVE ( 'NONE', #5504, #1932, #3316, .T. ) ;
#2174 = ORIENTED_EDGE ( 'NONE', *, *, #4556, .F. ) ;
#2175 = ORIENTED_EDGE ( 'NONE', *, *, #3070, .F. ) ;
#2176 = PLANE ( 'NONE',  #3267 ) ;
#2177 =( LENGTH_UNIT ( ) NAMED_UNIT ( * ) SI_UNIT ( .MILLI., .METRE. ) );
#2178 = ORIENTED_EDGE ( 'NONE', *, *, #4458, .T. ) ;
#2179 = DIRECTION ( 'NONE',  ( 0.0000000000000000000, -1.000000000000000000, 0.0000000000000000000 ) ) ;
#2180 = DIRECTION ( 'NONE',  ( -1.000000000000000000, -0.0000000000000000000, -0.0000000000000000000 ) ) ;
#2181 = ADVANCED_FACE ( 'NONE', ( #4432 ), #2881, .F. ) ;
#2182 = SURFACE_STYLE_USAGE ( .BOTH. , #5027 ) ;
#2183 = VECTOR ( 'NONE', #2169, 1000.000000000000000 ) ;
#2184 = LINE ( 'NONE', #1996, #4544 ) ;
#2185 = DIRECTION ( 'NONE',  ( 0.0000000000000000000, 0.0000000000000000000, -1.000000000000000000 ) ) ;
#2186 = FILL_AREA_STYLE ('',( #1717 ) ) ;
#2187 = DIRECTION ( 'NONE',  ( -0.0000000000000000000, 1.000000000000000000, 0.0000000000000000000 ) ) ;
#2188 = PLANE ( 'NONE',  #5008 ) ;
#2190 = ORIENTED_EDGE ( 'NONE', *, *, #3547, .F. ) ;
#2189 = VECTOR ( 'NONE', #4897, 1000.000000000000000 ) ;
#2191 = MECHANICAL_DESIGN_GEOMETRIC_PRESENTATION_REPRESENTATION (  '', ( #1545 ), #2515 ) ;
#2192 = FACE_OUTER_BOUND ( 'NONE', #4651, .T. ) ;
#2193 = SURFACE_STYLE_FILL_AREA ( #1853 ) ;
#2194 = MECHANICAL_DESIGN_GEOMETRIC_PRESENTATION_REPRESENTATION (  '', ( #1229 ), #2518 ) ;
#2195 = CARTESIAN_POINT ( 'NONE',  ( -0.2000000000000005100, 2.160000000000000100, -2.254999999999999900 ) ) ;
#2196 = ORIENTED_EDGE ( 'NONE', *, *, #5380, .F. ) ;
#2197 = VERTEX_POINT ( 'NONE', #4778 ) ;
#2198 = CARTESIAN_POINT ( 'NONE',  ( -7.112823952774906600, 0.2403027167644433400, 2.250000000000000400 ) ) ;
#2199 = CARTESIAN_POINT ( 'NONE',  ( -6.919660186493931800, -1.980000000000000000, 1.750000000000000000 ) ) ;
#2200 = EDGE_CURVE ( 'NONE', #5301, #4180, #4582, .T. ) ;
#2201 = EDGE_CURVE ( 'NONE', #1195, #865, #3177, .T. ) ;
#2202 = VERTEX_POINT ( 'NONE', #5742 ) ;
#2203 = ORIENTED_EDGE ( 'NONE', *, *, #3865, .F. ) ;
#2204 = DIRECTION ( 'NONE',  ( 0.3926952798640224700, 0.9196686453133634500, 0.0000000000000000000 ) ) ;
#2205 = EDGE_LOOP ( 'NONE', ( #5369, #1410, #30, #1567 ) ) ;
#2206 = PRESENTATION_STYLE_ASSIGNMENT (( #5653 ) ) ;
#2207 = CARTESIAN_POINT ( 'NONE',  ( -6.919660186493931800, -1.980000000000000000, -0.2500000000000000000 ) ) ;
#2208 = CARTESIAN_POINT ( 'NONE',  ( -6.564732843086535000, 2.538389237197200600, -1.750000000000000200 ) ) ;
#2209 = CARTESIAN_POINT ( 'NONE',  ( -6.200000000000000200, 3.904292491250290600E-018, 0.2500000000000000000 ) ) ;
#2210 = PLANE ( 'NONE',  #744 ) ;
#2211 = EDGE_CURVE ( 'NONE', #2687, #4998, #3039, .T. ) ;
#2212 = SURFACE_STYLE_FILL_AREA ( #592 ) ;
#2213 = ORIENTED_EDGE ( 'NONE', *, *, #1183, .T. ) ;
#2214 = ORIENTED_EDGE ( 'NONE', *, *, #1183, .F. ) ;
#2215 = VECTOR ( 'NONE', #3550, 1000.000000000000000 ) ;
#2216 = VECTOR ( 'NONE', #5474, 1000.000000000000000 ) ;
#2217 = ADVANCED_FACE ( 'NONE', ( #5565 ), #995, .F. ) ;
#2218 = VECTOR ( 'NONE', #4970, 1000.000000000000000 ) ;
#2219 = CARTESIAN_POINT ( 'NONE',  ( 1.800000000000000700, 1.471324865405184300, 3.538675134594816600 ) ) ;
#2220 = PLANE ( 'NONE',  #5650 ) ;
#2221 = ORIENTED_EDGE ( 'NONE', *, *, #1554, .T. ) ;
#2222 = LINE ( 'NONE', #182, #935 ) ;
#2223 = VECTOR ( 'NONE', #5221, 1000.000000000000000 ) ;
#2224 = SURFACE_SIDE_STYLE ('',( #6039 ) ) ;
#2225 = CARTESIAN_POINT ( 'NONE',  ( -3.110000000000000800, 5.250000000000000000, 3.809999999999999600 ) ) ;
#2226 = PLANE ( 'NONE',  #783 ) ;
#2227 = LINE ( 'NONE', #2803, #5716 ) ;
#2228 = UNCERTAINTY_MEASURE_WITH_UNIT (LENGTH_MEASURE( 1.000000000000000100E-005 ), #2898, 'distance_accuracy_value', 'NONE');
#2229 = AXIS2_PLACEMENT_3D ( 'NONE', #977, #5277, #2439 ) ;
#2230 = CARTESIAN_POINT ( 'NONE',  ( -5.000000000000000000, 0.4999999999999995600, -3.250000000000000400 ) ) ;
#2231 = CARTESIAN_POINT ( 'NONE',  ( -6.200000000000000200, 0.0000000000000000000, -0.2500000000000000000 ) ) ;
#2232 = EDGE_CURVE ( 'NONE', #5007, #985, #1914, .T. ) ;
#2233 = STYLED_ITEM ( 'NONE', ( #2819 ), #1118 ) ;
#2234 = ORIENTED_EDGE ( 'NONE', *, *, #3609, .T. ) ;
#2235 = CYLINDRICAL_SURFACE ( 'NONE', #2666, 0.1000000000000000100 ) ;
#2236 = PLANE ( 'NONE',  #4538 ) ;
#2237 = EDGE_CURVE ( 'NONE', #3213, #3560, #4279, .T. ) ;
#2238 = DIRECTION ( 'NONE',  ( 1.000000000000000000, 0.0000000000000000000, 8.340016711426962700E-017 ) ) ;
#2239 = UNCERTAINTY_MEASURE_WITH_UNIT (LENGTH_MEASURE( 1.000000000000000100E-005 ), #1257, 'distance_accuracy_value', 'NONE');
#2240 = FILL_AREA_STYLE ('',( #4587 ) ) ;
#2241 = EDGE_CURVE ( 'NONE', #5902, #5172, #5414, .T. ) ;
#2242 = VERTEX_POINT ( 'NONE', #1498 ) ;
#2243 = ORIENTED_EDGE ( 'NONE', *, *, #5860, .F. ) ;
#2244 = AXIS2_PLACEMENT_3D ( 'NONE', #49, #3817, #967 ) ;
#2245 = CARTESIAN_POINT ( 'NONE',  ( 8.951328522051891600E-016, -0.3000000000000000400, -3.349999999999999600 ) ) ;
#2246 = ORIENTED_EDGE ( 'NONE', *, *, #3668, .F. ) ;
#2247 = ADVANCED_FACE ( 'NONE', ( #374 ), #552, .F. ) ;
#2248 = VERTEX_POINT ( 'NONE', #5312 ) ;
#2249 = MECHANICAL_DESIGN_GEOMETRIC_PRESENTATION_REPRESENTATION (  '', ( #1274 ), #2567 ) ;
#2250 = DIRECTION ( 'NONE',  ( 0.0000000000000000000, 0.0000000000000000000, 1.000000000000000000 ) ) ;
#2251 = EDGE_CURVE ( 'NONE', #5186, #3674, #4126, .T. ) ;
#2252 = CARTESIAN_POINT ( 'NONE',  ( -5.500000000000000000, 3.629999999999999900, -1.350000000000000100 ) ) ;
#2253 = FILL_AREA_STYLE ('',( #351 ) ) ;
#2254 = ORIENTED_EDGE ( 'NONE', *, *, #5590, .T. ) ;
#2255 = FACE_OUTER_BOUND ( 'NONE', #5324, .T. ) ;
#2256 = CARTESIAN_POINT ( 'NONE',  ( -3.110000000000000800, 5.200000000000000200, -4.309999999999998700 ) ) ;
#2257 = CARTESIAN_POINT ( 'NONE',  ( -0.2000000000000005100, 2.160000000000000100, 0.2550000000000000000 ) ) ;
#2258 = CARTESIAN_POINT ( 'NONE',  ( -5.069999999999999400, 0.4300090093458146000, 0.3960850015576333800 ) ) ;
#2259 = CARTESIAN_POINT ( 'NONE',  ( -6.200000000000000200, 3.903754866958950000E-018, -2.500000000000000000 ) ) ;
#2260 = FACE_OUTER_BOUND ( 'NONE', #1332, .T. ) ;
#2261 = CARTESIAN_POINT ( 'NONE',  ( -6.919660186493931800, -0.6257768975473811900, 2.250000000000000400 ) ) ;
#2262 = FACE_OUTER_BOUND ( 'NONE', #6129, .T. ) ;
#2263 = FILL_AREA_STYLE ('',( #5569 ) ) ;
#2264 = ORIENTED_EDGE ( 'NONE', *, *, #5190, .T. ) ;
#2265 = VECTOR ( 'NONE', #498, 1000.000000000000000 ) ;
#2266 = AXIS2_PLACEMENT_3D ( 'NONE', #2257, #5793, #4922 ) ;
#2267 =( NAMED_UNIT ( * ) PLANE_ANGLE_UNIT ( ) SI_UNIT ( $, .RADIAN. ) );
#2269 = ORIENTED_EDGE ( 'NONE', *, *, #855, .T. ) ;
#2268 = VECTOR ( 'NONE', #2853, 1000.000000000000000 ) ;
#2270 = CARTESIAN_POINT ( 'NONE',  ( -1.100000000000000100, 4.129999999999999900, 0.5999999999999999800 ) ) ;
#2271 = VECTOR ( 'NONE', #1947, 1000.000000000000000 ) ;
#2272 = ORIENTED_EDGE ( 'NONE', *, *, #1276, .F. ) ;
#2273 = ADVANCED_FACE ( 'NONE', ( #5259 ), #3877, .F. ) ;
#2274 =( GEOMETRIC_REPRESENTATION_CONTEXT ( 3 ) GLOBAL_UNCERTAINTY_ASSIGNED_CONTEXT ( ( #4417 ) ) GLOBAL_UNIT_ASSIGNED_CONTEXT ( ( #3286, #460, #3755 ) ) REPRESENTATION_CONTEXT ( 'NONE', 'WORKASPACE' ) );
#2275 = CARTESIAN_POINT ( 'NONE',  ( -0.1299999999999988700, -0.3000000000000000400, -2.799999999999999800 ) ) ;
#2276 = VERTEX_POINT ( 'NONE', #1041 ) ;
#2277 = ORIENTED_EDGE ( 'NONE', *, *, #6136, .T. ) ;
#2278 = LINE ( 'NONE', #743, #1001 ) ;
#2279 = CARTESIAN_POINT ( 'NONE',  ( -6.799999999999999800, -0.3000000000000008200, -3.450000000000001100 ) ) ;
#2280 = COLOUR_RGB ( '',0.8000000000000000400, 0.8039215686274510100, 0.8000000000000000400 ) ;
#2281 = CARTESIAN_POINT ( 'NONE',  ( -5.500000000000000000, 0.5000000000000004400, -0.8499999999999998700 ) ) ;
#2282 = ORIENTED_EDGE ( 'NONE', *, *, #5501, .F. ) ;
#2283 = DIRECTION ( 'NONE',  ( 0.0000000000000000000, 1.000000000000000000, -0.0000000000000000000 ) ) ;
#2284 = DIRECTION ( 'NONE',  ( -0.5000000000000006700, -3.682143624355780400E-016, -0.8660254037844382600 ) ) ;
#2285 = AXIS2_PLACEMENT_3D ( 'NONE', #4598, #4134, #1297 ) ;
#2286 = EDGE_CURVE ( 'NONE', #3426, #4078, #2733, .T. ) ;
#2287 = SURFACE_STYLE_FILL_AREA ( #194 ) ;
#2288 = ORIENTED_EDGE ( 'NONE', *, *, #2030, .F. ) ;
#2289 = ORIENTED_EDGE ( 'NONE', *, *, #116, .F. ) ;
#2290 = ORIENTED_EDGE ( 'NONE', *, *, #5571, .F. ) ;
#2291 = UNCERTAINTY_MEASURE_WITH_UNIT (LENGTH_MEASURE( 1.000000000000000100E-005 ), #486, 'distance_accuracy_value', 'NONE');
#2292 = VECTOR ( 'NONE', #4787, 1000.000000000000000 ) ;
#2293 = CIRCLE ( 'NONE', #2914, 0.3999999999999999700 ) ;
#2294 = DIRECTION ( 'NONE',  ( -0.0000000000000000000, -0.0000000000000000000, -1.000000000000000000 ) ) ;
#2295 = ORIENTED_EDGE ( 'NONE', *, *, #2173, .T. ) ;
#2296 = CARTESIAN_POINT ( 'NONE',  ( -7.050000000000000700, -0.01862330312848323900, -4.309999999999999600 ) ) ;
#2297 = EDGE_CURVE ( 'NONE', #2756, #3799, #1461, .T. ) ;
#2298 = ADVANCED_FACE ( 'NONE', ( #2595 ), #1060, .T. ) ;
#2299 = VECTOR ( 'NONE', #1892, 1000.000000000000000 ) ;
#2300 = FILL_AREA_STYLE ('',( #386 ) ) ;
#2301 = DIRECTION ( 'NONE',  ( 0.0000000000000000000, 1.000000000000000000, 0.0000000000000000000 ) ) ;
#2302 = DIRECTION ( 'NONE',  ( 0.0000000000000000000, -1.000000000000000000, 0.0000000000000000000 ) ) ;
#2303 = AXIS2_PLACEMENT_3D ( 'NONE', #3462, #629, #3933 ) ;
#2304 = EDGE_LOOP ( 'NONE', ( #1314, #5931, #516, #302, #2123, #708 ) ) ;
#2305 = CARTESIAN_POINT ( 'NONE',  ( 0.0000000000000000000, 5.200000000000000200, 5.000000000000000000 ) ) ;
#2306 = AXIS2_PLACEMENT_3D ( 'NONE', #4931, #2086, #5411 ) ;
#2307 = CIRCLE ( 'NONE', #4684, 0.09999999999999982500 ) ;
#2308 = CARTESIAN_POINT ( 'NONE',  ( -5.269999999999998700, 5.200000000000000200, 2.045000000000001300 ) ) ;
#2309 = UNCERTAINTY_MEASURE_WITH_UNIT (LENGTH_MEASURE( 1.000000000000000100E-005 ), #5409, 'distance_accuracy_value', 'NONE');
#2310 = EDGE_LOOP ( 'NONE', ( #1685, #4934, #3819, #4945 ) ) ;
#2311 = ORIENTED_EDGE ( 'NONE', *, *, #5029, .F. ) ;
#2312 = DIRECTION ( 'NONE',  ( 0.0000000000000000000, -1.000000000000000000, 0.0000000000000000000 ) ) ;
#2313 = EDGE_CURVE ( 'NONE', #5504, #3871, #228, .T. ) ;
#2314 = CARTESIAN_POINT ( 'NONE',  ( 0.0000000000000000000, 0.0000000000000000000, -5.000000000000000000 ) ) ;
#2315 = ORIENTED_EDGE ( 'NONE', *, *, #2007, .T. ) ;
#2316 = DIRECTION ( 'NONE',  ( 0.0000000000000000000, 1.000000000000000000, 0.0000000000000000000 ) ) ;
#2317 = VERTEX_POINT ( 'NONE', #3450 ) ;
#2318 = PLANE ( 'NONE',  #5700 ) ;
#2319 = PRESENTATION_STYLE_ASSIGNMENT (( #2335 ) ) ;
#2320 = CARTESIAN_POINT ( 'NONE',  ( -0.2000000000000005100, 1.649999999999999900, -1.744999999999999900 ) ) ;
#2321 =( GEOMETRIC_REPRESENTATION_CONTEXT ( 3 ) GLOBAL_UNCERTAINTY_ASSIGNED_CONTEXT ( ( #4999 ) ) GLOBAL_UNIT_ASSIGNED_CONTEXT ( ( #1230, #4542, #1706 ) ) REPRESENTATION_CONTEXT ( 'NONE', 'WORKASPACE' ) );
#2322 = EDGE_CURVE ( 'NONE', #2346, #462, #4965, .T. ) ;
#2323 = ORIENTED_EDGE ( 'NONE', *, *, #955, .T. ) ;
#2324 = DIRECTION ( 'NONE',  ( 0.0000000000000000000, 0.0000000000000000000, 1.000000000000000000 ) ) ;
#2325 = CIRCLE ( 'NONE', #3132, 0.09999999999999982500 ) ;
#2326 = SURFACE_SIDE_STYLE ('',( #1081 ) ) ;
#2327 = FACE_OUTER_BOUND ( 'NONE', #185, .T. ) ;
#2328 = LINE ( 'NONE', #565, #5972 ) ;
#2329 = ADVANCED_FACE ( 'NONE', ( #82 ), #6075, .T. ) ;
#2330 =( NAMED_UNIT ( * ) PLANE_ANGLE_UNIT ( ) SI_UNIT ( $, .RADIAN. ) );
#2331 = PLANE ( 'NONE',  #5208 ) ;
#2333 = ORIENTED_EDGE ( 'NONE', *, *, #1873, .F. ) ;
#2332 = CIRCLE ( 'NONE', #2452, 0.6860591096414115900 ) ;
#2334 = LINE ( 'NONE', #4158, #908 ) ;
#2335 = SURFACE_STYLE_USAGE ( .BOTH. , #5184 ) ;
#2336 = VECTOR ( 'NONE', #890, 1000.000000000000000 ) ;
#2337 = SURFACE_STYLE_USAGE ( .BOTH. , #5185 ) ;
#2338 = VERTEX_POINT ( 'NONE', #2047 ) ;
#2339 = ORIENTED_EDGE ( 'NONE', *, *, #5656, .T. ) ;
#2341 = CIRCLE ( 'NONE', #729, 0.1000000000000000200 ) ;
#2340 = AXIS2_PLACEMENT_3D ( 'NONE', #1324, #4643, #1803 ) ;
#2342 = EDGE_CURVE ( 'NONE', #4256, #776, #1165, .T. ) ;
#2343 = CARTESIAN_POINT ( 'NONE',  ( -3.110000000000000800, 4.892693947073698100, 3.809999999999999600 ) ) ;
#2344 = ORIENTED_EDGE ( 'NONE', *, *, #2201, .T. ) ;
#2345 =( NAMED_UNIT ( * ) PLANE_ANGLE_UNIT ( ) SI_UNIT ( $, .RADIAN. ) );
#2346 = VERTEX_POINT ( 'NONE', #4894 ) ;
#2347 = ORIENTED_EDGE ( 'NONE', *, *, #1836, .F. ) ;
#2348 = COLOUR_RGB ( '',0.8000000000000000400, 0.8039215686274510100, 0.8000000000000000400 ) ;
#2349 = FILL_AREA_STYLE_COLOUR ( '', #3801 ) ;
#2350 = EDGE_CURVE ( 'NONE', #5559, #2537, #4807, .T. ) ;
#2351 = ORIENTED_EDGE ( 'NONE', *, *, #3176, .T. ) ;
#2352 = VECTOR ( 'NONE', #6105, 1000.000000000000000 ) ;
#2353 = EDGE_CURVE ( 'NONE', #2197, #4957, #1311, .T. ) ;
#2354 = LINE ( 'NONE', #1055, #5999 ) ;
#2355 = FILL_AREA_STYLE_COLOUR ( '', #4858 ) ;
#2356 = SURFACE_SIDE_STYLE ('',( #243 ) ) ;
#2357 = ORIENTED_EDGE ( 'NONE', *, *, #236, .T. ) ;
#2358 = ORIENTED_EDGE ( 'NONE', *, *, #1709, .F. ) ;
#2359 = FILL_AREA_STYLE ('',( #4840 ) ) ;
#2360 = LINE ( 'NONE', #4993, #1090 ) ;
#2361 = PLANE ( 'NONE',  #3507 ) ;
#2362 =( GEOMETRIC_REPRESENTATION_CONTEXT ( 3 ) GLOBAL_UNCERTAINTY_ASSIGNED_CONTEXT ( ( #1950 ) ) GLOBAL_UNIT_ASSIGNED_CONTEXT ( ( #2693, #6020, #3162 ) ) REPRESENTATION_CONTEXT ( 'NONE', 'WORKASPACE' ) );
#2363 = LINE ( 'NONE', #3506, #4733 ) ;
#2364 = DIRECTION ( 'NONE',  ( 0.9196686453133634500, -0.3926952798640224700, 0.0000000000000000000 ) ) ;
#2365 = EDGE_CURVE ( 'NONE', #4469, #4235, #3989, .T. ) ;
#2366 = EDGE_LOOP ( 'NONE', ( #499, #1744, #5247, #779, #4947 ) ) ;
#2367 = VECTOR ( 'NONE', #4407, 1000.000000000000000 ) ;
#2368 = ADVANCED_FACE ( 'NONE', ( #3393 ), #2549, .F. ) ;
#2369 = VECTOR ( 'NONE', #5817, 1000.000000000000000 ) ;
#2370 = CARTESIAN_POINT ( 'NONE',  ( -5.000000000000000000, 4.699999999999999300, 2.544999999999999900 ) ) ;
#2371 = CARTESIAN_POINT ( 'NONE',  ( -5.000000000000000000, 1.649999999999999900, -2.254999999999999900 ) ) ;
#2372 =( GEOMETRIC_REPRESENTATION_CONTEXT ( 3 ) GLOBAL_UNCERTAINTY_ASSIGNED_CONTEXT ( ( #4292 ) ) GLOBAL_UNIT_ASSIGNED_CONTEXT ( ( #3517, #687, #547 ) ) REPRESENTATION_CONTEXT ( 'NONE', 'WORKASPACE' ) );
#2373 = SURFACE_STYLE_FILL_AREA ( #1378 ) ;
#2374 = LINE ( 'NONE', #1036, #4904 ) ;
#2375 = LINE ( 'NONE', #2917, #945 ) ;
#2376 = CARTESIAN_POINT ( 'NONE',  ( -4.500000000000000900, -0.4200000000000008200, -3.809999999999999600 ) ) ;
#2377 = CARTESIAN_POINT ( 'NONE',  ( -6.799999999999999800, -8.327598234202001100E-016, 3.349999999999999600 ) ) ;
#2378 = DIRECTION ( 'NONE',  ( -0.0000000000000000000, -0.0000000000000000000, -1.000000000000000000 ) ) ;
#2379 = LINE ( 'NONE', #357, #4752 ) ;
#2380 = CARTESIAN_POINT ( 'NONE',  ( -0.2000000000000005100, 2.102264973081036500, 0.0000000000000000000 ) ) ;
#2381 = DIRECTION ( 'NONE',  ( -0.0000000000000000000, -0.0000000000000000000, -1.000000000000000000 ) ) ;
#2382 = AXIS2_PLACEMENT_3D ( 'NONE', #2170, #4515, #1201 ) ;
#2383 = VERTEX_POINT ( 'NONE', #4914 ) ;
#2384 = VERTEX_POINT ( 'NONE', #5888 ) ;
#2385 = CARTESIAN_POINT ( 'NONE',  ( -6.200000000000000200, 2.538389237197199200, -2.250000000000000400 ) ) ;
#2386 = DIRECTION ( 'NONE',  ( 1.224646799147353500E-016, -1.000000000000000000, 0.0000000000000000000 ) ) ;
#2387 =( GEOMETRIC_REPRESENTATION_CONTEXT ( 3 ) GLOBAL_UNCERTAINTY_ASSIGNED_CONTEXT ( ( #543 ) ) GLOBAL_UNIT_ASSIGNED_CONTEXT ( ( #6060, #3206, #383 ) ) REPRESENTATION_CONTEXT ( 'NONE', 'WORKASPACE' ) );
#2388 = CARTESIAN_POINT ( 'NONE',  ( 1.800000000000000000, 9.305929820297226500, 3.538675134594815800 ) ) ;
#2389 = ORIENTED_EDGE ( 'NONE', *, *, #5098, .T. ) ;
#2390 =( GEOMETRIC_REPRESENTATION_CONTEXT ( 3 ) GLOBAL_UNCERTAINTY_ASSIGNED_CONTEXT ( ( #3509 ) ) GLOBAL_UNIT_ASSIGNED_CONTEXT ( ( #5506, #2658, #5980 ) ) REPRESENTATION_CONTEXT ( 'NONE', 'WORKASPACE' ) );
#2391 = VERTEX_POINT ( 'NONE', #216 ) ;
#2392 = PLANE ( 'NONE',  #1024 ) ;
#2393 = ADVANCED_FACE ( 'NONE', ( #4200 ), #3033, .F. ) ;
#2394 = ORIENTED_EDGE ( 'NONE', *, *, #3230, .F. ) ;
#2395 = CARTESIAN_POINT ( 'NONE',  ( -5.860000000000000300, 0.0000000000000000000, 14.31000000000000000 ) ) ;
#2396 = EDGE_CURVE ( 'NONE', #4532, #5274, #580, .T. ) ;
#2397 = DIRECTION ( 'NONE',  ( 1.000000000000000000, 1.224646799147353200E-016, 0.0000000000000000000 ) ) ;
#2398 = STYLED_ITEM ( 'NONE', ( #5082 ), #2767 ) ;
#2399 = PRESENTATION_STYLE_ASSIGNMENT (( #5546 ) ) ;
#2400 = CARTESIAN_POINT ( 'NONE',  ( -5.000000000000000000, 4.699999999999999300, 2.544999999999999900 ) ) ;
#2401 = CARTESIAN_POINT ( 'NONE',  ( -5.860000000000000300, 5.200000000000000200, -14.31000000000000000 ) ) ;
#2402 = SURFACE_SIDE_STYLE ('',( #199 ) ) ;
#2403 = FILL_AREA_STYLE ('',( #3790 ) ) ;
#2404 = LINE ( 'NONE', #5669, #3511 ) ;
#2405 =( NAMED_UNIT ( * ) SI_UNIT ( $, .STERADIAN. ) SOLID_ANGLE_UNIT ( ) );
#2406 = STYLED_ITEM ( 'NONE', ( #4318 ), #4277 ) ;
#2407 = EDGE_CURVE ( 'NONE', #507, #1899, #2968, .T. ) ;
#2408 = DIRECTION ( 'NONE',  ( -1.000000000000000000, -0.0000000000000000000, -0.0000000000000000000 ) ) ;
#2409 = ORIENTED_EDGE ( 'NONE', *, *, #5272, .T. ) ;
#2410 = SURFACE_SIDE_STYLE ('',( #2737 ) ) ;
#2411 = LINE ( 'NONE', #4308, #3514 ) ;
#2412 = DIRECTION ( 'NONE',  ( 1.000000000000000000, 1.224646799147353500E-016, 0.0000000000000000000 ) ) ;
#2413 = ORIENTED_EDGE ( 'NONE', *, *, #3988, .T. ) ;
#2414 = CARTESIAN_POINT ( 'NONE',  ( -6.219660186493931600, -1.980000000000000000, -0.2500000000000000000 ) ) ;
#2415 = CARTESIAN_POINT ( 'NONE',  ( 0.0000000000000000000, 0.0000000000000000000, -5.000000000000000000 ) ) ;
#2416 = ORIENTED_EDGE ( 'NONE', *, *, #840, .F. ) ;
#2417 = FACE_OUTER_BOUND ( 'NONE', #4577, .T. ) ;
#2418 = LINE ( 'NONE', #3355, #1142 ) ;
#2419 = DIRECTION ( 'NONE',  ( 0.0000000000000000000, 1.000000000000000000, 0.0000000000000000000 ) ) ;
#2420 = SURFACE_SIDE_STYLE ('',( #1732 ) ) ;
#2421 = DIRECTION ( 'NONE',  ( -1.224646799147353200E-016, 1.000000000000000000, -0.0000000000000000000 ) ) ;
#2422 = ORIENTED_EDGE ( 'NONE', *, *, #2871, .F. ) ;
#2423 = EDGE_LOOP ( 'NONE', ( #4622, #2651, #3963, #6028 ) ) ;
#2424 = ORIENTED_EDGE ( 'NONE', *, *, #3865, .T. ) ;
#2425 = CARTESIAN_POINT ( 'NONE',  ( 0.4300000000000010500, 0.5000000000000004400, 1.684999999999999800 ) ) ;
#2426 = COLOUR_RGB ( '',0.8000000000000000400, 0.8039215686274510100, 0.8000000000000000400 ) ;
#2427 = DIRECTION ( 'NONE',  ( -0.0000000000000000000, -0.0000000000000000000, -1.000000000000000000 ) ) ;
#2428 = ORIENTED_EDGE ( 'NONE', *, *, #5910, .T. ) ;
#2429 = CARTESIAN_POINT ( 'NONE',  ( -0.1299999999999987800, -0.4000000000000000200, -3.349999999999999600 ) ) ;
#2430 = AXIS2_PLACEMENT_3D ( 'NONE', #882, #1361, #4690 ) ;
#2431 = ORIENTED_EDGE ( 'NONE', *, *, #301, .F. ) ;
#2432 = ADVANCED_FACE ( 'NONE', ( #4052 ), #3063, .F. ) ;
#2433 = DIRECTION ( 'NONE',  ( -1.000000000000000000, -1.224646799147353000E-016, 4.470936793754660800E-016 ) ) ;
#2434 = FACE_OUTER_BOUND ( 'NONE', #1212, .T. ) ;
#2435 = MECHANICAL_DESIGN_GEOMETRIC_PRESENTATION_REPRESENTATION (  '', ( #1462 ), #2744 ) ;
#2436 = DIRECTION ( 'NONE',  ( 1.000000000000000000, 1.224646799147352700E-016, 0.0000000000000000000 ) ) ;
#2437 = CARTESIAN_POINT ( 'NONE',  ( -1.500000000000000000, -0.4200000000000007600, 3.809999999999999600 ) ) ;
#2438 = ORIENTED_EDGE ( 'NONE', *, *, #5784, .F. ) ;
#2439 = DIRECTION ( 'NONE',  ( 0.0000000000000000000, 0.0000000000000000000, -1.000000000000000000 ) ) ;
#2440 = CARTESIAN_POINT ( 'NONE',  ( -6.699999999999999300, -0.4000000000000008500, 2.899999999999999000 ) ) ;
#2441 = LINE ( 'NONE', #5988, #4647 ) ;
#2442 = EDGE_CURVE ( 'NONE', #4452, #4763, #3614, .T. ) ;
#2443 = ORIENTED_EDGE ( 'NONE', *, *, #3070, .T. ) ;
#2444 = EDGE_CURVE ( 'NONE', #3528, #4204, #4885, .T. ) ;
#2445 = FILL_AREA_STYLE ('',( #4794 ) ) ;
#2446 = ORIENTED_EDGE ( 'NONE', *, *, #525, .T. ) ;
#2447 = VECTOR ( 'NONE', #4421, 1000.000000000000000 ) ;
#2448 = ORIENTED_EDGE ( 'NONE', *, *, #4530, .T. ) ;
#2449 = ORIENTED_EDGE ( 'NONE', *, *, #989, .T. ) ;
#2450 = ORIENTED_EDGE ( 'NONE', *, *, #1437, .T. ) ;
#2451 = PLANE ( 'NONE',  #3687 ) ;
#2452 = AXIS2_PLACEMENT_3D ( 'NONE', #3015, #176, #3480 ) ;
#2453 = LINE ( 'NONE', #505, #3551 ) ;
#2454 = DIRECTION ( 'NONE',  ( -1.000000000000000000, 0.0000000000000000000, 0.0000000000000000000 ) ) ;
#2455 = ORIENTED_EDGE ( 'NONE', *, *, #5264, .F. ) ;
#2456 = CARTESIAN_POINT ( 'NONE',  ( 0.4299999999999999900, 9.305929820297226500, -1.684999999999999800 ) ) ;
#2457 = DIRECTION ( 'NONE',  ( 0.0000000000000000000, -1.000000000000000000, 0.0000000000000000000 ) ) ;
#2458 = SURFACE_STYLE_FILL_AREA ( #1073 ) ;
#2459 = CARTESIAN_POINT ( 'NONE',  ( -5.540000000000000000, -7.047314121155778800E-016, -2.250000000000000400 ) ) ;
#2460 = ORIENTED_EDGE ( 'NONE', *, *, #3002, .T. ) ;
#2461 = DIRECTION ( 'NONE',  ( -0.5000000000000010000, -3.682143624355779900E-016, 0.8660254037844381500 ) ) ;
#2462 = COLOUR_RGB ( '',0.8000000000000000400, 0.8039215686274510100, 0.8000000000000000400 ) ;
#2463 = CARTESIAN_POINT ( 'NONE',  ( -1.500000000000000000, -0.4200000000000007600, 3.809999999999999600 ) ) ;
#2464 = VERTEX_POINT ( 'NONE', #1662 ) ;
#2465 = CARTESIAN_POINT ( 'NONE',  ( -5.500000000000000000, 0.5000000000000004400, -1.350000000000000100 ) ) ;
#2466 = STYLED_ITEM ( 'NONE', ( #5703 ), #5107 ) ;
#2467 = VERTEX_POINT ( 'NONE', #4499 ) ;
#2468 = ORIENTED_EDGE ( 'NONE', *, *, #4245, .T. ) ;
#2469 = EDGE_CURVE ( 'NONE', #2971, #1085, #4730, .T. ) ;
#2470 = DIRECTION ( 'NONE',  ( 2.468771550251623500E-016, 0.0000000000000000000, 1.000000000000000000 ) ) ;
#2471 = STYLED_ITEM ( 'NONE', ( #5468 ), #689 ) ;
#2472 = CARTESIAN_POINT ( 'NONE',  ( -7.050000000000000700, 5.249999999999999100, 4.309999999999999600 ) ) ;
#2473 =( NAMED_UNIT ( * ) PLANE_ANGLE_UNIT ( ) SI_UNIT ( $, .RADIAN. ) );
#2474 = EDGE_LOOP ( 'NONE', ( #3488, #3769, #5643, #1178 ) ) ;
#2475 = DIRECTION ( 'NONE',  ( -0.0000000000000000000, -0.0000000000000000000, -1.000000000000000000 ) ) ;
#2476 = DIRECTION ( 'NONE',  ( 1.000000000000000000, 1.224646799147353500E-016, -0.0000000000000000000 ) ) ;
#2477 = VECTOR ( 'NONE', #2316, 1000.000000000000000 ) ;
#2478 = DIRECTION ( 'NONE',  ( -1.000000000000000000, 0.0000000000000000000, 0.0000000000000000000 ) ) ;
#2479 = EDGE_CURVE ( 'NONE', #1787, #2384, #2360, .T. ) ;
#2480 = CARTESIAN_POINT ( 'NONE',  ( -5.500000000000000000, 3.629999999999999900, 0.8499999999999996400 ) ) ;
#2481 = ORIENTED_EDGE ( 'NONE', *, *, #4077, .T. ) ;
#2482 = FILL_AREA_STYLE ('',( #1999 ) ) ;
#2483 =( NAMED_UNIT ( * ) PLANE_ANGLE_UNIT ( ) SI_UNIT ( $, .RADIAN. ) );
#2484 = COLOUR_RGB ( '',0.8000000000000000400, 0.8039215686274510100, 0.8000000000000000400 ) ;
#2485 = AXIS2_PLACEMENT_3D ( 'NONE', #5293, #2457, #5767 ) ;
#2486 = LINE ( 'NONE', #5427, #6114 ) ;
#2487 = LINE ( 'NONE', #1509, #3436 ) ;
#2488 = EDGE_CURVE ( 'NONE', #3099, #1099, #3470, .T. ) ;
#2489 = VERTEX_POINT ( 'NONE', #3569 ) ;
#2490 = UNCERTAINTY_MEASURE_WITH_UNIT (LENGTH_MEASURE( 1.000000000000000100E-005 ), #464, 'distance_accuracy_value', 'NONE');
#2491 = PLANE ( 'NONE',  #5615 ) ;
#2492 = FACE_OUTER_BOUND ( 'NONE', #4559, .T. ) ;
#2494 = ORIENTED_EDGE ( 'NONE', *, *, #2444, .F. ) ;
#2493 = LINE ( 'NONE', #1043, #1213 ) ;
#2495 = CARTESIAN_POINT ( 'NONE',  ( -2.510000000000000200, 4.129999999999999900, -0.5999999999999999800 ) ) ;
#2496 = VECTOR ( 'NONE', #886, 1000.000000000000000 ) ;
#2497 = CARTESIAN_POINT ( 'NONE',  ( -6.200000000000000200, 3.904292491250290600E-018, 2.250000000000000400 ) ) ;
#2498 = CARTESIAN_POINT ( 'NONE',  ( -1.100000000000000100, 4.129999999999999900, 0.5999999999999999800 ) ) ;
#2499 = AXIS2_PLACEMENT_3D ( 'NONE', #3822, #975, #4301 ) ;
#2500 = VECTOR ( 'NONE', #832, 1000.000000000000000 ) ;
#2501 = DIRECTION ( 'NONE',  ( -0.0000000000000000000, 0.0000000000000000000, -1.000000000000000000 ) ) ;
#2502 = ORIENTED_EDGE ( 'NONE', *, *, #2646, .F. ) ;
#2503 = VERTEX_POINT ( 'NONE', #4043 ) ;
#2504 = CARTESIAN_POINT ( 'NONE',  ( -6.200000000000000200, 2.903122080283735000, -2.250000000000000400 ) ) ;
#2505 = VECTOR ( 'NONE', #1189, 1000.000000000000000 ) ;
#2506 = CARTESIAN_POINT ( 'NONE',  ( -6.799999999999999800, 3.529999999999999800, 2.500000000000000000 ) ) ;
#2507 = CARTESIAN_POINT ( 'NONE',  ( -5.540000000000000000, -0.4423115893098412100, 0.2500000000000000000 ) ) ;
#2508 = VERTEX_POINT ( 'NONE', #4521 ) ;
#2509 = CARTESIAN_POINT ( 'NONE',  ( -6.118249463191811800E-016, 9.305929820297226500, -4.309999999999999600 ) ) ;
#2510 = ORIENTED_EDGE ( 'NONE', *, *, #3115, .T. ) ;
#2511 = UNCERTAINTY_MEASURE_WITH_UNIT (LENGTH_MEASURE( 1.000000000000000100E-005 ), #2986, 'distance_accuracy_value', 'NONE');
#2512 = LINE ( 'NONE', #2305, #2352 ) ;
#2513 = EDGE_LOOP ( 'NONE', ( #2640, #2782, #415, #555 ) ) ;
#2514 = CARTESIAN_POINT ( 'NONE',  ( -5.269999999999999600, 5.200000000000000200, -2.814999999999999100 ) ) ;
#2515 =( GEOMETRIC_REPRESENTATION_CONTEXT ( 3 ) GLOBAL_UNCERTAINTY_ASSIGNED_CONTEXT ( ( #1442 ) ) GLOBAL_UNIT_ASSIGNED_CONTEXT ( ( #5001, #2165, #5482 ) ) REPRESENTATION_CONTEXT ( 'NONE', 'WORKASPACE' ) );
#2516 = ORIENTED_EDGE ( 'NONE', *, *, #4019, .T. ) ;
#2517 =( NAMED_UNIT ( * ) SI_UNIT ( $, .STERADIAN. ) SOLID_ANGLE_UNIT ( ) );
#2518 =( GEOMETRIC_REPRESENTATION_CONTEXT ( 3 ) GLOBAL_UNCERTAINTY_ASSIGNED_CONTEXT ( ( #2873 ) ) GLOBAL_UNIT_ASSIGNED_CONTEXT ( ( #4880, #2035, #5366 ) ) REPRESENTATION_CONTEXT ( 'NONE', 'WORKASPACE' ) );
#2519 = CARTESIAN_POINT ( 'NONE',  ( -0.2000000000000005100, 2.102264973081036500, -2.197264973081036700 ) ) ;
#2520 = EDGE_LOOP ( 'NONE', ( #4634, #1960, #2311, #6093 ) ) ;
#2521 = CARTESIAN_POINT ( 'NONE',  ( -7.050000000000000700, -0.01862330312848323900, -3.809999999999999600 ) ) ;
#2522 = VECTOR ( 'NONE', #4386, 1000.000000000000000 ) ;
#2523 = CARTESIAN_POINT ( 'NONE',  ( -5.269999999999999600, 4.129999999999999900, -2.814999999999999100 ) ) ;
#2524 = LINE ( 'NONE', #5321, #2369 ) ;
#2525 = EDGE_CURVE ( 'NONE', #865, #1456, #3309, .T. ) ;
#2526 = AXIS2_PLACEMENT_3D ( 'NONE', #5549, #797, #4107 ) ;
#2527 = CARTESIAN_POINT ( 'NONE',  ( -6.219660186493931600, -1.980000000000000000, -0.2500000000000000000 ) ) ;
#2528 = LINE ( 'NONE', #4686, #1389 ) ;
#2529 = PLANE ( 'NONE',  #407 ) ;
#2530 = STYLED_ITEM ( 'NONE', ( #1215 ), #4088 ) ;
#2531 = CARTESIAN_POINT ( 'NONE',  ( -5.269999999999999600, 4.129999999999999900, -2.045000000000000400 ) ) ;
#2532 = EDGE_CURVE ( 'NONE', #912, #2754, #931, .T. ) ;
#2533 = VECTOR ( 'NONE', #64, 1000.000000000000000 ) ;
#2534 = SURFACE_STYLE_FILL_AREA ( #1592 ) ;
#2535 = CARTESIAN_POINT ( 'NONE',  ( -0.1299999999999996200, -0.3000000000000000400, 3.349999999999999600 ) ) ;
#2536 = SURFACE_STYLE_USAGE ( .BOTH. , #5374 ) ;
#2537 = VERTEX_POINT ( 'NONE', #1206 ) ;
#2538 = LINE ( 'NONE', #5561, #5876 ) ;
#2539 = DIRECTION ( 'NONE',  ( 1.000000000000000000, 0.0000000000000000000, -0.0000000000000000000 ) ) ;
#2540 = SURFACE_STYLE_USAGE ( .BOTH. , #5378 ) ;
#2541 = VERTEX_POINT ( 'NONE', #1254 ) ;
#2542 = ORIENTED_EDGE ( 'NONE', *, *, #2353, .F. ) ;
#2543 = DIRECTION ( 'NONE',  ( -0.0000000000000000000, -0.0000000000000000000, -1.000000000000000000 ) ) ;
#2544 = CARTESIAN_POINT ( 'NONE',  ( -6.699999999999999300, -0.4000000000000008500, 3.349999999999999600 ) ) ;
#2545 = DIRECTION ( 'NONE',  ( -1.000000000000000000, 0.0000000000000000000, 0.0000000000000000000 ) ) ;
#2546 = VERTEX_POINT ( 'NONE', #2225 ) ;
#2547 = EDGE_LOOP ( 'NONE', ( #66, #4815, #2122, #5953 ) ) ;
#2548 = DIRECTION ( 'NONE',  ( 0.0000000000000000000, -1.000000000000000000, 0.0000000000000000000 ) ) ;
#2549 = PLANE ( 'NONE',  #5502 ) ;
#2550 = VERTEX_POINT ( 'NONE', #1731 ) ;
#2551 = PRESENTATION_LAYER_ASSIGNMENT (  '', '', ( #2233 ) ) ;
#2552 = DIRECTION ( 'NONE',  ( 0.0000000000000000000, -1.000000000000000000, 0.0000000000000000000 ) ) ;
#2553 = VECTOR ( 'NONE', #2179, 1000.000000000000000 ) ;
#2554 = CARTESIAN_POINT ( 'NONE',  ( -0.2000000000000005100, 0.0000000000000000000, 2.197264973081036700 ) ) ;
#2555 = EDGE_CURVE ( 'NONE', #3376, #1524, #3167, .T. ) ;
#2556 = FILL_AREA_STYLE_COLOUR ( '', #5836 ) ;
#2557 = VECTOR ( 'NONE', #4215, 1000.000000000000000 ) ;
#2558 = CARTESIAN_POINT ( 'NONE',  ( -5.540000000000000000, -7.047314121155778800E-016, 2.250000000000000400 ) ) ;
#2559 = ADVANCED_FACE ( 'NONE', ( #1906, #2062 ), #3164, .T. ) ;
#2560 =( NAMED_UNIT ( * ) PLANE_ANGLE_UNIT ( ) SI_UNIT ( $, .RADIAN. ) );
#2562 = ORIENTED_EDGE ( 'NONE', *, *, #5772, .T. ) ;
#2561 = LINE ( 'NONE', #3991, #1364 ) ;
#2563 = AXIS2_PLACEMENT_3D ( 'NONE', #3860, #1019, #4333 ) ;
#2564 = FACE_OUTER_BOUND ( 'NONE', #259, .T. ) ;
#2565 = PLANE ( 'NONE',  #2724 ) ;
#2566 = UNCERTAINTY_MEASURE_WITH_UNIT (LENGTH_MEASURE( 1.000000000000000100E-005 ), #3231, 'distance_accuracy_value', 'NONE');
#2567 =( GEOMETRIC_REPRESENTATION_CONTEXT ( 3 ) GLOBAL_UNCERTAINTY_ASSIGNED_CONTEXT ( ( #5269 ) ) GLOBAL_UNIT_ASSIGNED_CONTEXT ( ( #3298, #471, #3770 ) ) REPRESENTATION_CONTEXT ( 'NONE', 'WORKASPACE' ) );
#2568 = ORIENTED_EDGE ( 'NONE', *, *, #2407, .F. ) ;
#2569 = FACE_OUTER_BOUND ( 'NONE', #338, .T. ) ;
#2570 = FACE_OUTER_BOUND ( 'NONE', #1489, .T. ) ;
#2571 = CARTESIAN_POINT ( 'NONE',  ( -6.799999999999999800, -8.327598234202001100E-016, 5.000000000000000000 ) ) ;
#2572 = DIRECTION ( 'NONE',  ( 1.000000000000000000, 1.807003620809174000E-017, 0.0000000000000000000 ) ) ;
#2573 = EDGE_LOOP ( 'NONE', ( #1993, #2389, #784 ) ) ;
#2574 = DIRECTION ( 'NONE',  ( -0.0000000000000000000, -0.0000000000000000000, -1.000000000000000000 ) ) ;
#2575 = VERTEX_POINT ( 'NONE', #1757 ) ;
#2576 = DIRECTION ( 'NONE',  ( -1.000000000000000000, 0.0000000000000000000, 0.0000000000000000000 ) ) ;
#2577 = LINE ( 'NONE', #4480, #4949 ) ;
#2578 = ORIENTED_EDGE ( 'NONE', *, *, #5647, .F. ) ;
#2579 = ORIENTED_EDGE ( 'NONE', *, *, #5431, .T. ) ;
#2580 =( NAMED_UNIT ( * ) SI_UNIT ( $, .STERADIAN. ) SOLID_ANGLE_UNIT ( ) );
#2581 = DIRECTION ( 'NONE',  ( 0.0000000000000000000, 0.0000000000000000000, -1.000000000000000000 ) ) ;
#2582 = ORIENTED_EDGE ( 'NONE', *, *, #1160, .F. ) ;
#2583 = LINE ( 'NONE', #3175, #852 ) ;
#2584 = PLANE ( 'NONE',  #4618 ) ;
#2585 = FILL_AREA_STYLE_COLOUR ( '', #4886 ) ;
#2586 = EDGE_CURVE ( 'NONE', #5316, #4298, #786, .T. ) ;
#2587 = VECTOR ( 'NONE', #2082, 1000.000000000000000 ) ;
#2588 = PRESENTATION_LAYER_ASSIGNMENT (  '', '', ( #1941 ) ) ;
#2589 = ORIENTED_EDGE ( 'NONE', *, *, #4233, .T. ) ;
#2590 = DIRECTION ( 'NONE',  ( 0.0000000000000000000, 2.045664476387749200E-016, 1.000000000000000000 ) ) ;
#2591 = DIRECTION ( 'NONE',  ( 1.000000000000000000, 0.0000000000000000000, 0.0000000000000000000 ) ) ;
#2592 = EDGE_LOOP ( 'NONE', ( #3295, #5412, #5094, #3451 ) ) ;
#2593 = COLOUR_RGB ( '',0.8000000000000000400, 0.8039215686274510100, 0.8000000000000000400 ) ;
#2594 = DIRECTION ( 'NONE',  ( 0.0000000000000000000, -1.000000000000000000, 4.251773225433350200E-016 ) ) ;
#2595 = FACE_OUTER_BOUND ( 'NONE', #5192, .T. ) ;
#2596 = ADVANCED_FACE ( 'NONE', ( #4425 ), #5320, .T. ) ;
#2597 = ORIENTED_EDGE ( 'NONE', *, *, #902, .T. ) ;
#2598 = ORIENTED_EDGE ( 'NONE', *, *, #2586, .F. ) ;
#2599 =( NAMED_UNIT ( * ) SI_UNIT ( $, .STERADIAN. ) SOLID_ANGLE_UNIT ( ) );
#2600 = DIRECTION ( 'NONE',  ( 0.0000000000000000000, -1.000000000000000000, 0.0000000000000000000 ) ) ;
#2601 = LINE ( 'NONE', #2370, #3693 ) ;
#2602 = CARTESIAN_POINT ( 'NONE',  ( -0.1299999999999995600, -0.4000000000000000200, 2.799999999999999800 ) ) ;
#2603 = ORIENTED_EDGE ( 'NONE', *, *, #4083, .F. ) ;
#2604 = EDGE_CURVE ( 'NONE', #3718, #3829, #4888, .T. ) ;
#2605 = SURFACE_SIDE_STYLE ('',( #970 ) ) ;
#2606 = CARTESIAN_POINT ( 'NONE',  ( -5.440000000000000400, -0.01862330312848323900, 4.309999999999999600 ) ) ;
#2607 = STYLED_ITEM ( 'NONE', ( #3141 ), #2928 ) ;
#2608 = ORIENTED_EDGE ( 'NONE', *, *, #2922, .T. ) ;
#2609 = COLOUR_RGB ( '',0.8000000000000000400, 0.8039215686274510100, 0.8000000000000000400 ) ;
#2610 = EDGE_CURVE ( 'NONE', #2248, #5632, #1515, .T. ) ;
#2611 = LINE ( 'NONE', #1105, #244 ) ;
#2612 = UNCERTAINTY_MEASURE_WITH_UNIT (LENGTH_MEASURE( 1.000000000000000100E-005 ), #3711, 'distance_accuracy_value', 'NONE');
#2613 = VERTEX_POINT ( 'NONE', #2735 ) ;
#2614 = DIRECTION ( 'NONE',  ( 0.0000000000000000000, 0.0000000000000000000, 1.000000000000000000 ) ) ;
#2615 = EDGE_CURVE ( 'NONE', #4461, #1298, #3884, .T. ) ;
#2616 = FILL_AREA_STYLE_COLOUR ( '', #2426 ) ;
#2617 = ORIENTED_EDGE ( 'NONE', *, *, #5545, .F. ) ;
#2618 = ORIENTED_EDGE ( 'NONE', *, *, #1424, .F. ) ;
#2619 = DIRECTION ( 'NONE',  ( -0.0000000000000000000, -1.000000000000000000, -0.0000000000000000000 ) ) ;
#2620 = VERTEX_POINT ( 'NONE', #4145 ) ;
#2621 = ADVANCED_FACE ( 'NONE', ( #1360 ), #5589, .F. ) ;
#2622 = CARTESIAN_POINT ( 'NONE',  ( -6.233601076852520100, -0.6257768975473829700, -1.750000000000000200 ) ) ;
#2623 = EDGE_CURVE ( 'NONE', #462, #859, #1114, .T. ) ;
#2624 = LINE ( 'NONE', #850, #1342 ) ;
#2625 = DIRECTION ( 'NONE',  ( 0.0000000000000000000, 0.0000000000000000000, -1.000000000000000000 ) ) ;
#2626 = EDGE_LOOP ( 'NONE', ( #5658, #6098, #2617, #3197 ) ) ;
#2627 = CARTESIAN_POINT ( 'NONE',  ( -6.200000000000000200, 3.903754866958950000E-018, -2.500000000000000000 ) ) ;
#2628 = AXIS2_PLACEMENT_3D ( 'NONE', #5347, #4853, #146 ) ;
#2629 = VECTOR ( 'NONE', #1966, 1000.000000000000000 ) ;
#2630 = DIRECTION ( 'NONE',  ( 1.000000000000000000, 1.224646799147353500E-016, -1.906289534040449200E-016 ) ) ;
#2631 = AXIS2_PLACEMENT_3D ( 'NONE', #5433, #2106, #2591 ) ;
#2632 = DIRECTION ( 'NONE',  ( 0.0000000000000000000, 1.000000000000000000, -0.0000000000000000000 ) ) ;
#2633 = CYLINDRICAL_SURFACE ( 'NONE', #1659, 0.09999999999999982500 ) ;
#2634 = PLANE ( 'NONE',  #4356 ) ;
#2635 = ORIENTED_EDGE ( 'NONE', *, *, #3655, .F. ) ;
#2636 = LINE ( 'NONE', #4612, #3727 ) ;
#2637 = CARTESIAN_POINT ( 'NONE',  ( -5.000000000000000000, 2.159999999999985900, 2.254999999999999900 ) ) ;
#2638 = EDGE_CURVE ( 'NONE', #451, #5957, #5161, .T. ) ;
#2640 = ORIENTED_EDGE ( 'NONE', *, *, #3765, .T. ) ;
#2639 = VECTOR ( 'NONE', #4402, 1000.000000000000000 ) ;
#2641 = VECTOR ( 'NONE', #3678, 1000.000000000000000 ) ;
#2642 = ORIENTED_EDGE ( 'NONE', *, *, #3920, .F. ) ;
#2643 = ORIENTED_EDGE ( 'NONE', *, *, #3190, .F. ) ;
#2644 = CARTESIAN_POINT ( 'NONE',  ( -7.050000000000000700, -0.01862330312848323900, 3.809999999999999600 ) ) ;
#2645 = DIRECTION ( 'NONE',  ( 0.0000000000000000000, 0.0000000000000000000, 1.000000000000000000 ) ) ;
#2646 = EDGE_CURVE ( 'NONE', #703, #2550, #132, .T. ) ;
#2647 = ORIENTED_EDGE ( 'NONE', *, *, #3920, .T. ) ;
#2648 = VERTEX_POINT ( 'NONE', #2296 ) ;
#2649 = ADVANCED_FACE ( 'NONE', ( #6125 ), #3591, .T. ) ;
#2650 = CARTESIAN_POINT ( 'NONE',  ( 1.800000000000001400, 2.204364238465237500E-016, -4.309999999999999600 ) ) ;
#2651 = ORIENTED_EDGE ( 'NONE', *, *, #4255, .F. ) ;
#2652 =( NAMED_UNIT ( * ) SI_UNIT ( $, .STERADIAN. ) SOLID_ANGLE_UNIT ( ) );
#2653 = VECTOR ( 'NONE', #5091, 1000.000000000000000 ) ;
#2654 = CARTESIAN_POINT ( 'NONE',  ( -0.1299999999999996200, -1.592040838891554100E-017, 2.799999999999999800 ) ) ;
#2655 = ORIENTED_EDGE ( 'NONE', *, *, #4539, .T. ) ;
#2656 = ORIENTED_EDGE ( 'NONE', *, *, #4594, .T. ) ;
#2657 = LINE ( 'NONE', #711, #2215 ) ;
#2658 =( NAMED_UNIT ( * ) PLANE_ANGLE_UNIT ( ) SI_UNIT ( $, .RADIAN. ) );
#2659 = ORIENTED_EDGE ( 'NONE', *, *, #3779, .T. ) ;
#2660 =( LENGTH_UNIT ( ) NAMED_UNIT ( * ) SI_UNIT ( .MILLI., .METRE. ) );
#2661 = AXIS2_PLACEMENT_3D ( 'NONE', #822, #4135, #1300 ) ;
#2662 = CARTESIAN_POINT ( 'NONE',  ( -6.919660186493931800, -0.6257768975473811900, 1.750000000000000000 ) ) ;
#2663 = LINE ( 'NONE', #5818, #5187 ) ;
#2664 = DIRECTION ( 'NONE',  ( -1.000000000000000000, 0.0000000000000000000, 0.0000000000000000000 ) ) ;
#2665 = EDGE_CURVE ( 'NONE', #1249, #5846, #2785, .T. ) ;
#2666 = AXIS2_PLACEMENT_3D ( 'NONE', #3635, #1751, #2238 ) ;
#2667 = LINE ( 'NONE', #5150, #1548 ) ;
#2668 = LINE ( 'NONE', #388, #1392 ) ;
#2669 = DIRECTION ( 'NONE',  ( 1.000000000000000000, 0.0000000000000000000, 0.0000000000000000000 ) ) ;
#2670 = EDGE_CURVE ( 'NONE', #3296, #5164, #4862, .T. ) ;
#2671 = DIRECTION ( 'NONE',  ( -1.000000000000000000, 0.0000000000000000000, 0.0000000000000000000 ) ) ;
#2672 = VECTOR ( 'NONE', #1186, 1000.000000000000000 ) ;
#2673 = CARTESIAN_POINT ( 'NONE',  ( -6.219660186493931600, -0.9799999999999999800, -1.750000000000000200 ) ) ;
#2674 = VECTOR ( 'NONE', #5864, 1000.000000000000000 ) ;
#2675 = DIRECTION ( 'NONE',  ( 0.0000000000000000000, 0.0000000000000000000, -1.000000000000000000 ) ) ;
#2676 = ORIENTED_EDGE ( 'NONE', *, *, #1967, .F. ) ;
#2677 = ADVANCED_FACE ( 'NONE', ( #1217 ), #2318, .F. ) ;
#2678 = CYLINDRICAL_SURFACE ( 'NONE', #1375, 0.5480911096883718200 ) ;
#2679 = PRESENTATION_STYLE_ASSIGNMENT (( #1496 ) ) ;
#2680 = EDGE_CURVE ( 'NONE', #2703, #2575, #3445, .T. ) ;
#2681 = CARTESIAN_POINT ( 'NONE',  ( -6.919660186493931800, -0.6257768975473813100, 2.250000000000000400 ) ) ;
#2682 = UNCERTAINTY_MEASURE_WITH_UNIT (LENGTH_MEASURE( 1.000000000000000100E-005 ), #2882, 'distance_accuracy_value', 'NONE');
#2683 = ORIENTED_EDGE ( 'NONE', *, *, #1469, .T. ) ;
#2684 = ORIENTED_EDGE ( 'NONE', *, *, #1519, .F. ) ;
#2685 = SURFACE_SIDE_STYLE ('',( #3824 ) ) ;
#2686 = VERTEX_POINT ( 'NONE', #5162 ) ;
#2687 = VERTEX_POINT ( 'NONE', #6113 ) ;
#2688 = CARTESIAN_POINT ( 'NONE',  ( -6.919660186493931800, -1.980000000000000000, -2.250000000000000400 ) ) ;
#2689 = CARTESIAN_POINT ( 'NONE',  ( -5.069999999999999400, -6.735557395310443000E-016, 0.0000000000000000000 ) ) ;
#2690 = UNCERTAINTY_MEASURE_WITH_UNIT (LENGTH_MEASURE( 1.000000000000000100E-005 ), #4371, 'distance_accuracy_value', 'NONE');
#2691 = DIRECTION ( 'NONE',  ( -0.5000000000000006700, -0.8660254037844382600, 0.0000000000000000000 ) ) ;
#2692 = ORIENTED_EDGE ( 'NONE', *, *, #5734, .T. ) ;
#2693 =( LENGTH_UNIT ( ) NAMED_UNIT ( * ) SI_UNIT ( .MILLI., .METRE. ) );
#2694 = VECTOR ( 'NONE', #6040, 1000.000000000000000 ) ;
#2695 = VECTOR ( 'NONE', #1690, 1000.000000000000000 ) ;
#2696 = CARTESIAN_POINT ( 'NONE',  ( 1.799999999999998900, 9.305929820297226500, 2.085000000000000400 ) ) ;
#2697 = AXIS2_PLACEMENT_3D ( 'NONE', #3469, #1181, #2545 ) ;
#2698 = CYLINDRICAL_SURFACE ( 'NONE', #3882, 0.1000000000000000200 ) ;
#2699 = CARTESIAN_POINT ( 'NONE',  ( -0.2000000000000005100, 1.649999999999999900, -2.254999999999999900 ) ) ;
#2700 = CARTESIAN_POINT ( 'NONE',  ( 0.0000000000000000000, 0.0000000000000000000, -4.309999999999998700 ) ) ;
#2701 = LINE ( 'NONE', #2320, #5225 ) ;
#2702 = CARTESIAN_POINT ( 'NONE',  ( -5.000000000000000000, 3.629999999999999900, 2.544999999999999900 ) ) ;
#2703 = VERTEX_POINT ( 'NONE', #3263 ) ;
#2704 = SURFACE_STYLE_FILL_AREA ( #2824 ) ;
#2705 = ADVANCED_FACE ( 'NONE', ( #910 ), #435, .F. ) ;
#2706 = LINE ( 'NONE', #2905, #3364 ) ;
#2707 = CARTESIAN_POINT ( 'NONE',  ( -0.3000000000000016500, 1.649999999999999900, -0.2550000000000002300 ) ) ;
#2708 = CARTESIAN_POINT ( 'NONE',  ( -3.110000000000000800, 4.892693947073698100, 4.309999999999999600 ) ) ;
#2709 = EDGE_LOOP ( 'NONE', ( #4809, #1883, #4781 ) ) ;
#2710 = SURFACE_STYLE_USAGE ( .BOTH. , #5562 ) ;
#2711 = VECTOR ( 'NONE', #1788, 1000.000000000000000 ) ;
#2712 = LINE ( 'NONE', #4319, #3521 ) ;
#2713 = DIRECTION ( 'NONE',  ( -1.000000000000000000, 0.0000000000000000000, 0.0000000000000000000 ) ) ;
#2714 = EDGE_CURVE ( 'NONE', #5728, #3903, #484, .T. ) ;
#2715 = PRESENTATION_LAYER_ASSIGNMENT (  '', '', ( #2398 ) ) ;
#2716 = VERTEX_POINT ( 'NONE', #4717 ) ;
#2717 = ORIENTED_EDGE ( 'NONE', *, *, #1313, .T. ) ;
#2718 = CARTESIAN_POINT ( 'NONE',  ( -5.860000000000000300, 0.0000000000000000000, 5.000000000000000900 ) ) ;
#2719 = LINE ( 'NONE', #3066, #3815 ) ;
#2720 = CARTESIAN_POINT ( 'NONE',  ( -5.269999999999999600, 4.129999999999999900, -2.814999999999999100 ) ) ;
#2721 = VERTEX_POINT ( 'NONE', #1876 ) ;
#2722 = DIRECTION ( 'NONE',  ( 1.540606994650806000E-016, 0.0000000000000000000, 1.000000000000000000 ) ) ;
#2723 = SURFACE_STYLE_USAGE ( .BOTH. , #5578 ) ;
#2724 = AXIS2_PLACEMENT_3D ( 'NONE', #1597, #5882, #3043 ) ;
#2725 = EDGE_CURVE ( 'NONE', #1, #4078, #4098, .T. ) ;
#2726 = VECTOR ( 'NONE', #1699, 1000.000000000000000 ) ;
#2727 = LINE ( 'NONE', #2230, #3982 ) ;
#2728 = DIRECTION ( 'NONE',  ( -0.5000000000000006700, 0.8660254037844382600, 0.0000000000000000000 ) ) ;
#2729 = DIRECTION ( 'NONE',  ( 1.224646799147353500E-016, -1.000000000000000000, 0.0000000000000000000 ) ) ;
#2730 = DIRECTION ( 'NONE',  ( -1.000000000000000000, 0.0000000000000000000, 0.0000000000000000000 ) ) ;
#2731 = ORIENTED_EDGE ( 'NONE', *, *, #137, .T. ) ;
#2732 = ORIENTED_EDGE ( 'NONE', *, *, #5144, .F. ) ;
#2733 = LINE ( 'NONE', #5811, #2888 ) ;
#2734 = CARTESIAN_POINT ( 'NONE',  ( -7.112823952774906600, 0.2403027167644433400, -0.2500000000000000000 ) ) ;
#2735 = CARTESIAN_POINT ( 'NONE',  ( -6.564732843086535000, 2.538389237197200600, 2.250000000000000400 ) ) ;
#2736 = SURFACE_STYLE_USAGE ( .BOTH. , #5591 ) ;
#2737 = SURFACE_STYLE_FILL_AREA ( #5246 ) ;
#2738 = ADVANCED_FACE ( 'NONE', ( #1736 ), #5686, .F. ) ;
#2739 = FILL_AREA_STYLE_COLOUR ( '', #1353 ) ;
#2740 = LINE ( 'NONE', #938, #88 ) ;
#2741 = DIRECTION ( 'NONE',  ( -0.0000000000000000000, -0.0000000000000000000, -1.000000000000000000 ) ) ;
#2742 = STYLED_ITEM ( 'NONE', ( #197 ), #5668 ) ;
#2743 = CARTESIAN_POINT ( 'NONE',  ( -0.1299999999999998900, -0.4000000000000000200, 3.449999999999999300 ) ) ;
#2744 =( GEOMETRIC_REPRESENTATION_CONTEXT ( 3 ) GLOBAL_UNCERTAINTY_ASSIGNED_CONTEXT ( ( #488 ) ) GLOBAL_UNIT_ASSIGNED_CONTEXT ( ( #4824, #1981, #5310 ) ) REPRESENTATION_CONTEXT ( 'NONE', 'WORKASPACE' ) );
#2745 = EDGE_LOOP ( 'NONE', ( #1074, #2295, #5056, #5775, #846, #5025, #4822, #1646, #2088, #4810 ) ) ;
#2746 = LINE ( 'NONE', #723, #3846 ) ;
#2747 = UNCERTAINTY_MEASURE_WITH_UNIT (LENGTH_MEASURE( 1.000000000000000100E-005 ), #5859, 'distance_accuracy_value', 'NONE');
#2748 = CIRCLE ( 'NONE', #4896, 0.5480911096883718200 ) ;
#2749 = VECTOR ( 'NONE', #4891, 1000.000000000000000 ) ;
#2750 = DIRECTION ( 'NONE',  ( 0.0000000000000000000, 0.0000000000000000000, -1.000000000000000000 ) ) ;
#2751 = EDGE_CURVE ( 'NONE', #3659, #2338, #343, .T. ) ;
#2752 = DIRECTION ( 'NONE',  ( 0.0000000000000000000, 0.0000000000000000000, 1.000000000000000000 ) ) ;
#2753 = EDGE_CURVE ( 'NONE', #2969, #3398, #3020, .T. ) ;
#2754 = VERTEX_POINT ( 'NONE', #4745 ) ;
#2755 = CARTESIAN_POINT ( 'NONE',  ( -5.069999999999999400, 0.4300090093458146000, 0.3960850015576333800 ) ) ;
#2756 = VERTEX_POINT ( 'NONE', #5709 ) ;
#2757 = ORIENTED_EDGE ( 'NONE', *, *, #108, .T. ) ;
#2758 = DIRECTION ( 'NONE',  ( 0.0000000000000000000, 1.000000000000000000, 0.0000000000000000000 ) ) ;
#2759 = AXIS2_PLACEMENT_3D ( 'NONE', #5835, #2994, #4380 ) ;
#2760 = EDGE_CURVE ( 'NONE', #4659, #58, #1430, .T. ) ;
#2761 = FILL_AREA_STYLE_COLOUR ( '', #1551 ) ;
#2762 = DIRECTION ( 'NONE',  ( 0.0000000000000000000, 1.000000000000000000, 0.0000000000000000000 ) ) ;
#2763 = DIRECTION ( 'NONE',  ( 6.821946253841380900E-016, 2.045664476387748700E-016, -1.000000000000000000 ) ) ;
#2764 = VERTEX_POINT ( 'NONE', #1412 ) ;
#2765 = SURFACE_SIDE_STYLE ('',( #3443 ) ) ;
#2766 = CIRCLE ( 'NONE', #4574, 0.3647328430865350300 ) ;
#2767 = ADVANCED_FACE ( 'NONE', ( #1585 ), #3324, .F. ) ;
#2768 = ORIENTED_EDGE ( 'NONE', *, *, #1554, .F. ) ;
#2769 = PLANE ( 'NONE',  #916 ) ;
#2770 = DIRECTION ( 'NONE',  ( 0.0000000000000000000, 0.0000000000000000000, -1.000000000000000000 ) ) ;
#2771 = PRESENTATION_STYLE_ASSIGNMENT (( #1671 ) ) ;
#2772 = VECTOR ( 'NONE', #5270, 1000.000000000000000 ) ;
#2773 = DIRECTION ( 'NONE',  ( -0.0000000000000000000, 1.000000000000000000, -0.0000000000000000000 ) ) ;
#2774 = VECTOR ( 'NONE', #5251, 1000.000000000000000 ) ;
#2775 = PRESENTATION_LAYER_ASSIGNMENT (  '', '', ( #2466 ) ) ;
#2776 = LINE ( 'NONE', #367, #126 ) ;
#2777 = EDGE_CURVE ( 'NONE', #985, #1738, #980, .T. ) ;
#2778 = SURFACE_STYLE_USAGE ( .BOTH. , #5627 ) ;
#2779 = AXIS2_PLACEMENT_3D ( 'NONE', #2134, #5453, #1665 ) ;
#2780 = CARTESIAN_POINT ( 'NONE',  ( -0.2000000000000005100, 1.707735026918963300, -2.197264973081036700 ) ) ;
#2782 = ORIENTED_EDGE ( 'NONE', *, *, #5657, .F. ) ;
#2781 = VECTOR ( 'NONE', #5765, 1000.000000000000000 ) ;
#2783 = VECTOR ( 'NONE', #1094, 1000.000000000000000 ) ;
#2784 = CARTESIAN_POINT ( 'NONE',  ( -1.500000000000000000, -0.4200000000000007600, -3.809999999999999600 ) ) ;
#2785 = LINE ( 'NONE', #873, #3732 ) ;
#2786 = EDGE_LOOP ( 'NONE', ( #1752, #3100, #3985, #4570, #1537, #4191, #4557, #2048, #1371, #1912, #5104 ) ) ;
#2787 = ORIENTED_EDGE ( 'NONE', *, *, #4151, .F. ) ;
#2788 = FILL_AREA_STYLE ('',( #6111 ) ) ;
#2789 = DIRECTION ( 'NONE',  ( -0.0000000000000000000, -0.0000000000000000000, -1.000000000000000000 ) ) ;
#2790 = ORIENTED_EDGE ( 'NONE', *, *, #2963, .F. ) ;
#2791 = UNCERTAINTY_MEASURE_WITH_UNIT (LENGTH_MEASURE( 1.000000000000000100E-005 ), #6101, 'distance_accuracy_value', 'NONE');
#2792 = ORIENTED_EDGE ( 'NONE', *, *, #5847, .T. ) ;
#2793 = PRODUCT_DEFINITION_SHAPE ( 'NONE', 'NONE',  #3647 ) ;
#2794 = VECTOR ( 'NONE', #3432, 1000.000000000000000 ) ;
#2795 = CARTESIAN_POINT ( 'NONE',  ( -5.000000000000000000, 2.160000000000000100, -0.2550000000000000000 ) ) ;
#2796 = PRESENTATION_LAYER_ASSIGNMENT (  '', '', ( #2167 ) ) ;
#2797 = DIRECTION ( 'NONE',  ( 1.000000000000000000, 0.0000000000000000000, 2.562368502181398800E-016 ) ) ;
#2798 = EDGE_CURVE ( 'NONE', #648, #4670, #2706, .T. ) ;
#2799 = EDGE_LOOP ( 'NONE', ( #1008, #2608, #5403, #4227, #2450, #1609, #1823, #4378, #5710, #3594, #6067, #1916 ) ) ;
#2800 = ADVANCED_FACE ( 'NONE', ( #4624 ), #5311, .T. ) ;
#2801 = CARTESIAN_POINT ( 'NONE',  ( -6.799999999999999800, 3.529999999999999800, -2.500000000000000000 ) ) ;
#2802 = PRESENTATION_STYLE_ASSIGNMENT (( #4415 ) ) ;
#2803 = CARTESIAN_POINT ( 'NONE',  ( 0.0000000000000000000, 0.0000000000000000000, -0.2500000000000002200 ) ) ;
#2804 = EDGE_LOOP ( 'NONE', ( #3535, #5696, #1290, #4416 ) ) ;
#2805 = ORIENTED_EDGE ( 'NONE', *, *, #1678, .T. ) ;
#2806 = LINE ( 'NONE', #4860, #5183 ) ;
#2807 =( LENGTH_UNIT ( ) NAMED_UNIT ( * ) SI_UNIT ( .MILLI., .METRE. ) );
#2808 = AXIS2_PLACEMENT_3D ( 'NONE', #2933, #104, #3397 ) ;
#2809 = PRESENTATION_STYLE_ASSIGNMENT (( #4004 ) ) ;
#2810 = CARTESIAN_POINT ( 'NONE',  ( -5.500000000000000000, 3.629999999999999900, -0.8499999999999996400 ) ) ;
#2811 = ORIENTED_EDGE ( 'NONE', *, *, #2115, .F. ) ;
#2812 = DIRECTION ( 'NONE',  ( 1.000000000000000000, 0.0000000000000000000, 0.0000000000000000000 ) ) ;
#2813 = ORIENTED_EDGE ( 'NONE', *, *, #2638, .T. ) ;
#2814 = LINE ( 'NONE', #5610, #4061 ) ;
#2815 =( NAMED_UNIT ( * ) PLANE_ANGLE_UNIT ( ) SI_UNIT ( $, .RADIAN. ) );
#2816 = VECTOR ( 'NONE', #1321, 1000.000000000000000 ) ;
#2817 =( NAMED_UNIT ( * ) PLANE_ANGLE_UNIT ( ) SI_UNIT ( $, .RADIAN. ) );
#2818 = AXIS2_PLACEMENT_3D ( 'NONE', #167, #5367, #5351 ) ;
#2819 = PRESENTATION_STYLE_ASSIGNMENT (( #1494 ) ) ;
#2820 = CARTESIAN_POINT ( 'NONE',  ( 1.800000000000001400, 1.471324865405185400, -4.309999999999999600 ) ) ;
#2821 = LINE ( 'NONE', #2155, #2672 ) ;
#2822 = SURFACE_SIDE_STYLE ('',( #4437 ) ) ;
#2823 = CARTESIAN_POINT ( 'NONE',  ( -5.000000000000000000, 0.5000000000000004400, 1.350000000000000100 ) ) ;
#2824 = FILL_AREA_STYLE ('',( #2349 ) ) ;
#2825 = LINE ( 'NONE', #2425, #315 ) ;
#2826 = ORIENTED_EDGE ( 'NONE', *, *, #3856, .F. ) ;
#2827 = ADVANCED_FACE ( 'NONE', ( #4170 ), #2926, .F. ) ;
#2828 = ORIENTED_EDGE ( 'NONE', *, *, #2883, .T. ) ;
#2829 = PLANE ( 'NONE',  #4747 ) ;
#2830 = EDGE_CURVE ( 'NONE', #2546, #923, #2936, .T. ) ;
#2831 =( LENGTH_UNIT ( ) NAMED_UNIT ( * ) SI_UNIT ( .MILLI., .METRE. ) );
#2832 = SURFACE_STYLE_USAGE ( .BOTH. , #5684 ) ;
#2833 = ORIENTED_EDGE ( 'NONE', *, *, #1881, .T. ) ;
#2834 = SURFACE_SIDE_STYLE ('',( #1866 ) ) ;
#2835 = VERTEX_POINT ( 'NONE', #5314 ) ;
#2836 = CARTESIAN_POINT ( 'NONE',  ( 0.0000000000000000000, 0.0000000000000000000, 5.000000000000000000 ) ) ;
#2837 = AXIS2_PLACEMENT_3D ( 'NONE', #3277, #450, #3746 ) ;
#2838 = EDGE_CURVE ( 'NONE', #3566, #4235, #1508, .T. ) ;
#2839 = ORIENTED_EDGE ( 'NONE', *, *, #5515, .F. ) ;
#2840 = DIRECTION ( 'NONE',  ( 0.0000000000000000000, -1.000000000000000000, 4.251773225433350700E-016 ) ) ;
#2841 = LINE ( 'NONE', #1273, #5373 ) ;
#2842 = DIRECTION ( 'NONE',  ( -1.000000000000000000, 0.0000000000000000000, 0.0000000000000000000 ) ) ;
#2843 = CYLINDRICAL_SURFACE ( 'NONE', #5665, 0.09999999999999982500 ) ;
#2844 = CARTESIAN_POINT ( 'NONE',  ( -5.069999999999999400, 0.5000000000000004400, 0.3960850015576333800 ) ) ;
#2845 = CARTESIAN_POINT ( 'NONE',  ( -5.440000000000000400, -0.01862330312848323900, -4.309999999999999600 ) ) ;
#2846 = VECTOR ( 'NONE', #184, 1000.000000000000100 ) ;
#2847 = DIRECTION ( 'NONE',  ( -1.000000000000000000, -1.807003620809174000E-017, 0.0000000000000000000 ) ) ;
#2848 = CARTESIAN_POINT ( 'NONE',  ( -1.646572197020222300, 1.760000000000000000, -3.250000000000001300 ) ) ;
#2849 = VERTEX_POINT ( 'NONE', #118 ) ;
#2850 = FACE_OUTER_BOUND ( 'NONE', #4964, .T. ) ;
#2851 = CIRCLE ( 'NONE', #2105, 0.09999999999999982500 ) ;
#2852 = DIRECTION ( 'NONE',  ( -0.0000000000000000000, 1.000000000000000000, 0.0000000000000000000 ) ) ;
#2853 = DIRECTION ( 'NONE',  ( 0.9196686453133634500, -0.3926952798640224700, 0.0000000000000000000 ) ) ;
#2854 = VECTOR ( 'NONE', #3300, 1000.000000000000000 ) ;
#2855 = DIRECTION ( 'NONE',  ( 0.0000000000000000000, 0.0000000000000000000, -1.000000000000000000 ) ) ;
#2856 = ORIENTED_EDGE ( 'NONE', *, *, #3040, .T. ) ;
#2858 = VECTOR ( 'NONE', #4139, 1000.000000000000100 ) ;
#2857 = AXIS2_PLACEMENT_3D ( 'NONE', #3848, #2461, #5771 ) ;
#2859 = VECTOR ( 'NONE', #921, 1000.000000000000000 ) ;
#2860 = ADVANCED_FACE ( 'NONE', ( #5157 ), #2950, .F. ) ;
#2861 = EDGE_CURVE ( 'NONE', #2989, #1813, #3876, .T. ) ;
#2862 = DIRECTION ( 'NONE',  ( 1.000000000000000000, 0.0000000000000000000, 0.0000000000000000000 ) ) ;
#2863 = MECHANICAL_DESIGN_GEOMETRIC_PRESENTATION_REPRESENTATION (  '', ( #2233 ), #3178 ) ;
#2864 = CARTESIAN_POINT ( 'NONE',  ( -5.540000000000000000, -0.4423115893098412100, -1.750000000000000200 ) ) ;
#2865 = VERTEX_POINT ( 'NONE', #3661 ) ;
#2866 = DIRECTION ( 'NONE',  ( 0.0000000000000000000, 1.000000000000000000, 0.0000000000000000000 ) ) ;
#2867 = ORIENTED_EDGE ( 'NONE', *, *, #2555, .F. ) ;
#2868 = DIRECTION ( 'NONE',  ( 0.4999999999999973900, -2.819114806270179200E-017, -0.8660254037844401500 ) ) ;
#2869 = LINE ( 'NONE', #4958, #1443 ) ;
#2870 = CARTESIAN_POINT ( 'NONE',  ( -5.000000000000000000, 2.160000000000000100, -2.254999999999999900 ) ) ;
#2871 = EDGE_CURVE ( 'NONE', #4073, #1456, #2776, .T. ) ;
#2872 = VERTEX_POINT ( 'NONE', #818 ) ;
#2873 = UNCERTAINTY_MEASURE_WITH_UNIT (LENGTH_MEASURE( 1.000000000000000100E-005 ), #4880, 'distance_accuracy_value', 'NONE');
#2874 = SURFACE_STYLE_FILL_AREA ( #2186 ) ;
#2875 = DIRECTION ( 'NONE',  ( -0.0000000000000000000, -0.0000000000000000000, -1.000000000000000000 ) ) ;
#2876 = CARTESIAN_POINT ( 'NONE',  ( -6.800000000000000700, -0.4000000000000008500, 2.799999999999998900 ) ) ;
#2877 = AXIS2_PLACEMENT_3D ( 'NONE', #536, #1478, #4801 ) ;
#2878 = ORIENTED_EDGE ( 'NONE', *, *, #3154, .F. ) ;
#2879 = LINE ( 'NONE', #4537, #2726 ) ;
#2880 = CARTESIAN_POINT ( 'NONE',  ( -5.269999999999999600, 4.129999999999999900, -2.814999999999999100 ) ) ;
#2881 = PLANE ( 'NONE',  #2244 ) ;
#2882 =( LENGTH_UNIT ( ) NAMED_UNIT ( * ) SI_UNIT ( .MILLI., .METRE. ) );
#2883 = EDGE_CURVE ( 'NONE', #2057, #5384, #2636, .T. ) ;
#2884 = VERTEX_POINT ( 'NONE', #1778 ) ;
#2885 = SURFACE_STYLE_USAGE ( .BOTH. , #5723 ) ;
#2886 = ORIENTED_EDGE ( 'NONE', *, *, #5018, .T. ) ;
#2887 = CARTESIAN_POINT ( 'NONE',  ( -0.2000000000000005100, 2.160000000000000100, -1.745000000000000100 ) ) ;
#2888 = VECTOR ( 'NONE', #3430, 1000.000000000000000 ) ;
#2889 = DIRECTION ( 'NONE',  ( 0.0000000000000000000, 1.000000000000000000, 4.251773225433350200E-016 ) ) ;
#2890 = ORIENTED_EDGE ( 'NONE', *, *, #4738, .T. ) ;
#2891 =( LENGTH_UNIT ( ) NAMED_UNIT ( * ) SI_UNIT ( .MILLI., .METRE. ) );
#2892 = PLANE ( 'NONE',  #2229 ) ;
#2893 = LINE ( 'NONE', #19, #376 ) ;
#2894 = CARTESIAN_POINT ( 'NONE',  ( 0.0000000000000000000, 3.629999999999999900, -2.544999999999999900 ) ) ;
#2895 = ORIENTED_EDGE ( 'NONE', *, *, #4449, .F. ) ;
#2896 = DIRECTION ( 'NONE',  ( 1.000000000000000000, -0.0000000000000000000, -0.0000000000000000000 ) ) ;
#2897 = ADVANCED_FACE ( 'NONE', ( #2492 ), #5594, .F. ) ;
#2898 =( LENGTH_UNIT ( ) NAMED_UNIT ( * ) SI_UNIT ( .MILLI., .METRE. ) );
#2899 = CARTESIAN_POINT ( 'NONE',  ( -3.110000000000000800, 5.250000000000000000, -3.809999999999999600 ) ) ;
#2900 = LINE ( 'NONE', #1650, #1621 ) ;
#2901 = DIRECTION ( 'NONE',  ( 0.0000000000000000000, 0.0000000000000000000, -1.000000000000000000 ) ) ;
#2902 = LINE ( 'NONE', #5641, #4138 ) ;
#2903 = EDGE_CURVE ( 'NONE', #3296, #6048, #2033, .T. ) ;
#2904 = DIRECTION ( 'NONE',  ( 1.000000000000000000, -0.0000000000000000000, -0.0000000000000000000 ) ) ;
#2905 = CARTESIAN_POINT ( 'NONE',  ( -6.564732843086535000, 0.2403027167644433400, 0.2500000000000000000 ) ) ;
#2906 = MECHANICAL_DESIGN_GEOMETRIC_PRESENTATION_REPRESENTATION (  '', ( #1941 ), #3207 ) ;
#2907 = DIRECTION ( 'NONE',  ( -0.0000000000000000000, -0.0000000000000000000, -1.000000000000000000 ) ) ;
#2908 = ORIENTED_EDGE ( 'NONE', *, *, #2007, .F. ) ;
#2909 = CARTESIAN_POINT ( 'NONE',  ( -0.1299999999999988700, -0.3000000000000000400, -2.899999999999999900 ) ) ;
#2910 = CARTESIAN_POINT ( 'NONE',  ( 1.299999999999991600, 1.760000000000000500, -3.250000000000000400 ) ) ;
#2911 = DIRECTION ( 'NONE',  ( 0.0000000000000000000, 1.000000000000000000, 0.0000000000000000000 ) ) ;
#2912 = CARTESIAN_POINT ( 'NONE',  ( -1.500000000000000000, -4.878909776184770000E-016, -4.309999999999999600 ) ) ;
#2913 = EDGE_LOOP ( 'NONE', ( #3425, #4792, #5879, #125 ) ) ;
#2914 = AXIS2_PLACEMENT_3D ( 'NONE', #1944, #5273, #2436 ) ;
#2915 = ORIENTED_EDGE ( 'NONE', *, *, #4556, .T. ) ;
#2916 = CARTESIAN_POINT ( 'NONE',  ( -1.500000000000000000, -0.4200000000000007600, -4.309999999999999600 ) ) ;
#2917 = CARTESIAN_POINT ( 'NONE',  ( -7.050000000000000700, 5.249999999999999100, -4.309999999999999600 ) ) ;
#2918 = SURFACE_STYLE_USAGE ( .BOTH. , #5756 ) ;
#2919 = ORIENTED_EDGE ( 'NONE', *, *, #1266, .T. ) ;
#2920 = FILL_AREA_STYLE_COLOUR ( '', #4064 ) ;
#2921 = AXIS2_PLACEMENT_3D ( 'NONE', #5608, #2758, #6082 ) ;
#2922 = EDGE_CURVE ( 'NONE', #4336, #1738, #5830, .T. ) ;
#2923 = LINE ( 'NONE', #5587, #399 ) ;
#2924 = CARTESIAN_POINT ( 'NONE',  ( -0.1299999999999995600, -0.3000000000000000400, 2.799999999999999800 ) ) ;
#2925 = ORIENTED_EDGE ( 'NONE', *, *, #1042, .T. ) ;
#2926 = PLANE ( 'NONE',  #380 ) ;
#2927 = VECTOR ( 'NONE', #2619, 1000.000000000000000 ) ;
#2928 = ADVANCED_FACE ( 'NONE', ( #762 ), #5147, .T. ) ;
#2929 = LINE ( 'NONE', #4785, #2772 ) ;
#2930 = CARTESIAN_POINT ( 'NONE',  ( -5.069999999999999400, 0.4300090093458146000, 0.3960850015576333800 ) ) ;
#2931 = AXIS2_PLACEMENT_3D ( 'NONE', #3683, #1323, #4640 ) ;
#2932 = EDGE_CURVE ( 'NONE', #530, #869, #2701, .T. ) ;
#2933 = CARTESIAN_POINT ( 'NONE',  ( -6.200000000000000200, 2.538389237197199200, 2.250000000000000400 ) ) ;
#2934 = VECTOR ( 'NONE', #2100, 1000.000000000000000 ) ;
#2935 = LINE ( 'NONE', #961, #2774 ) ;
#2936 = LINE ( 'NONE', #1021, #411 ) ;
#2937 = CARTESIAN_POINT ( 'NONE',  ( -0.3000000000000016500, 2.160000000000000100, -1.745000000000000100 ) ) ;
#2938 = FILL_AREA_STYLE ('',( #5774 ) ) ;
#2940 = VERTEX_POINT ( 'NONE', #1839 ) ;
#2939 = LINE ( 'NONE', #5290, #3879 ) ;
#2941 = PRESENTATION_STYLE_ASSIGNMENT (( #1847 ) ) ;
#2942 = LINE ( 'NONE', #3001, #1810 ) ;
#2943 = DIRECTION ( 'NONE',  ( 0.0000000000000000000, -4.251773225433350200E-016, 1.000000000000000000 ) ) ;
#2944 = EDGE_CURVE ( 'NONE', #3829, #5148, #3949, .T. ) ;
#2945 = ORIENTED_EDGE ( 'NONE', *, *, #1792, .T. ) ;
#2946 = ORIENTED_EDGE ( 'NONE', *, *, #5590, .F. ) ;
#2947 = UNCERTAINTY_MEASURE_WITH_UNIT (LENGTH_MEASURE( 1.000000000000000100E-005 ), #2807, 'distance_accuracy_value', 'NONE');
#2948 = DIRECTION ( 'NONE',  ( 1.000000000000000000, 0.0000000000000000000, 0.0000000000000000000 ) ) ;
#2949 = DIRECTION ( 'NONE',  ( -0.0000000000000000000, -0.0000000000000000000, 1.000000000000000000 ) ) ;
#2950 = PLANE ( 'NONE',  #990 ) ;
#2951 = ORIENTED_EDGE ( 'NONE', *, *, #3301, .T. ) ;
#2952 = DIRECTION ( 'NONE',  ( 0.0000000000000000000, 0.0000000000000000000, 1.000000000000000000 ) ) ;
#2953 = PRESENTATION_LAYER_ASSIGNMENT (  '', '', ( #3568 ) ) ;
#2954 = ORIENTED_EDGE ( 'NONE', *, *, #5060, .F. ) ;
#2955 = ORIENTED_EDGE ( 'NONE', *, *, #1276, .T. ) ;
#2956 = VECTOR ( 'NONE', #4847, 1000.000000000000000 ) ;
#2957 = SURFACE_SIDE_STYLE ('',( #4205 ) ) ;
#2958 = DIRECTION ( 'NONE',  ( 0.0000000000000000000, 0.0000000000000000000, 1.000000000000000000 ) ) ;
#2959 = VERTEX_POINT ( 'NONE', #2801 ) ;
#2960 = CARTESIAN_POINT ( 'NONE',  ( -5.500000000000000000, 3.629999999999999900, 1.350000000000000100 ) ) ;
#2961 = DIRECTION ( 'NONE',  ( -1.000000000000000000, -1.224646799147353200E-016, -0.0000000000000000000 ) ) ;
#2962 = LINE ( 'NONE', #2662, #427 ) ;
#2963 = EDGE_CURVE ( 'NONE', #1932, #3966, #193, .T. ) ;
#2964 = SURFACE_STYLE_USAGE ( .BOTH. , #5802 ) ;
#2965 = ORIENTED_EDGE ( 'NONE', *, *, #3077, .T. ) ;
#2966 = ORIENTED_EDGE ( 'NONE', *, *, #3377, .T. ) ;
#2967 =( NAMED_UNIT ( * ) SI_UNIT ( $, .STERADIAN. ) SOLID_ANGLE_UNIT ( ) );
#2968 = LINE ( 'NONE', #5436, #5342 ) ;
#2969 = VERTEX_POINT ( 'NONE', #4701 ) ;
#2970 = VECTOR ( 'NONE', #4991, 1000.000000000000000 ) ;
#2971 = VERTEX_POINT ( 'NONE', #440 ) ;
#2972 = SURFACE_SIDE_STYLE ('',( #3336 ) ) ;
#2973 = AXIS2_PLACEMENT_3D ( 'NONE', #3158, #333, #3633 ) ;
#2974 = EDGE_CURVE ( 'NONE', #1664, #6107, #44, .T. ) ;
#2975 = FACE_OUTER_BOUND ( 'NONE', #1837, .T. ) ;
#2976 = DIRECTION ( 'NONE',  ( 1.000000000000000000, 0.0000000000000000000, -0.0000000000000000000 ) ) ;
#2977 = FACE_OUTER_BOUND ( 'NONE', #346, .T. ) ;
#2978 = CARTESIAN_POINT ( 'NONE',  ( -7.112823952774906600, 0.2403027167644433400, -2.250000000000000400 ) ) ;
#2979 = ORIENTED_EDGE ( 'NONE', *, *, #71, .F. ) ;
#2980 = CARTESIAN_POINT ( 'NONE',  ( -4.500000000000000900, -0.4200000000000008200, 3.809999999999999600 ) ) ;
#2981 = LINE ( 'NONE', #1954, #3254 ) ;
#2982 = VECTOR ( 'NONE', #695, 1000.000000000000000 ) ;
#2983 = CARTESIAN_POINT ( 'NONE',  ( -5.540000000000000000, -7.047314121155778800E-016, -0.2500000000000000000 ) ) ;
#2984 = PLANE ( 'NONE',  #2145 ) ;
#2985 = ORIENTED_EDGE ( 'NONE', *, *, #5921, .F. ) ;
#2986 =( LENGTH_UNIT ( ) NAMED_UNIT ( * ) SI_UNIT ( .MILLI., .METRE. ) );
#2987 = LINE ( 'NONE', #5237, #1705 ) ;
#2988 = CARTESIAN_POINT ( 'NONE',  ( -6.699999999999999300, -0.4000000000000008500, -3.450000000000001100 ) ) ;
#2989 = VERTEX_POINT ( 'NONE', #2820 ) ;
#2990 = ORIENTED_EDGE ( 'NONE', *, *, #2297, .T. ) ;
#2991 = EDGE_CURVE ( 'NONE', #278, #2716, #1279, .T. ) ;
#2992 = CARTESIAN_POINT ( 'NONE',  ( -6.919660186493931800, -0.6257768975473813100, -1.750000000000000200 ) ) ;
#2993 = AXIS2_PLACEMENT_3D ( 'NONE', #5583, #2729, #6053 ) ;
#2994 = DIRECTION ( 'NONE',  ( -1.224646799147353200E-016, 1.000000000000000000, 2.736911063134408300E-048 ) ) ;
#2995 = CARTESIAN_POINT ( 'NONE',  ( -6.919660186493931800, -1.980000000000000000, -1.750000000000000200 ) ) ;
#2996 = ORIENTED_EDGE ( 'NONE', *, *, #4132, .T. ) ;
#2997 = EDGE_CURVE ( 'NONE', #1830, #5632, #3654, .T. ) ;
#2998 = ORIENTED_EDGE ( 'NONE', *, *, #943, .T. ) ;
#2999 = CARTESIAN_POINT ( 'NONE',  ( 0.8300000000000005200, 0.5000000000000004400, -1.684999999999999800 ) ) ;
#3000 = EDGE_CURVE ( 'NONE', #4520, #2546, #1423, .T. ) ;
#3001 = CARTESIAN_POINT ( 'NONE',  ( -0.3000000000000016500, 2.159999999999985900, 1.745000000000000100 ) ) ;
#3002 = EDGE_CURVE ( 'NONE', #1893, #5563, #2404, .T. ) ;
#3003 = ORIENTED_EDGE ( 'NONE', *, *, #5098, .F. ) ;
#3004 = FACE_OUTER_BOUND ( 'NONE', #573, .T. ) ;
#3005 = DIRECTION ( 'NONE',  ( 0.0000000000000000000, -4.251773225433350200E-016, -1.000000000000000000 ) ) ;
#3006 = DIRECTION ( 'NONE',  ( 1.000000000000000000, -0.0000000000000000000, -0.0000000000000000000 ) ) ;
#3007 = VECTOR ( 'NONE', #6000, 1000.000000000000000 ) ;
#3008 = SURFACE_STYLE_USAGE ( .BOTH. , #5826 ) ;
#3009 = FACE_OUTER_BOUND ( 'NONE', #1566, .T. ) ;
#3010 = PRESENTATION_STYLE_ASSIGNMENT (( #4942 ) ) ;
#3011 = EDGE_CURVE ( 'NONE', #2940, #5599, #1134, .T. ) ;
#3012 = DIRECTION ( 'NONE',  ( 0.0000000000000000000, -0.0000000000000000000, 1.000000000000000000 ) ) ;
#3014 = EDGE_LOOP ( 'NONE', ( #1363, #279, #562, #4329 ) ) ;
#3013 = COLOUR_RGB ( '',0.8000000000000000400, 0.8039215686274510100, 0.8000000000000000400 ) ;
#3015 = CARTESIAN_POINT ( 'NONE',  ( -6.233601076852520100, -0.6257768975473829700, 0.2500000000000000000 ) ) ;
#3016 = VECTOR ( 'NONE', #3340, 1000.000000000000000 ) ;
#3017 = VECTOR ( 'NONE', #5155, 1000.000000000000000 ) ;
#3018 =( NAMED_UNIT ( * ) PLANE_ANGLE_UNIT ( ) SI_UNIT ( $, .RADIAN. ) );
#3019 = STYLED_ITEM ( 'NONE', ( #1459 ), #5015 ) ;
#3020 = LINE ( 'NONE', #472, #3955 ) ;
#3021 = EDGE_LOOP ( 'NONE', ( #3203, #5736, #4606, #5840 ) ) ;
#3022 =( NAMED_UNIT ( * ) PLANE_ANGLE_UNIT ( ) SI_UNIT ( $, .RADIAN. ) );
#3023 = CIRCLE ( 'NONE', #2973, 0.09999999999999982500 ) ;
#3024 = VECTOR ( 'NONE', #1861, 1000.000000000000000 ) ;
#3025 = DIRECTION ( 'NONE',  ( 0.0000000000000000000, 1.000000000000000000, 0.0000000000000000000 ) ) ;
#3026 = ORIENTED_EDGE ( 'NONE', *, *, #3717, .T. ) ;
#3027 = ORIENTED_EDGE ( 'NONE', *, *, #447, .T. ) ;
#3028 = VERTEX_POINT ( 'NONE', #477 ) ;
#3029 = CARTESIAN_POINT ( 'NONE',  ( -5.269999999999999600, 5.200000000000000200, -2.045000000000000400 ) ) ;
#3030 = FACE_OUTER_BOUND ( 'NONE', #452, .T. ) ;
#3031 = PRESENTATION_LAYER_ASSIGNMENT (  '', '', ( #2064 ) ) ;
#3032 = ORIENTED_EDGE ( 'NONE', *, *, #5011, .T. ) ;
#3033 = PLANE ( 'NONE',  #6135 ) ;
#3034 = ADVANCED_FACE ( 'NONE', ( #5895 ), #2107, .T. ) ;
#3035 = STYLED_ITEM ( 'NONE', ( #2003 ), #1797 ) ;
#3036 = DIRECTION ( 'NONE',  ( -0.5000000000000006700, -0.0000000000000000000, -0.8660254037844382600 ) ) ;
#3037 = ORIENTED_EDGE ( 'NONE', *, *, #1497, .F. ) ;
#3038 = DIRECTION ( 'NONE',  ( 0.0000000000000000000, 1.000000000000000000, 0.0000000000000000000 ) ) ;
#3039 = LINE ( 'NONE', #1939, #1766 ) ;
#3040 = EDGE_CURVE ( 'NONE', #5547, #4229, #3359, .T. ) ;
#3041 = ORIENTED_EDGE ( 'NONE', *, *, #334, .T. ) ;
#3042 = MECHANICAL_DESIGN_GEOMETRIC_PRESENTATION_REPRESENTATION (  '', ( #2398 ), #3342 ) ;
#3043 = DIRECTION ( 'NONE',  ( 0.0000000000000000000, -1.000000000000000000, 1.032573497605242300E-016 ) ) ;
#3044 = CYLINDRICAL_SURFACE ( 'NONE', #6106, 0.3647328430865350300 ) ;
#3045 = ORIENTED_EDGE ( 'NONE', *, *, #1059, .F. ) ;
#3046 = PRESENTATION_LAYER_ASSIGNMENT (  '', '', ( #2406 ) ) ;
#3047 = FILL_AREA_STYLE_COLOUR ( '', #431 ) ;
#3048 = EDGE_CURVE ( 'NONE', #998, #2503, #4616, .T. ) ;
#3049 = SURFACE_STYLE_FILL_AREA ( #2482 ) ;
#3050 = CIRCLE ( 'NONE', #485, 0.6860591096414115900 ) ;
#3051 = CARTESIAN_POINT ( 'NONE',  ( -6.200000000000000200, 2.903122080283735000, -0.2500000000000000000 ) ) ;
#3052 = VECTOR ( 'NONE', #5140, 1000.000000000000000 ) ;
#3053 = SURFACE_SIDE_STYLE ('',( #4580 ) ) ;
#3054 = EDGE_LOOP ( 'NONE', ( #5540, #3292, #1069, #3736 ) ) ;
#3055 = ORIENTED_EDGE ( 'NONE', *, *, #4928, .F. ) ;
#3056 = CARTESIAN_POINT ( 'NONE',  ( -6.919660186493931800, -1.980000000000000000, 2.250000000000000400 ) ) ;
#3057 = ADVANCED_FACE ( 'NONE', ( #2260 ), #4259, .F. ) ;
#3058 = CARTESIAN_POINT ( 'NONE',  ( 0.0000000000000000000, 0.0000000000000000000, -5.000000000000000000 ) ) ;
#3059 = SURFACE_SIDE_STYLE ('',( #548 ) ) ;
#3060 = VERTEX_POINT ( 'NONE', #35 ) ;
#3061 = ORIENTED_EDGE ( 'NONE', *, *, #345, .T. ) ;
#3062 = PRESENTATION_LAYER_ASSIGNMENT (  '', '', ( #2742 ) ) ;
#3063 = PLANE ( 'NONE',  #1872 ) ;
#3064 = ORIENTED_EDGE ( 'NONE', *, *, #3626, .F. ) ;
#3065 = CARTESIAN_POINT ( 'NONE',  ( -0.2000000000000005100, 0.0000000000000000000, 0.0000000000000000000 ) ) ;
#3066 = CARTESIAN_POINT ( 'NONE',  ( 0.0000000000000000000, 1.760000000000000500, -4.309999999999999600 ) ) ;
#3067 = FACE_OUTER_BOUND ( 'NONE', #1521, .T. ) ;
#3068 = DIRECTION ( 'NONE',  ( 1.224646799147353200E-016, -1.000000000000000000, -2.736911063134408300E-048 ) ) ;
#3069 = EDGE_CURVE ( 'NONE', #2037, #2508, #405, .T. ) ;
#3070 = EDGE_CURVE ( 'NONE', #2541, #1864, #2929, .T. ) ;
#3071 =( LENGTH_UNIT ( ) NAMED_UNIT ( * ) SI_UNIT ( .MILLI., .METRE. ) );
#3072 = PLANE ( 'NONE',  #787 ) ;
#3073 = VECTOR ( 'NONE', #5408, 1000.000000000000000 ) ;
#3074 = DIRECTION ( 'NONE',  ( 1.224646799147353200E-016, -1.000000000000000000, 0.0000000000000000000 ) ) ;
#3075 = DIRECTION ( 'NONE',  ( 0.0000000000000000000, 0.0000000000000000000, 1.000000000000000000 ) ) ;
#3076 = AXIS2_PLACEMENT_3D ( 'NONE', #2535, #3452, #641 ) ;
#3077 = EDGE_CURVE ( 'NONE', #201, #1264, #5306, .T. ) ;
#3078 = EDGE_LOOP ( 'NONE', ( #1902, #5268, #2272, #1192, #4568, #157 ) ) ;
#3079 = LINE ( 'NONE', #1331, #556 ) ;
#3080 = VECTOR ( 'NONE', #5819, 1000.000000000000000 ) ;
#3081 = DIRECTION ( 'NONE',  ( -0.0000000000000000000, -0.0000000000000000000, 1.000000000000000000 ) ) ;
#3082 = CARTESIAN_POINT ( 'NONE',  ( -1.646572197020222500, 1.760000000000000200, -4.309999999999999600 ) ) ;
#3083 = ADVANCED_FACE ( 'NONE', ( #3873 ), #5151, .T. ) ;
#3084 = CARTESIAN_POINT ( 'NONE',  ( -5.000000000000000000, 2.160000000000000100, -1.745000000000000100 ) ) ;
#3085 = ORIENTED_EDGE ( 'NONE', *, *, #4216, .T. ) ;
#3086 = EDGE_LOOP ( 'NONE', ( #1526, #1772, #4710, #2998, #6029, #1309, #2946, #4967, #5472, #433, #4384, #2542, #3983, #2787, #3090, #1362, #889, #2684, #1608, #3889 ) ) ;
#3087 = FILL_AREA_STYLE ('',( #2616 ) ) ;
#3088 = DIRECTION ( 'NONE',  ( 6.821946253841378900E-016, 0.0000000000000000000, -1.000000000000000000 ) ) ;
#3089 = EDGE_LOOP ( 'NONE', ( #1335, #2431, #2659, #2018 ) ) ;
#3090 = ORIENTED_EDGE ( 'NONE', *, *, #2525, .F. ) ;
#3091 = CARTESIAN_POINT ( 'NONE',  ( -0.2000000000000005100, 2.102264973081022800, 2.197264973081036700 ) ) ;
#3092 = LINE ( 'NONE', #5977, #424 ) ;
#3093 = DIRECTION ( 'NONE',  ( 1.000000000000000000, 0.0000000000000000000, 0.0000000000000000000 ) ) ;
#3094 = ORIENTED_EDGE ( 'NONE', *, *, #2922, .F. ) ;
#3095 = MECHANICAL_DESIGN_GEOMETRIC_PRESENTATION_REPRESENTATION (  '', ( #2466 ), #3408 ) ;
#3096 = CARTESIAN_POINT ( 'NONE',  ( 1.800000000000000700, 1.760000000000000500, 3.538675134594816600 ) ) ;
#3097 = EDGE_CURVE ( 'NONE', #3163, #773, #1502, .T. ) ;
#3098 = MECHANICAL_DESIGN_GEOMETRIC_PRESENTATION_REPRESENTATION (  '', ( #2471 ), #3412 ) ;
#3099 = VERTEX_POINT ( 'NONE', #3371 ) ;
#3100 = ORIENTED_EDGE ( 'NONE', *, *, #1869, .T. ) ;
#3101 = ORIENTED_EDGE ( 'NONE', *, *, #2168, .T. ) ;
#3102 = VECTOR ( 'NONE', #3529, 1000.000000000000000 ) ;
#3103 = DIRECTION ( 'NONE',  ( 0.0000000000000000000, 0.0000000000000000000, -1.000000000000000000 ) ) ;
#3104 = DIRECTION ( 'NONE',  ( 0.0000000000000000000, -1.000000000000000000, 0.0000000000000000000 ) ) ;
#3105 = ORIENTED_EDGE ( 'NONE', *, *, #1909, .F. ) ;
#3106 = SURFACE_STYLE_FILL_AREA ( #3417 ) ;
#3107 = VECTOR ( 'NONE', #3821, 1000.000000000000000 ) ;
#3108 = EDGE_LOOP ( 'NONE', ( #2955, #1596, #3193, #1936 ) ) ;
#3109 = DIRECTION ( 'NONE',  ( -1.000000000000000000, 0.0000000000000000000, 0.0000000000000000000 ) ) ;
#3110 = VECTOR ( 'NONE', #2741, 1000.000000000000000 ) ;
#3111 = ADVANCED_FACE ( 'NONE', ( #120 ), #1485, .F. ) ;
#3112 = CARTESIAN_POINT ( 'NONE',  ( -6.200000000000000200, 0.0000000000000000000, 1.750000000000000000 ) ) ;
#3113 = MECHANICAL_DESIGN_GEOMETRIC_PRESENTATION_REPRESENTATION (  '', ( #2167 ), #3427 ) ;
#3114 = ORIENTED_EDGE ( 'NONE', *, *, #5896, .F. ) ;
#3115 = EDGE_CURVE ( 'NONE', #848, #2317, #5000, .T. ) ;
#3116 = DIRECTION ( 'NONE',  ( 1.000000000000000000, 1.807003620809174000E-017, 0.0000000000000000000 ) ) ;
#3117 = VECTOR ( 'NONE', #5261, 1000.000000000000000 ) ;
#3118 = CARTESIAN_POINT ( 'NONE',  ( -6.799999999999999800, -8.327598234202001100E-016, -2.799999999999999400 ) ) ;
#3119 = FACE_OUTER_BOUND ( 'NONE', #4887, .T. ) ;
#3120 = ORIENTED_EDGE ( 'NONE', *, *, #69, .F. ) ;
#3121 = AXIS2_PLACEMENT_3D ( 'NONE', #3847, #1002, #4317 ) ;
#3122 = LINE ( 'NONE', #1429, #741 ) ;
#3123 = DIRECTION ( 'NONE',  ( -1.224646799147353200E-016, 1.000000000000000000, 0.0000000000000000000 ) ) ;
#3124 = ORIENTED_EDGE ( 'NONE', *, *, #6032, .F. ) ;
#3125 = ORIENTED_EDGE ( 'NONE', *, *, #1792, .F. ) ;
#3126 = VERTEX_POINT ( 'NONE', #3863 ) ;
#3127 = ORIENTED_EDGE ( 'NONE', *, *, #3609, .F. ) ;
#3128 = DIRECTION ( 'NONE',  ( 0.0000000000000000000, -0.0000000000000000000, 1.000000000000000000 ) ) ;
#3129 = DIRECTION ( 'NONE',  ( 1.000000000000000000, -0.0000000000000000000, -2.834515483622233600E-016 ) ) ;
#3130 = CARTESIAN_POINT ( 'NONE',  ( 0.0000000000000000000, 3.629999999999999900, 2.544999999999999900 ) ) ;
#3131 = ORIENTED_EDGE ( 'NONE', *, *, #3301, .F. ) ;
#3132 = AXIS2_PLACEMENT_3D ( 'NONE', #5026, #2180, #5505 ) ;
#3133 = LINE ( 'NONE', #602, #5525 ) ;
#3134 = ADVANCED_FACE ( 'NONE', ( #3721 ), #559, .F. ) ;
#3135 = AXIS2_PLACEMENT_3D ( 'NONE', #3950, #1120, #4433 ) ;
#3136 = CARTESIAN_POINT ( 'NONE',  ( -4.500000000000000900, -0.4200000000000008200, 3.809999999999999600 ) ) ;
#3137 = VECTOR ( 'NONE', #2185, 1000.000000000000000 ) ;
#3138 = LINE ( 'NONE', #2480, #5528 ) ;
#3139 = UNCERTAINTY_MEASURE_WITH_UNIT (LENGTH_MEASURE( 1.000000000000000100E-005 ), #2660, 'distance_accuracy_value', 'NONE');
#3140 = CARTESIAN_POINT ( 'NONE',  ( -3.110000000000000800, 5.200000000000000200, 5.000000000000000000 ) ) ;
#3141 = PRESENTATION_STYLE_ASSIGNMENT (( #2778 ) ) ;
#3142 = CARTESIAN_POINT ( 'NONE',  ( -0.1299999999999999200, -0.3000000000000000400, 3.449999999999999300 ) ) ;
#3143 = EDGE_CURVE ( 'NONE', #281, #1893, #757, .T. ) ;
#3144 = AXIS2_PLACEMENT_3D ( 'NONE', #2245, #5568, #4589 ) ;
#3146 = EDGE_LOOP ( 'NONE', ( #608, #5810, #1336, #394 ) ) ;
#3145 = LINE ( 'NONE', #5397, #764 ) ;
#3147 = FACE_OUTER_BOUND ( 'NONE', #5134, .T. ) ;
#3148 = DIRECTION ( 'NONE',  ( 0.0000000000000000000, -1.000000000000000000, 0.0000000000000000000 ) ) ;
#3149 = ORIENTED_EDGE ( 'NONE', *, *, #5938, .T. ) ;
#3150 = DIRECTION ( 'NONE',  ( -0.0000000000000000000, -0.0000000000000000000, -1.000000000000000000 ) ) ;
#3151 = CARTESIAN_POINT ( 'NONE',  ( -6.799999999999999800, -0.3000000000000008200, 5.000000000000000000 ) ) ;
#3152 =( LENGTH_UNIT ( ) NAMED_UNIT ( * ) SI_UNIT ( .MILLI., .METRE. ) );
#3153 = PRESENTATION_LAYER_ASSIGNMENT (  '', '', ( #2530 ) ) ;
#3154 = EDGE_CURVE ( 'NONE', #3871, #5759, #4541, .T. ) ;
#3155 = ORIENTED_EDGE ( 'NONE', *, *, #5503, .T. ) ;
#3156 = EDGE_LOOP ( 'NONE', ( #4872, #1447, #5850, #3612 ) ) ;
#3157 = ORIENTED_EDGE ( 'NONE', *, *, #116, .T. ) ;
#3158 = CARTESIAN_POINT ( 'NONE',  ( -0.1299999999999996200, -0.3000000000000000400, 3.349999999999999600 ) ) ;
#3159 = DIRECTION ( 'NONE',  ( 1.000000000000000000, 0.0000000000000000000, 0.0000000000000000000 ) ) ;
#3160 = ORIENTED_EDGE ( 'NONE', *, *, #5965, .T. ) ;
#3161 = CARTESIAN_POINT ( 'NONE',  ( -6.219660186493931600, -0.9799999999999999800, -2.250000000000000400 ) ) ;
#3162 =( NAMED_UNIT ( * ) SI_UNIT ( $, .STERADIAN. ) SOLID_ANGLE_UNIT ( ) );
#3163 = VERTEX_POINT ( 'NONE', #2498 ) ;
#3164 = PLANE ( 'NONE',  #2526 ) ;
#3165 = EDGE_LOOP ( 'NONE', ( #4473, #5906, #6054, #1283 ) ) ;
#3166 = DIRECTION ( 'NONE',  ( 4.470936793754660800E-016, 5.475318433661775700E-032, -1.000000000000000000 ) ) ;
#3167 = LINE ( 'NONE', #5061, #656 ) ;
#3168 = ADVANCED_FACE ( 'NONE', ( #2028 ), #4359, .F. ) ;
#3169 = SURFACE_STYLE_FILL_AREA ( #249 ) ;
#3170 = ORIENTED_EDGE ( 'NONE', *, *, #5285, .T. ) ;
#3171 = DIRECTION ( 'NONE',  ( 0.0000000000000000000, -0.0000000000000000000, 1.000000000000000000 ) ) ;
#3172 = SURFACE_SIDE_STYLE ('',( #5924 ) ) ;
#3173 = VERTEX_POINT ( 'NONE', #5813 ) ;
#3174 = LINE ( 'NONE', #67, #5257 ) ;
#3175 = CARTESIAN_POINT ( 'NONE',  ( 0.0000000000000000000, 4.129999999999999900, -2.044999999999999900 ) ) ;
#3176 = EDGE_CURVE ( 'NONE', #4261, #3539, #3133, .T. ) ;
#3177 = LINE ( 'NONE', #515, #793 ) ;
#3178 =( GEOMETRIC_REPRESENTATION_CONTEXT ( 3 ) GLOBAL_UNCERTAINTY_ASSIGNED_CONTEXT ( ( #6007 ) ) GLOBAL_UNIT_ASSIGNED_CONTEXT ( ( #4820, #1977, #5308 ) ) REPRESENTATION_CONTEXT ( 'NONE', 'WORKASPACE' ) );
#3179 = ORIENTED_EDGE ( 'NONE', *, *, #1716, .T. ) ;
#3180 = FACE_OUTER_BOUND ( 'NONE', #1203, .T. ) ;
#3181 = DIRECTION ( 'NONE',  ( 0.0000000000000000000, 0.0000000000000000000, -1.000000000000000000 ) ) ;
#3182 = EDGE_CURVE ( 'NONE', #4229, #2338, #1874, .T. ) ;
#3183 =( NAMED_UNIT ( * ) PLANE_ANGLE_UNIT ( ) SI_UNIT ( $, .RADIAN. ) );
#3184 = DIRECTION ( 'NONE',  ( 0.0000000000000000000, 0.0000000000000000000, -1.000000000000000000 ) ) ;
#3185 = LINE ( 'NONE', #5381, #1925 ) ;
#3186 = DIRECTION ( 'NONE',  ( 0.0000000000000000000, -1.000000000000000000, -6.927809408853064600E-017 ) ) ;
#3187 =( LENGTH_UNIT ( ) NAMED_UNIT ( * ) SI_UNIT ( .MILLI., .METRE. ) );
#3188 = VECTOR ( 'NONE', #2752, 1000.000000000000000 ) ;
#3189 = STYLED_ITEM ( 'NONE', ( #841 ), #3571 ) ;
#3190 = EDGE_CURVE ( 'NONE', #3265, #1249, #4240, .T. ) ;
#3191 = PLANE ( 'NONE',  #2285 ) ;
#3192 = CARTESIAN_POINT ( 'NONE',  ( -5.000000000000000000, 3.629999999999999900, 2.544999999999999900 ) ) ;
#3193 = ORIENTED_EDGE ( 'NONE', *, *, #4981, .F. ) ;
#3194 = ORIENTED_EDGE ( 'NONE', *, *, #3293, .T. ) ;
#3195 =( NAMED_UNIT ( * ) PLANE_ANGLE_UNIT ( ) SI_UNIT ( $, .RADIAN. ) );
#3196 = UNCERTAINTY_MEASURE_WITH_UNIT (LENGTH_MEASURE( 1.000000000000000100E-005 ), #6046, 'distance_accuracy_value', 'NONE');
#3197 = ORIENTED_EDGE ( 'NONE', *, *, #2974, .T. ) ;
#3198 = ADVANCED_FACE ( 'NONE', ( #469 ), #2843, .T. ) ;
#3199 = ORIENTED_EDGE ( 'NONE', *, *, #6021, .F. ) ;
#3200 = SURFACE_STYLE_USAGE ( .BOTH. , #4626 ) ;
#3201 = DIRECTION ( 'NONE',  ( -0.0000000000000000000, -0.0000000000000000000, -1.000000000000000000 ) ) ;
#3202 = CARTESIAN_POINT ( 'NONE',  ( -3.110000000000000800, 5.200000000000000200, 5.000000000000000000 ) ) ;
#3203 = ORIENTED_EDGE ( 'NONE', *, *, #1667, .F. ) ;
#3204 = DIRECTION ( 'NONE',  ( -1.000000000000000000, 0.0000000000000000000, 0.0000000000000000000 ) ) ;
#3205 = CARTESIAN_POINT ( 'NONE',  ( -6.800000000000000700, -0.4000000000000008500, 3.449999999999999300 ) ) ;
#3206 =( NAMED_UNIT ( * ) PLANE_ANGLE_UNIT ( ) SI_UNIT ( $, .RADIAN. ) );
#3207 =( GEOMETRIC_REPRESENTATION_CONTEXT ( 3 ) GLOBAL_UNCERTAINTY_ASSIGNED_CONTEXT ( ( #4427 ) ) GLOBAL_UNIT_ASSIGNED_CONTEXT ( ( #2027, #5359, #2517 ) ) REPRESENTATION_CONTEXT ( 'NONE', 'WORKASPACE' ) );
#3208 = DIRECTION ( 'NONE',  ( -0.8660254037844401500, 0.4999999999999973900, -0.0000000000000000000 ) ) ;
#3209 = PLANE ( 'NONE',  #2931 ) ;
#3210 = DIRECTION ( 'NONE',  ( -1.224646799147353000E-016, 0.0000000000000000000, -1.000000000000000000 ) ) ;
#3211 = ORIENTED_EDGE ( 'NONE', *, *, #3547, .T. ) ;
#3212 = LINE ( 'NONE', #5866, #5606 ) ;
#3213 = VERTEX_POINT ( 'NONE', #1626 ) ;
#3214 = AXIS2_PLACEMENT_3D ( 'NONE', #4237, #1396, #4724 ) ;
#3215 = CARTESIAN_POINT ( 'NONE',  ( -6.799999999999999800, 5.200000000000000200, 5.000000000000000000 ) ) ;
#3216 = VERTEX_POINT ( 'NONE', #702 ) ;
#3217 = LINE ( 'NONE', #3399, #1965 ) ;
#3218 = DIRECTION ( 'NONE',  ( -0.0000000000000000000, -1.000000000000000000, -0.0000000000000000000 ) ) ;
#3219 = PRESENTATION_LAYER_ASSIGNMENT (  '', '', ( #2607 ) ) ;
#3220 = CARTESIAN_POINT ( 'NONE',  ( -6.699999999999999300, -0.4000000000000008500, -3.350000000000001400 ) ) ;
#3221 = EDGE_CURVE ( 'NONE', #585, #2541, #1572, .T. ) ;
#3222 = ORIENTED_EDGE ( 'NONE', *, *, #71, .T. ) ;
#3223 = ORIENTED_EDGE ( 'NONE', *, *, #2615, .T. ) ;
#3224 = VECTOR ( 'NONE', #3104, 1000.000000000000000 ) ;
#3225 = ADVANCED_FACE ( 'NONE', ( #625 ), #2136, .T. ) ;
#3226 = SURFACE_SIDE_STYLE ('',( #5196 ) ) ;
#3227 = VERTEX_POINT ( 'NONE', #4980 ) ;
#3228 = EDGE_LOOP ( 'NONE', ( #1829, #4881, #1377, #5701 ) ) ;
#3229 = CARTESIAN_POINT ( 'NONE',  ( -6.200000000000000200, 3.903754866958950000E-018, -2.500000000000000000 ) ) ;
#3230 = EDGE_CURVE ( 'NONE', #5623, #5932, #4087, .T. ) ;
#3231 =( LENGTH_UNIT ( ) NAMED_UNIT ( * ) SI_UNIT ( .MILLI., .METRE. ) );
#3232 = VERTEX_POINT ( 'NONE', #3559 ) ;
#3233 = FACE_OUTER_BOUND ( 'NONE', #3785, .T. ) ;
#3234 = SURFACE_SIDE_STYLE ('',( #1141 ) ) ;
#3235 = CARTESIAN_POINT ( 'NONE',  ( -5.069999999999999400, 0.5000000000000004400, 0.3960850015576333800 ) ) ;
#3236 = VERTEX_POINT ( 'NONE', #4027 ) ;
#3237 = UNCERTAINTY_MEASURE_WITH_UNIT (LENGTH_MEASURE( 1.000000000000000100E-005 ), #53, 'distance_accuracy_value', 'NONE');
#3238 = FACE_OUTER_BOUND ( 'NONE', #3054, .T. ) ;
#3239 = CARTESIAN_POINT ( 'NONE',  ( -3.110000000000000800, 4.892693947073698100, -3.809999999999999600 ) ) ;
#3240 = LINE ( 'NONE', #694, #3102 ) ;
#3241 = EDGE_CURVE ( 'NONE', #5563, #2242, #1419, .T. ) ;
#3242 = ORIENTED_EDGE ( 'NONE', *, *, #5475, .T. ) ;
#3243 = VECTOR ( 'NONE', #5297, 1000.000000000000000 ) ;
#3244 =( NAMED_UNIT ( * ) PLANE_ANGLE_UNIT ( ) SI_UNIT ( $, .RADIAN. ) );
#3245 = LINE ( 'NONE', #4830, #1689 ) ;
#3246 = CARTESIAN_POINT ( 'NONE',  ( -5.000000000000000000, 2.160000000000000100, -1.745000000000000100 ) ) ;
#3247 = ORIENTED_EDGE ( 'NONE', *, *, #5345, .F. ) ;
#3248 = AXIS2_PLACEMENT_3D ( 'NONE', #2523, #1096, #4409 ) ;
#3249 = AXIS2_PLACEMENT_3D ( 'NONE', #1162, #1637, #4975 ) ;
#3250 = CARTESIAN_POINT ( 'NONE',  ( -5.000000000000000000, 0.5000000000000004400, -0.8499999999999998700 ) ) ;
#3251 = VERTEX_POINT ( 'NONE', #5954 ) ;
#3252 = COLOUR_RGB ( '',0.8000000000000000400, 0.8039215686274510100, 0.8000000000000000400 ) ;
#3253 = ADVANCED_FACE ( 'NONE', ( #5070 ), #5479, .F. ) ;
#3254 = VECTOR ( 'NONE', #4796, 1000.000000000000000 ) ;
#3255 = VECTOR ( 'NONE', #3510, 1000.000000000000000 ) ;
#3256 = DIRECTION ( 'NONE',  ( 1.000000000000000000, 1.224646799147353200E-016, -0.0000000000000000000 ) ) ;
#3257 = EDGE_CURVE ( 'NONE', #4321, #1379, #5218, .T. ) ;
#3258 = CARTESIAN_POINT ( 'NONE',  ( -1.500000000000000000, -0.4200000000000007600, -4.309999999999999600 ) ) ;
#3259 = EDGE_CURVE ( 'NONE', #5164, #2884, #5375, .T. ) ;
#3260 = ORIENTED_EDGE ( 'NONE', *, *, #1587, .F. ) ;
#3261 = CARTESIAN_POINT ( 'NONE',  ( -6.200000000000000200, 3.903754866958950000E-018, -2.500000000000000000 ) ) ;
#3262 = COLOUR_RGB ( '',0.8000000000000000400, 0.8039215686274510100, 0.8000000000000000400 ) ;
#3263 = CARTESIAN_POINT ( 'NONE',  ( -6.564732843086535000, 2.538389237197200600, 1.750000000000000000 ) ) ;
#3264 = ORIENTED_EDGE ( 'NONE', *, *, #3577, .F. ) ;
#3265 = VERTEX_POINT ( 'NONE', #2654 ) ;
#3266 = DIRECTION ( 'NONE',  ( -1.224646799147353200E-016, 1.000000000000000000, -0.0000000000000000000 ) ) ;
#3267 = AXIS2_PLACEMENT_3D ( 'NONE', #2195, #5519, #2669 ) ;
#3268 = EDGE_CURVE ( 'NONE', #607, #1296, #3788, .T. ) ;
#3269 = CARTESIAN_POINT ( 'NONE',  ( -6.200000000000000200, 2.903122080283735000, 2.250000000000000400 ) ) ;
#3270 = CARTESIAN_POINT ( 'NONE',  ( -5.000000000000000000, 0.4999999999999995600, -3.250000000000000400 ) ) ;
#3271 =( NAMED_UNIT ( * ) SI_UNIT ( $, .STERADIAN. ) SOLID_ANGLE_UNIT ( ) );
#3272 = UNCERTAINTY_MEASURE_WITH_UNIT (LENGTH_MEASURE( 1.000000000000000100E-005 ), #3152, 'distance_accuracy_value', 'NONE');
#3273 = ORIENTED_EDGE ( 'NONE', *, *, #4206, .T. ) ;
#3274 = VERTEX_POINT ( 'NONE', #5024 ) ;
#3275 = DIRECTION ( 'NONE',  ( 0.0000000000000000000, -1.000000000000000000, 0.0000000000000000000 ) ) ;
#3276 = ORIENTED_EDGE ( 'NONE', *, *, #2488, .T. ) ;
#3277 = CARTESIAN_POINT ( 'NONE',  ( -6.219660186493931600, -1.980000000000000000, -1.750000000000000200 ) ) ;
#3278 = FILL_AREA_STYLE ('',( #4226 ) ) ;
#3279 = VECTOR ( 'NONE', #4848, 1000.000000000000100 ) ;
#3280 = VECTOR ( 'NONE', #5005, 1000.000000000000000 ) ;
#3281 = VECTOR ( 'NONE', #3891, 1000.000000000000000 ) ;
#3282 = ADVANCED_FACE ( 'NONE', ( #39 ), #300, .T. ) ;
#3283 = SURFACE_STYLE_FILL_AREA ( #2300 ) ;
#3284 = EDGE_CURVE ( 'NONE', #5442, #539, #3648, .T. ) ;
#3285 = DIRECTION ( 'NONE',  ( 0.0000000000000000000, 1.000000000000000000, -0.0000000000000000000 ) ) ;
#3286 =( LENGTH_UNIT ( ) NAMED_UNIT ( * ) SI_UNIT ( .MILLI., .METRE. ) );
#3288 = ORIENTED_EDGE ( 'NONE', *, *, #3803, .T. ) ;
#3287 = LINE ( 'NONE', #1581, #2036 ) ;
#3289 = CARTESIAN_POINT ( 'NONE',  ( -7.050000000000000700, -0.01862330312848323900, 3.809999999999999600 ) ) ;
#3290 = CARTESIAN_POINT ( 'NONE',  ( -6.200000000000000200, 3.903754866958950000E-018, -2.500000000000000000 ) ) ;
#3291 = SURFACE_STYLE_USAGE ( .BOTH. , #6151 ) ;
#3292 = ORIENTED_EDGE ( 'NONE', *, *, #1601, .F. ) ;
#3293 = EDGE_CURVE ( 'NONE', #3951, #5289, #1272, .T. ) ;
#3294 =( NAMED_UNIT ( * ) SI_UNIT ( $, .STERADIAN. ) SOLID_ANGLE_UNIT ( ) );
#3295 = ORIENTED_EDGE ( 'NONE', *, *, #1356, .F. ) ;
#3296 = VERTEX_POINT ( 'NONE', #319 ) ;
#3297 =( NAMED_UNIT ( * ) PLANE_ANGLE_UNIT ( ) SI_UNIT ( $, .RADIAN. ) );
#3298 =( LENGTH_UNIT ( ) NAMED_UNIT ( * ) SI_UNIT ( .MILLI., .METRE. ) );
#3299 = AXIS2_PLACEMENT_3D ( 'NONE', #3638, #794, #4105 ) ;
#3300 = DIRECTION ( 'NONE',  ( -0.8660254037844401500, 0.0000000000000000000, 0.4999999999999973900 ) ) ;
#3301 = EDGE_CURVE ( 'NONE', #1933, #2276, #4766, .T. ) ;
#3302 = ORIENTED_EDGE ( 'NONE', *, *, #2751, .F. ) ;
#3303 = ORIENTED_EDGE ( 'NONE', *, *, #2871, .T. ) ;
#3304 = CARTESIAN_POINT ( 'NONE',  ( -6.919660186493931800, -0.6257768975473813100, 0.2500000000000000000 ) ) ;
#3305 = ORIENTED_EDGE ( 'NONE', *, *, #3759, .F. ) ;
#3306 = FACE_OUTER_BOUND ( 'NONE', #5974, .T. ) ;
#3307 = DIRECTION ( 'NONE',  ( 1.000000000000000000, 1.224646799147353500E-016, -0.0000000000000000000 ) ) ;
#3308 = AXIS2_PLACEMENT_3D ( 'NONE', #5255, #2419, #5735 ) ;
#3309 = LINE ( 'NONE', #1683, #5854 ) ;
#3310 = SURFACE_STYLE_USAGE ( .BOTH. , #22 ) ;
#3311 = VECTOR ( 'NONE', #3999, 1000.000000000000000 ) ;
#3312 = ORIENTED_EDGE ( 'NONE', *, *, #294, .T. ) ;
#3313 = UNCERTAINTY_MEASURE_WITH_UNIT (LENGTH_MEASURE( 1.000000000000000100E-005 ), #2109, 'distance_accuracy_value', 'NONE');
#3314 = FACE_OUTER_BOUND ( 'NONE', #5622, .T. ) ;
#3315 = ADVANCED_FACE ( 'NONE', ( #2255 ), #772, .T. ) ;
#3316 = LINE ( 'NONE', #2401, #5714 ) ;
#3317 = CARTESIAN_POINT ( 'NONE',  ( -2.510000000000000200, 4.530000000000000200, 0.5999999999999999800 ) ) ;
#3318 = CARTESIAN_POINT ( 'NONE',  ( -0.2000000000000005100, 0.0000000000000000000, 2.197264973081036700 ) ) ;
#3319 = ORIENTED_EDGE ( 'NONE', *, *, #6064, .F. ) ;
#3320 = DIRECTION ( 'NONE',  ( 1.000000000000000000, 1.224646799147353200E-016, -0.0000000000000000000 ) ) ;
#3321 = CARTESIAN_POINT ( 'NONE',  ( -0.02999999999999889600, -3.673940397441924400E-018, -2.899999999999999900 ) ) ;
#3322 = PLANE ( 'NONE',  #1594 ) ;
#3323 = VECTOR ( 'NONE', #1841, 1000.000000000000000 ) ;
#3324 = PLANE ( 'NONE',  #4290 ) ;
#3325 = MECHANICAL_DESIGN_GEOMETRIC_PRESENTATION_REPRESENTATION (  '', ( #2064 ), #3643 ) ;
#3326 = FILL_AREA_STYLE_COLOUR ( '', #831 ) ;
#3327 = CARTESIAN_POINT ( 'NONE',  ( -5.860000000000000300, 0.0000000000000000000, 4.309999999999999600 ) ) ;
#3328 = VECTOR ( 'NONE', #651, 1000.000000000000000 ) ;
#3329 = DIRECTION ( 'NONE',  ( 1.000000000000000000, 0.0000000000000000000, 0.0000000000000000000 ) ) ;
#3330 = AXIS2_PLACEMENT_3D ( 'NONE', #1758, #834, #4147 ) ;
#3331 = PLANE ( 'NONE',  #1575 ) ;
#3332 = EDGE_LOOP ( 'NONE', ( #5294, #3064, #2642, #4123 ) ) ;
#3333 = AXIS2_PLACEMENT_3D ( 'NONE', #1275, #4597, #1759 ) ;
#3334 = VECTOR ( 'NONE', #1282, 1000.000000000000000 ) ;
#3335 = CARTESIAN_POINT ( 'NONE',  ( -5.500000000000000000, 0.0000000000000000000, 0.0000000000000000000 ) ) ;
#3336 = SURFACE_STYLE_FILL_AREA ( #5808 ) ;
#3337 = CARTESIAN_POINT ( 'NONE',  ( 4.898587196589413100E-017, -0.4000000000000000200, 3.349999999999999600 ) ) ;
#3338 = VERTEX_POINT ( 'NONE', #3142 ) ;
#3339 = VERTEX_POINT ( 'NONE', #1754 ) ;
#3340 = DIRECTION ( 'NONE',  ( 0.0000000000000000000, 1.000000000000000000, 0.0000000000000000000 ) ) ;
#3341 = EDGE_CURVE ( 'NONE', #4917, #3376, #541, .T. ) ;
#3342 =( GEOMETRIC_REPRESENTATION_CONTEXT ( 3 ) GLOBAL_UNCERTAINTY_ASSIGNED_CONTEXT ( ( #2682 ) ) GLOBAL_UNIT_ASSIGNED_CONTEXT ( ( #2882, #50, #3346 ) ) REPRESENTATION_CONTEXT ( 'NONE', 'WORKASPACE' ) );
#3343 = CARTESIAN_POINT ( 'NONE',  ( -2.510000000000000200, 4.129999999999999900, 0.5999999999999999800 ) ) ;
#3344 = ORIENTED_EDGE ( 'NONE', *, *, #1374, .F. ) ;
#3345 = ORIENTED_EDGE ( 'NONE', *, *, #3902, .T. ) ;
#3346 =( NAMED_UNIT ( * ) SI_UNIT ( $, .STERADIAN. ) SOLID_ANGLE_UNIT ( ) );
#3347 =( NAMED_UNIT ( * ) PLANE_ANGLE_UNIT ( ) SI_UNIT ( $, .RADIAN. ) );
#3348 = ADVANCED_FACE ( 'NONE', ( #3067 ), #5566, .F. ) ;
#3349 = DIRECTION ( 'NONE',  ( 0.0000000000000000000, -0.0000000000000000000, -1.000000000000000000 ) ) ;
#3350 = MECHANICAL_DESIGN_GEOMETRIC_PRESENTATION_REPRESENTATION (  '', ( #2406 ), #3667 ) ;
#3351 = EDGE_CURVE ( 'NONE', #1703, #4008, #5600, .T. ) ;
#3352 = ORIENTED_EDGE ( 'NONE', *, *, #4206, .F. ) ;
#3353 = CARTESIAN_POINT ( 'NONE',  ( -6.219660186493931600, -0.9799999999999999800, -1.750000000000000200 ) ) ;
#3354 =( NAMED_UNIT ( * ) SI_UNIT ( $, .STERADIAN. ) SOLID_ANGLE_UNIT ( ) );
#3355 = CARTESIAN_POINT ( 'NONE',  ( -5.440000000000000400, -0.01862330312848323900, -3.809999999999999600 ) ) ;
#3356 = CARTESIAN_POINT ( 'NONE',  ( 4.082828367907233600E-016, -0.3000000000000000400, -2.899999999999999900 ) ) ;
#3357 = LINE ( 'NONE', #4463, #5894 ) ;
#3358 = CARTESIAN_POINT ( 'NONE',  ( 0.0000000000000000000, 0.0000000000000000000, 4.309999999999999600 ) ) ;
#3359 = CIRCLE ( 'NONE', #5142, 0.3647328430865350300 ) ;
#3360 =( NAMED_UNIT ( * ) SI_UNIT ( $, .STERADIAN. ) SOLID_ANGLE_UNIT ( ) );
#3361 = VECTOR ( 'NONE', #3006, 1000.000000000000000 ) ;
#3362 = COLOUR_RGB ( '',0.8000000000000000400, 0.8039215686274510100, 0.8000000000000000400 ) ;
#3363 = EDGE_LOOP ( 'NONE', ( #2269, #842, #3880, #1214, #2190, #5682, #5536, #4250, #5227, #1427 ) ) ;
#3364 = VECTOR ( 'NONE', #2427, 1000.000000000000000 ) ;
#3365 = DIRECTION ( 'NONE',  ( 1.000000000000000000, 1.224646799147353500E-016, -0.0000000000000000000 ) ) ;
#3366 = DIRECTION ( 'NONE',  ( 0.0000000000000000000, -1.000000000000000000, 0.0000000000000000000 ) ) ;
#3368 = EDGE_LOOP ( 'NONE', ( #1808, #1657, #2562, #4185 ) ) ;
#3367 = VECTOR ( 'NONE', #1898, 1000.000000000000000 ) ;
#3369 = MECHANICAL_DESIGN_GEOMETRIC_PRESENTATION_REPRESENTATION (  '', ( #2742 ), #3684 ) ;
#3370 = LINE ( 'NONE', #1533, #3080 ) ;
#3371 = CARTESIAN_POINT ( 'NONE',  ( -0.2000000000000005100, 2.102264973081036500, -1.802735026918963300 ) ) ;
#3372 = STYLED_ITEM ( 'NONE', ( #4447 ), #1292 ) ;
#3373 = CARTESIAN_POINT ( 'NONE',  ( -0.3000000000000016500, 1.649999999999999900, -0.2550000000000002300 ) ) ;
#3374 = CARTESIAN_POINT ( 'NONE',  ( -2.510000000000000200, 4.530000000000000200, 0.5999999999999999800 ) ) ;
#3375 = ORIENTED_EDGE ( 'NONE', *, *, #1000, .F. ) ;
#3376 = VERTEX_POINT ( 'NONE', #1775 ) ;
#3377 = EDGE_CURVE ( 'NONE', #4670, #4659, #4310, .T. ) ;
#3378 = ORIENTED_EDGE ( 'NONE', *, *, #3351, .T. ) ;
#3379 = EDGE_CURVE ( 'NONE', #1813, #2464, #2923, .T. ) ;
#3380 = ORIENTED_EDGE ( 'NONE', *, *, #4054, .T. ) ;
#3381 =( NAMED_UNIT ( * ) PLANE_ANGLE_UNIT ( ) SI_UNIT ( $, .RADIAN. ) );
#3382 = ADVANCED_FACE ( 'NONE', ( #1645 ), #3677, .F. ) ;
#3383 = CARTESIAN_POINT ( 'NONE',  ( -5.000000000000000000, 4.699999999999999300, -2.544999999999999900 ) ) ;
#3384 = CARTESIAN_POINT ( 'NONE',  ( -6.699999999999999300, -0.3000000000000008200, 3.449999999999999300 ) ) ;
#3385 = ORIENTED_EDGE ( 'NONE', *, *, #761, .T. ) ;
#3386 = UNCERTAINTY_MEASURE_WITH_UNIT (LENGTH_MEASURE( 1.000000000000000100E-005 ), #4517, 'distance_accuracy_value', 'NONE');
#3387 = EDGE_CURVE ( 'NONE', #5365, #2276, #4016, .T. ) ;
#3388 = FACE_OUTER_BOUND ( 'NONE', #3676, .T. ) ;
#3389 = CARTESIAN_POINT ( 'NONE',  ( -5.000000000000000000, 0.4999999999999995600, -3.250000000000000400 ) ) ;
#3390 = ORIENTED_EDGE ( 'NONE', *, *, #4410, .T. ) ;
#3391 = EDGE_LOOP ( 'NONE', ( #5137, #3501, #1116, #614 ) ) ;
#3392 = LINE ( 'NONE', #2463, #5928 ) ;
#3393 = FACE_OUTER_BOUND ( 'NONE', #370, .T. ) ;
#3394 = DIRECTION ( 'NONE',  ( -0.0000000000000000000, -0.0000000000000000000, -1.000000000000000000 ) ) ;
#3395 = ORIENTED_EDGE ( 'NONE', *, *, #3796, .F. ) ;
#3396 = ORIENTED_EDGE ( 'NONE', *, *, #3508, .F. ) ;
#3397 = DIRECTION ( 'NONE',  ( 1.000000000000000000, 0.0000000000000000000, 0.0000000000000000000 ) ) ;
#3398 = VERTEX_POINT ( 'NONE', #5603 ) ;
#3399 = CARTESIAN_POINT ( 'NONE',  ( -6.799999999999999800, 5.200000000000000200, 3.809999999999999600 ) ) ;
#3400 = FACE_OUTER_BOUND ( 'NONE', #1713, .T. ) ;
#3401 = DIRECTION ( 'NONE',  ( 0.0000000000000000000, 0.0000000000000000000, -1.000000000000000000 ) ) ;
#3402 = LINE ( 'NONE', #3353, #867 ) ;
#3403 = SURFACE_STYLE_USAGE ( .BOTH. , #109 ) ;
#3404 = ORIENTED_EDGE ( 'NONE', *, *, #5394, .T. ) ;
#3405 = DIRECTION ( 'NONE',  ( -0.0000000000000000000, -0.0000000000000000000, 1.000000000000000000 ) ) ;
#3406 = EDGE_LOOP ( 'NONE', ( #3565, #4986, #5732, #2833 ) ) ;
#3407 = LINE ( 'NONE', #2720, #872 ) ;
#3408 =( GEOMETRIC_REPRESENTATION_CONTEXT ( 3 ) GLOBAL_UNCERTAINTY_ASSIGNED_CONTEXT ( ( #3386 ) ) GLOBAL_UNIT_ASSIGNED_CONTEXT ( ( #4517, #1676, #5010 ) ) REPRESENTATION_CONTEXT ( 'NONE', 'WORKASPACE' ) );
#3409 = DIRECTION ( 'NONE',  ( 0.0000000000000000000, 0.0000000000000000000, 1.000000000000000000 ) ) ;
#3410 = CIRCLE ( 'NONE', #1579, 0.1000000000000002600 ) ;
#3411 = EDGE_CURVE ( 'NONE', #907, #848, #258, .T. ) ;
#3412 =( GEOMETRIC_REPRESENTATION_CONTEXT ( 3 ) GLOBAL_UNCERTAINTY_ASSIGNED_CONTEXT ( ( #5085 ) ) GLOBAL_UNIT_ASSIGNED_CONTEXT ( ( #2177, #5498, #2652 ) ) REPRESENTATION_CONTEXT ( 'NONE', 'WORKASPACE' ) );
#3413 = ORIENTED_EDGE ( 'NONE', *, *, #5059, .T. ) ;
#3414 = DIRECTION ( 'NONE',  ( -1.000000000000000000, 0.0000000000000000000, 0.0000000000000000000 ) ) ;
#3415 = LINE ( 'NONE', #790, #740 ) ;
#3416 =( LENGTH_UNIT ( ) NAMED_UNIT ( * ) SI_UNIT ( .MILLI., .METRE. ) );
#3417 = FILL_AREA_STYLE ('',( #5799 ) ) ;
#3418 = EDGE_CURVE ( 'NONE', #2716, #25, #2766, .T. ) ;
#3419 = VERTEX_POINT ( 'NONE', #6076 ) ;
#3420 = ORIENTED_EDGE ( 'NONE', *, *, #5699, .T. ) ;
#3421 = PLANE ( 'NONE',  #1986 ) ;
#3422 =( NAMED_UNIT ( * ) PLANE_ANGLE_UNIT ( ) SI_UNIT ( $, .RADIAN. ) );
#3423 = DIRECTION ( 'NONE',  ( -0.6204362681042258100, 0.7842568694126314000, 0.0000000000000000000 ) ) ;
#3424 = PLANE ( 'NONE',  #4596 ) ;
#3425 = ORIENTED_EDGE ( 'NONE', *, *, #1247, .T. ) ;
#3426 = VERTEX_POINT ( 'NONE', #3699 ) ;
#3427 =( GEOMETRIC_REPRESENTATION_CONTEXT ( 3 ) GLOBAL_UNCERTAINTY_ASSIGNED_CONTEXT ( ( #6104 ) ) GLOBAL_UNIT_ASSIGNED_CONTEXT ( ( #5319, #2473, #5794 ) ) REPRESENTATION_CONTEXT ( 'NONE', 'WORKASPACE' ) );
#3428 = EDGE_CURVE ( 'NONE', #2248, #4434, #2624, .T. ) ;
#3429 =( LENGTH_UNIT ( ) NAMED_UNIT ( * ) SI_UNIT ( .MILLI., .METRE. ) );
#3430 = DIRECTION ( 'NONE',  ( 1.000000000000000000, -0.0000000000000000000, -0.0000000000000000000 ) ) ;
#3431 = EDGE_LOOP ( 'NONE', ( #179, #5368, #4383, #3273 ) ) ;
#3432 = DIRECTION ( 'NONE',  ( -1.000000000000000000, -0.0000000000000000000, -0.0000000000000000000 ) ) ;
#3433 = DIRECTION ( 'NONE',  ( -1.000000000000000000, 0.0000000000000000000, -0.0000000000000000000 ) ) ;
#3434 = DIRECTION ( 'NONE',  ( -1.000000000000000000, 0.0000000000000000000, 0.0000000000000000000 ) ) ;
#3435 = VECTOR ( 'NONE', #4036, 1000.000000000000000 ) ;
#3436 = VECTOR ( 'NONE', #3870, 1000.000000000000000 ) ;
#3437 = ORIENTED_EDGE ( 'NONE', *, *, #5100, .T. ) ;
#3438 = CARTESIAN_POINT ( 'NONE',  ( -5.000000000000000000, 3.629999999999999900, -2.544999999999999900 ) ) ;
#3439 = CARTESIAN_POINT ( 'NONE',  ( -0.1316654088139880300, 2.062811978464829600, 0.1578119784648293100 ) ) ;
#3440 = DIRECTION ( 'NONE',  ( -0.0000000000000000000, -0.0000000000000000000, -1.000000000000000000 ) ) ;
#3442 = ORIENTED_EDGE ( 'NONE', *, *, #672, .T. ) ;
#3441 = CIRCLE ( 'NONE', #2126, 0.09999999999999982500 ) ;
#3443 = SURFACE_STYLE_FILL_AREA ( #5616 ) ;
#3444 = FILL_AREA_STYLE_COLOUR ( '', #151 ) ;
#3445 = LINE ( 'NONE', #3733, #2336 ) ;
#3446 = AXIS2_PLACEMENT_3D ( 'NONE', #801, #1299, #4113 ) ;
#3447 = ORIENTED_EDGE ( 'NONE', *, *, #1394, .F. ) ;
#3448 = ORIENTED_EDGE ( 'NONE', *, *, #3464, .T. ) ;
#3449 = PRESENTATION_STYLE_ASSIGNMENT (( #4063 ) ) ;
#3450 = CARTESIAN_POINT ( 'NONE',  ( 0.4300000000000010500, 0.4300090093458152600, 0.3960850015576333800 ) ) ;
#3451 = ORIENTED_EDGE ( 'NONE', *, *, #4115, .T. ) ;
#3452 = DIRECTION ( 'NONE',  ( 0.0000000000000000000, 1.000000000000000000, 0.0000000000000000000 ) ) ;
#3453 = AXIS2_PLACEMENT_3D ( 'NONE', #5955, #3109, #283 ) ;
#3454 = ORIENTED_EDGE ( 'NONE', *, *, #1632, .F. ) ;
#3455 = CLOSED_SHELL ( 'NONE', ( #2738, #5554, #5138, #2217, #2559, #4784, #3660, #4005, #3111, #4592, #4661, #5919, #263, #1176, #2247, #4924, #4533, #4213, #3253, #3745, #1208, #5638, #944, #5015, #1263, #2705, #3315, #1769, #500, #2928, #3512, #1890, #3808, #3382, #1704, #4441, #4182, #1484, #2827, #4246, #2298, #3282, #6131, #1735, #5423, #5890, #6099, #3225, #3602, #1448, #5258, #972, #384, #1642, #5668, #5580, #6070, #4088, #5292, #4277, #4306, #1238, #2621, #2860, #2181, #2677, #43, #1010, #410, #4983, #205, #438, #3775, #1612, #4464, #3844, #3057, #6041, #5607, #2897, #1118, #5167, #3134, #2273, #295, #1673, #3485, #2767, #1144, #3543, #355, #4817, #739, #3571, #1292, #689, #1352, #5045, #1827, #5071, #4032, #2092, #1578, #1797, #2800, #78, #465, #4062, #6015, #5197, #322, #5107, #4623, #2368, #663, #4149, #5697, #5978, #2432, #4721, #3168, #4501, #5727, #1329, #1414, #3631, #4560, #884, #5863, #5395, #4955, #4755, #1856, #5484, #2121, #5450, #2157, #2393, #5224, #3974, #715, #1952, #3348, #854, #11, #914, #799, #558, #3716, #824, #3692, #3198, #1922, #4119, #1386, #3034, #768, #2329, #2649, #5948, #3083, #4693, #5757, #2596, #239, #5517, #529 ) ) ;
#3456 = DIRECTION ( 'NONE',  ( 0.0000000000000000000, -0.0000000000000000000, 1.000000000000000000 ) ) ;
#3457 = AXIS2_PLACEMENT_3D ( 'NONE', #5843, #3005, #164 ) ;
#3458 = DIRECTION ( 'NONE',  ( 0.0000000000000000000, 0.0000000000000000000, -1.000000000000000000 ) ) ;
#3459 = ORIENTED_EDGE ( 'NONE', *, *, #2991, .T. ) ;
#3460 = COLOUR_RGB ( '',0.8000000000000000400, 0.8039215686274510100, 0.8000000000000000400 ) ;
#3461 = CARTESIAN_POINT ( 'NONE',  ( -5.000000000000000000, 1.649999999999999900, 0.2550000000000002300 ) ) ;
#3462 = CARTESIAN_POINT ( 'NONE',  ( -6.233601076852520100, -0.6257768975473829700, 2.250000000000000400 ) ) ;
#3463 = VECTOR ( 'NONE', #2061, 1000.000000000000000 ) ;
#3464 = EDGE_CURVE ( 'NONE', #4484, #3913, #4159, .T. ) ;
#3465 = CARTESIAN_POINT ( 'NONE',  ( -6.200000000000000200, 3.903754866958950000E-018, 2.500000000000000000 ) ) ;
#3466 = EDGE_LOOP ( 'NONE', ( #3679, #4786, #1163, #5399 ) ) ;
#3467 = ORIENTED_EDGE ( 'NONE', *, *, #1951, .T. ) ;
#3468 = CARTESIAN_POINT ( 'NONE',  ( 0.0000000000000000000, 4.129999999999999900, 0.0000000000000000000 ) ) ;
#3469 = CARTESIAN_POINT ( 'NONE',  ( -6.200000000000000200, 2.538389237197199200, 0.2500000000000000000 ) ) ;
#3470 = LINE ( 'NONE', #2156, #4573 ) ;
#3471 = LINE ( 'NONE', #3096, #5855 ) ;
#3472 = EDGE_LOOP ( 'NONE', ( #5617, #2264, #2172, #934, #2579, #5486 ) ) ;
#3473 = FILL_AREA_STYLE_COLOUR ( '', #2462 ) ;
#3474 = LINE ( 'NONE', #3482, #3619 ) ;
#3475 = MECHANICAL_DESIGN_GEOMETRIC_PRESENTATION_REPRESENTATION (  '', ( #2530 ), #3778 ) ;
#3476 = DIRECTION ( 'NONE',  ( -1.224646799147353200E-016, 1.000000000000000000, -0.0000000000000000000 ) ) ;
#3477 = EDGE_CURVE ( 'NONE', #5809, #5547, #113, .T. ) ;
#3478 = FACE_OUTER_BOUND ( 'NONE', #3479, .T. ) ;
#3479 = EDGE_LOOP ( 'NONE', ( #4759, #4918, #181, #2113 ) ) ;
#3480 = DIRECTION ( 'NONE',  ( 1.000000000000000000, 0.0000000000000000000, 0.0000000000000000000 ) ) ;
#3481 = VECTOR ( 'NONE', #420, 1000.000000000000000 ) ;
#3482 = CARTESIAN_POINT ( 'NONE',  ( -5.000000000000000000, 0.5000000000000004400, -1.350000000000000100 ) ) ;
#3483 = PRESENTATION_STYLE_ASSIGNMENT (( #2832 ) ) ;
#3484 = PRESENTATION_STYLE_ASSIGNMENT (( #3403 ) ) ;
#3485 = ADVANCED_FACE ( 'NONE', ( #1199 ), #870, .T. ) ;
#3486 = FILL_AREA_STYLE_COLOUR ( '', #1253 ) ;
#3487 = DIRECTION ( 'NONE',  ( -8.340016711426962700E-017, -9.259278578784793900E-033, 1.000000000000000000 ) ) ;
#3488 = ORIENTED_EDGE ( 'NONE', *, *, #5605, .T. ) ;
#3489 = LINE ( 'NONE', #2708, #3334 ) ;
#3490 = CARTESIAN_POINT ( 'NONE',  ( -6.799999999999999800, -0.4000000000000008500, -2.900000000000000800 ) ) ;
#3491 = AXIS2_PLACEMENT_3D ( 'NONE', #5800, #586, #3890 ) ;
#3492 = SURFACE_SIDE_STYLE ('',( #1330 ) ) ;
#3493 = ORIENTED_EDGE ( 'NONE', *, *, #795, .T. ) ;
#3494 = ORIENTED_EDGE ( 'NONE', *, *, #4928, .T. ) ;
#3495 = EDGE_CURVE ( 'NONE', #5119, #686, #3868, .T. ) ;
#3496 = SURFACE_SIDE_STYLE ('',( #2287 ) ) ;
#3497 = PLANE ( 'NONE',  #554 ) ;
#3498 = ORIENTED_EDGE ( 'NONE', *, *, #4300, .F. ) ;
#3499 = ORIENTED_EDGE ( 'NONE', *, *, #3176, .F. ) ;
#3500 = EDGE_CURVE ( 'NONE', #2242, #5564, #6109, .T. ) ;
#3501 = ORIENTED_EDGE ( 'NONE', *, *, #5463, .T. ) ;
#3502 = DIRECTION ( 'NONE',  ( 0.0000000000000000000, 0.0000000000000000000, -1.000000000000000000 ) ) ;
#3503 = AXIS2_PLACEMENT_3D ( 'NONE', #4354, #1523, #4843 ) ;
#3504 = CARTESIAN_POINT ( 'NONE',  ( 1.800000000000001400, 2.204364238465237500E-016, 4.309999999999999600 ) ) ;
#3505 = VECTOR ( 'NONE', #1252, 1000.000000000000000 ) ;
#3506 = CARTESIAN_POINT ( 'NONE',  ( -5.000000000000000000, 1.649999999999999900, -2.254999999999999900 ) ) ;
#3507 = AXIS2_PLACEMENT_3D ( 'NONE', #4253, #1409, #4742 ) ;
#3508 = EDGE_CURVE ( 'NONE', #3398, #5236, #4842, .T. ) ;
#3509 = UNCERTAINTY_MEASURE_WITH_UNIT (LENGTH_MEASURE( 1.000000000000000100E-005 ), #5506, 'distance_accuracy_value', 'NONE');
#3510 = DIRECTION ( 'NONE',  ( 0.0000000000000000000, -1.000000000000000000, 0.0000000000000000000 ) ) ;
#3511 = VECTOR ( 'NONE', #1879, 1000.000000000000000 ) ;
#3512 = ADVANCED_FACE ( 'NONE', ( #4691 ), #4211, .T. ) ;
#3513 = VERTEX_POINT ( 'NONE', #432 ) ;
#3514 = VECTOR ( 'NONE', #5283, 1000.000000000000000 ) ;
#3515 = CARTESIAN_POINT ( 'NONE',  ( -0.02999999999999887800, -0.3000000000000000400, -2.799999999999999800 ) ) ;
#3516 = ORIENTED_EDGE ( 'NONE', *, *, #4869, .F. ) ;
#3517 =( LENGTH_UNIT ( ) NAMED_UNIT ( * ) SI_UNIT ( .MILLI., .METRE. ) );
#3519 = ORIENTED_EDGE ( 'NONE', *, *, #1247, .F. ) ;
#3518 = LINE ( 'NONE', #5220, #3367 ) ;
#3520 = PRESENTATION_STYLE_ASSIGNMENT (( #412 ) ) ;
#3521 = VECTOR ( 'NONE', #542, 1000.000000000000000 ) ;
#3522 = DIRECTION ( 'NONE',  ( 0.0000000000000000000, -0.0000000000000000000, 1.000000000000000000 ) ) ;
#3523 = DIRECTION ( 'NONE',  ( 0.0000000000000000000, 1.000000000000000000, 0.0000000000000000000 ) ) ;
#3524 = ORIENTED_EDGE ( 'NONE', *, *, #3500, .T. ) ;
#3525 = ORIENTED_EDGE ( 'NONE', *, *, #5971, .F. ) ;
#3526 =( LENGTH_UNIT ( ) NAMED_UNIT ( * ) SI_UNIT ( .MILLI., .METRE. ) );
#3527 = PLANE ( 'NONE',  #2818 ) ;
#3528 = VERTEX_POINT ( 'NONE', #4228 ) ;
#3529 = DIRECTION ( 'NONE',  ( 0.0000000000000000000, 0.0000000000000000000, -1.000000000000000000 ) ) ;
#3530 = CARTESIAN_POINT ( 'NONE',  ( -5.000000000000000000, 0.4999999999999995600, -3.250000000000000400 ) ) ;
#3531 = ORIENTED_EDGE ( 'NONE', *, *, #4471, .F. ) ;
#3532 = FILL_AREA_STYLE ('',( #3047 ) ) ;
#3533 = PRESENTATION_STYLE_ASSIGNMENT (( #3200 ) ) ;
#3534 = DIRECTION ( 'NONE',  ( 0.0000000000000000000, 0.0000000000000000000, 1.000000000000000000 ) ) ;
#3535 = ORIENTED_EDGE ( 'NONE', *, *, #154, .T. ) ;
#3536 = DIRECTION ( 'NONE',  ( -1.000000000000000000, 0.0000000000000000000, -8.229238500838744400E-017 ) ) ;
#3537 = LINE ( 'NONE', #3151, #4961 ) ;
#3538 = CARTESIAN_POINT ( 'NONE',  ( -6.699999999999999300, -8.327598234202001100E-016, 3.349999999999999600 ) ) ;
#3539 = VERTEX_POINT ( 'NONE', #1875 ) ;
#3540 = ORIENTED_EDGE ( 'NONE', *, *, #2342, .T. ) ;
#3541 =( NAMED_UNIT ( * ) SI_UNIT ( $, .STERADIAN. ) SOLID_ANGLE_UNIT ( ) );
#3542 = VECTOR ( 'NONE', #1107, 1000.000000000000000 ) ;
#3543 = ADVANCED_FACE ( 'NONE', ( #5521 ), #2361, .F. ) ;
#3544 = EDGE_LOOP ( 'NONE', ( #5256, #920, #993 ) ) ;
#3545 = MECHANICAL_DESIGN_GEOMETRIC_PRESENTATION_REPRESENTATION (  '', ( #2607 ), #3855 ) ;
#3546 = EDGE_LOOP ( 'NONE', ( #6138, #2895, #957, #2221 ) ) ;
#3547 = EDGE_CURVE ( 'NONE', #215, #2835, #5905, .T. ) ;
#3548 = ORIENTED_EDGE ( 'NONE', *, *, #1801, .T. ) ;
#3549 = CARTESIAN_POINT ( 'NONE',  ( -5.000000000000000000, 3.629999999999999900, 1.350000000000000100 ) ) ;
#3550 = DIRECTION ( 'NONE',  ( -1.000000000000000000, -0.0000000000000000000, -0.0000000000000000000 ) ) ;
#3551 = VECTOR ( 'NONE', #1438, 1000.000000000000000 ) ;
#3552 = EDGE_LOOP ( 'NONE', ( #1786, #4455, #959, #28 ) ) ;
#3553 = CARTESIAN_POINT ( 'NONE',  ( -6.564732843086535000, 2.538389237197200600, -1.750000000000000200 ) ) ;
#3554 = AXIS2_PLACEMENT_3D ( 'NONE', #1802, #860, #4175 ) ;
#3555 = EDGE_CURVE ( 'NONE', #5599, #5889, #3518, .T. ) ;
#3556 = VERTEX_POINT ( 'NONE', #29 ) ;
#3557 = CARTESIAN_POINT ( 'NONE',  ( -6.722357513454902300, -0.1443267468550100400, 0.2500000000000000000 ) ) ;
#3558 = SURFACE_STYLE_USAGE ( .BOTH. , #257 ) ;
#3559 = CARTESIAN_POINT ( 'NONE',  ( 1.800000000000000000, 0.5000000000000004400, -2.085000000000000400 ) ) ;
#3560 = VERTEX_POINT ( 'NONE', #3321 ) ;
#3561 = CARTESIAN_POINT ( 'NONE',  ( -6.200000000000000200, 2.538389237197199200, 1.750000000000000000 ) ) ;
#3562 = CARTESIAN_POINT ( 'NONE',  ( 0.8299999999999995200, 9.305929820297226500, 1.684999999999999800 ) ) ;
#3563 = CARTESIAN_POINT ( 'NONE',  ( -1.100000000000000100, 4.129999999999999900, 0.5999999999999999800 ) ) ;
#3564 =( NAMED_UNIT ( * ) PLANE_ANGLE_UNIT ( ) SI_UNIT ( $, .RADIAN. ) );
#3565 = ORIENTED_EDGE ( 'NONE', *, *, #6032, .T. ) ;
#3566 = VERTEX_POINT ( 'NONE', #951 ) ;
#3567 = CARTESIAN_POINT ( 'NONE',  ( 0.0000000000000000000, 1.760000000000000500, 4.310000000000003200 ) ) ;
#3568 = STYLED_ITEM ( 'NONE', ( #3010 ), #5978 ) ;
#3569 = CARTESIAN_POINT ( 'NONE',  ( -5.500000000000000000, 3.629999999999999900, -0.8499999999999996400 ) ) ;
#3570 = ORIENTED_EDGE ( 'NONE', *, *, #795, .F. ) ;
#3571 = ADVANCED_FACE ( 'NONE', ( #2116 ), #5315, .T. ) ;
#3572 = DIRECTION ( 'NONE',  ( -1.000000000000000000, -0.0000000000000000000, -0.0000000000000000000 ) ) ;
#3573 = VECTOR ( 'NONE', #5642, 1000.000000000000000 ) ;
#3574 = UNCERTAINTY_MEASURE_WITH_UNIT (LENGTH_MEASURE( 1.000000000000000100E-005 ), #1557, 'distance_accuracy_value', 'NONE');
#3575 = EDGE_LOOP ( 'NONE', ( #1146, #61, #2347, #3157 ) ) ;
#3576 = DIRECTION ( 'NONE',  ( 0.8966301327206136500, -0.4427803124546241800, 0.0000000000000000000 ) ) ;
#3577 = EDGE_CURVE ( 'NONE', #3659, #1531, #414, .T. ) ;
#3578 = LINE ( 'NONE', #4531, #1052 ) ;
#3579 = AXIS2_PLACEMENT_3D ( 'NONE', #620, #4399, #1083 ) ;
#3580 = DIRECTION ( 'NONE',  ( 0.0000000000000000000, -1.000000000000000000, 4.251773225433350700E-016 ) ) ;
#3581 = VECTOR ( 'NONE', #4015, 1000.000000000000200 ) ;
#3582 = VECTOR ( 'NONE', #5773, 1000.000000000000000 ) ;
#3583 = CARTESIAN_POINT ( 'NONE',  ( -6.799999999999999800, 4.129999999999999900, -2.814999999999999100 ) ) ;
#3584 = PLANE ( 'NONE',  #2266 ) ;
#3585 = EDGE_LOOP ( 'NONE', ( #3493, #2017, #2171, #1038 ) ) ;
#3586 = AXIS2_PLACEMENT_3D ( 'NONE', #6035, #3181, #356 ) ;
#3587 = EDGE_CURVE ( 'NONE', #3236, #1415, #4173, .T. ) ;
#3589 = ORIENTED_EDGE ( 'NONE', *, *, #1234, .T. ) ;
#3588 = CIRCLE ( 'NONE', #1477, 0.6860591096414115900 ) ;
#3590 = LINE ( 'NONE', #4920, #4705 ) ;
#3591 = CYLINDRICAL_SURFACE ( 'NONE', #5382, 0.1000000000000000200 ) ;
#3592 = FILL_AREA_STYLE ('',( #1209 ) ) ;
#3593 = ORIENTED_EDGE ( 'NONE', *, *, #3411, .T. ) ;
#3594 = ORIENTED_EDGE ( 'NONE', *, *, #1716, .F. ) ;
#3595 = DIRECTION ( 'NONE',  ( 0.0000000000000000000, 1.000000000000000000, 0.0000000000000000000 ) ) ;
#3596 = LINE ( 'NONE', #733, #1223 ) ;
#3597 = CARTESIAN_POINT ( 'NONE',  ( -6.200000000000000200, 2.538389237197199200, -0.2500000000000000000 ) ) ;
#3598 = ORIENTED_EDGE ( 'NONE', *, *, #5628, .F. ) ;
#3599 = VERTEX_POINT ( 'NONE', #2429 ) ;
#3600 = SURFACE_SIDE_STYLE ('',( #4845 ) ) ;
#3601 = LINE ( 'NONE', #3925, #4874 ) ;
#3602 = ADVANCED_FACE ( 'NONE', ( #1656 ), #1942, .T. ) ;
#3603 = EDGE_LOOP ( 'NONE', ( #1122, #4540, #3941, #1614 ) ) ;
#3604 = LINE ( 'NONE', #3722, #4720 ) ;
#3605 = CARTESIAN_POINT ( 'NONE',  ( 0.0000000000000000000, 0.0000000000000000000, 0.2500000000000002200 ) ) ;
#3606 = CARTESIAN_POINT ( 'NONE',  ( 1.799999999999998900, 9.305929820297226500, -2.085000000000000400 ) ) ;
#3607 = AXIS2_PLACEMENT_3D ( 'NONE', #5596, #2284, #5614 ) ;
#3608 =( NAMED_UNIT ( * ) PLANE_ANGLE_UNIT ( ) SI_UNIT ( $, .RADIAN. ) );
#3609 = EDGE_CURVE ( 'NONE', #567, #806, #273, .T. ) ;
#3610 = CIRCLE ( 'NONE', #2382, 0.09999999999999982500 ) ;
#3611 = AXIS2_PLACEMENT_3D ( 'NONE', #5123, #3695, #847 ) ;
#3612 = ORIENTED_EDGE ( 'NONE', *, *, #5463, .F. ) ;
#3613 = ORIENTED_EDGE ( 'NONE', *, *, #4893, .F. ) ;
#3614 = LINE ( 'NONE', #5929, #6150 ) ;
#3615 = LINE ( 'NONE', #6044, #6152 ) ;
#3616 = EDGE_CURVE ( 'NONE', #3060, #1703, #2939, .T. ) ;
#3617 = DIRECTION ( 'NONE',  ( 0.0000000000000000000, -1.000000000000000000, 0.0000000000000000000 ) ) ;
#3618 = ORIENTED_EDGE ( 'NONE', *, *, #5207, .T. ) ;
#3619 = VECTOR ( 'NONE', #2074, 1000.000000000000000 ) ;
#3620 = EDGE_CURVE ( 'NONE', #5809, #1439, #5159, .T. ) ;
#3621 = CYLINDRICAL_SURFACE ( 'NONE', #339, 0.3647328430865350300 ) ;
#3622 = ORIENTED_EDGE ( 'NONE', *, *, #222, .T. ) ;
#3623 = CARTESIAN_POINT ( 'NONE',  ( 0.0000000000000000000, 4.699999999999999300, -2.544999999999999900 ) ) ;
#3624 = VECTOR ( 'NONE', #6120, 1000.000000000000000 ) ;
#3625 = AXIS2_PLACEMENT_3D ( 'NONE', #2734, #6057, #3204 ) ;
#3626 = EDGE_CURVE ( 'NONE', #1316, #290, #1510, .T. ) ;
#3627 = COLOUR_RGB ( '',0.8000000000000000400, 0.8039215686274510100, 0.8000000000000000400 ) ;
#3628 =( NAMED_UNIT ( * ) SI_UNIT ( $, .STERADIAN. ) SOLID_ANGLE_UNIT ( ) );
#3629 = LINE ( 'NONE', #5753, #1108 ) ;
#3630 = PRESENTATION_LAYER_ASSIGNMENT (  '', '', ( #3019 ) ) ;
#3631 = ADVANCED_FACE ( 'NONE', ( #3729 ), #1985, .F. ) ;
#3632 = FACE_OUTER_BOUND ( 'NONE', #5118, .T. ) ;
#3633 = DIRECTION ( 'NONE',  ( 0.0000000000000000000, 0.0000000000000000000, -1.000000000000000000 ) ) ;
#3634 =( NAMED_UNIT ( * ) SI_UNIT ( $, .STERADIAN. ) SOLID_ANGLE_UNIT ( ) );
#3635 = CARTESIAN_POINT ( 'NONE',  ( -0.1299999999999993100, -0.3000000000000000400, -1.084202172485499800E-017 ) ) ;
#3636 = ORIENTED_EDGE ( 'NONE', *, *, #955, .F. ) ;
#3637 = ORIENTED_EDGE ( 'NONE', *, *, #5857, .T. ) ;
#3638 = CARTESIAN_POINT ( 'NONE',  ( 0.0000000000000000000, 0.0000000000000000000, 4.309999999999999600 ) ) ;
#3639 = CARTESIAN_POINT ( 'NONE',  ( -6.799999999999999800, 5.200000000000000200, 5.000000000000000000 ) ) ;
#3640 = ORIENTED_EDGE ( 'NONE', *, *, #5394, .F. ) ;
#3641 = ORIENTED_EDGE ( 'NONE', *, *, #253, .T. ) ;
#3642 = EDGE_CURVE ( 'NONE', #3674, #883, #1357, .T. ) ;
#3643 =( GEOMETRIC_REPRESENTATION_CONTEXT ( 3 ) GLOBAL_UNCERTAINTY_ASSIGNED_CONTEXT ( ( #2690 ) ) GLOBAL_UNIT_ASSIGNED_CONTEXT ( ( #4371, #1697, #5034 ) ) REPRESENTATION_CONTEXT ( 'NONE', 'WORKASPACE' ) );
#3644 = DIRECTION ( 'NONE',  ( -0.0000000000000000000, -0.0000000000000000000, -1.000000000000000000 ) ) ;
#3645 = DIRECTION ( 'NONE',  ( -0.0000000000000000000, 1.000000000000000000, -0.0000000000000000000 ) ) ;
#3646 = ORIENTED_EDGE ( 'NONE', *, *, #647, .T. ) ;
#3647 = PRODUCT_DEFINITION ( 'UNKNOWN', '', #3965, #5286 ) ;
#3648 = LINE ( 'NONE', #2673, #3007 ) ;
#3649 = UNCERTAINTY_MEASURE_WITH_UNIT (LENGTH_MEASURE( 1.000000000000000100E-005 ), #5329, 'distance_accuracy_value', 'NONE');
#3650 = PRESENTATION_LAYER_ASSIGNMENT (  '', '', ( #3035 ) ) ;
#3651 = CARTESIAN_POINT ( 'NONE',  ( -6.200000000000000200, 0.0000000000000000000, -2.250000000000000400 ) ) ;
#3652 = VECTOR ( 'NONE', #1277, 1000.000000000000000 ) ;
#3653 = DIRECTION ( 'NONE',  ( 0.7842568694126314000, 0.6204362681042258100, 0.0000000000000000000 ) ) ;
#3654 = LINE ( 'NONE', #6142, #3795 ) ;
#3655 = EDGE_CURVE ( 'NONE', #1738, #567, #2493, .T. ) ;
#3656 = ORIENTED_EDGE ( 'NONE', *, *, #2798, .T. ) ;
#3657 = CARTESIAN_POINT ( 'NONE',  ( -6.799999999999998900, -0.3585786437626913300, -2.800000000000000300 ) ) ;
#3658 = VECTOR ( 'NONE', #3810, 1000.000000000000000 ) ;
#3659 = VERTEX_POINT ( 'NONE', #2009 ) ;
#3660 = ADVANCED_FACE ( 'NONE', ( #4856, #6118 ), #5338, .T. ) ;
#3661 = CARTESIAN_POINT ( 'NONE',  ( -6.799999999999998900, 4.129999999999999900, 2.815000000000000400 ) ) ;
#3662 = DIRECTION ( 'NONE',  ( -0.0000000000000000000, 1.000000000000000000, -0.0000000000000000000 ) ) ;
#3663 = ORIENTED_EDGE ( 'NONE', *, *, #4968, .T. ) ;
#3664 = CARTESIAN_POINT ( 'NONE',  ( 1.800000000000001400, 1.471324865405185400, 4.309999999999999600 ) ) ;
#3665 = VECTOR ( 'NONE', #3672, 1000.000000000000000 ) ;
#3666 = FACE_OUTER_BOUND ( 'NONE', #533, .T. ) ;
#3667 =( GEOMETRIC_REPRESENTATION_CONTEXT ( 3 ) GLOBAL_UNCERTAINTY_ASSIGNED_CONTEXT ( ( #5219 ) ) GLOBAL_UNIT_ASSIGNED_CONTEXT ( ( #3526, #693, #3998 ) ) REPRESENTATION_CONTEXT ( 'NONE', 'WORKASPACE' ) );
#3668 = EDGE_CURVE ( 'NONE', #318, #2537, #3588, .T. ) ;
#3669 = EDGE_LOOP ( 'NONE', ( #3345, #4551, #4603, #3637 ) ) ;
#3670 = VERTEX_POINT ( 'NONE', #2472 ) ;
#3671 = FACE_OUTER_BOUND ( 'NONE', #5211, .T. ) ;
#3672 = DIRECTION ( 'NONE',  ( -1.000000000000000000, -1.224646799147353500E-016, -0.0000000000000000000 ) ) ;
#3673 = CARTESIAN_POINT ( 'NONE',  ( -6.699999999999999300, -0.4000000000000008500, -3.350000000000001400 ) ) ;
#3674 = VERTEX_POINT ( 'NONE', #1063 ) ;
#3675 = DIRECTION ( 'NONE',  ( 0.0000000000000000000, 0.0000000000000000000, -1.000000000000000000 ) ) ;
#3676 = EDGE_LOOP ( 'NONE', ( #4863, #2915, #5410, #2683, #849, #2428, #3223, #3242, #2655, #1783, #4029 ) ) ;
#3677 = PLANE ( 'NONE',  #4911 ) ;
#3678 = DIRECTION ( 'NONE',  ( 0.0000000000000000000, -1.000000000000000000, 0.0000000000000000000 ) ) ;
#3679 = ORIENTED_EDGE ( 'NONE', *, *, #4663, .T. ) ;
#3680 = PRESENTATION_STYLE_ASSIGNMENT (( #6012 ) ) ;
#3681 = LINE ( 'NONE', #5531, #2587 ) ;
#3682 = VERTEX_POINT ( 'NONE', #599 ) ;
#3683 = CARTESIAN_POINT ( 'NONE',  ( -5.269999999999998700, 4.129999999999999900, 2.814999999999999900 ) ) ;
#3684 =( GEOMETRIC_REPRESENTATION_CONTEXT ( 3 ) GLOBAL_UNCERTAINTY_ASSIGNED_CONTEXT ( ( #2490 ) ) GLOBAL_UNIT_ASSIGNED_CONTEXT ( ( #464, #3762, #922 ) ) REPRESENTATION_CONTEXT ( 'NONE', 'WORKASPACE' ) );
#3685 = VERTEX_POINT ( 'NONE', #2495 ) ;
#3686 = VECTOR ( 'NONE', #3921, 1000.000000000000000 ) ;
#3687 = AXIS2_PLACEMENT_3D ( 'NONE', #5786, #2948, #114 ) ;
#3688 = CARTESIAN_POINT ( 'NONE',  ( -6.799999999999999800, -8.327598234202001100E-016, 2.500000000000000000 ) ) ;
#3689 = ORIENTED_EDGE ( 'NONE', *, *, #5354, .T. ) ;
#3690 = ORIENTED_EDGE ( 'NONE', *, *, #5190, .F. ) ;
#3691 = ORIENTED_EDGE ( 'NONE', *, *, #4039, .F. ) ;
#3692 = ADVANCED_FACE ( 'NONE', ( #1061 ), #4702, .T. ) ;
#3693 = VECTOR ( 'NONE', #478, 1000.000000000000000 ) ;
#3694 = EDGE_CURVE ( 'NONE', #3213, #5148, #5012, .T. ) ;
#3695 = DIRECTION ( 'NONE',  ( 0.4999999999999973900, -2.819114806270179200E-017, 0.8660254037844401500 ) ) ;
#3696 = EDGE_LOOP ( 'NONE', ( #2413, #885, #5858, #3448 ) ) ;
#3697 = EDGE_CURVE ( 'NONE', #3173, #4479, #5973, .T. ) ;
#3698 = PRESENTATION_STYLE_ASSIGNMENT (( #1555 ) ) ;
#3699 = CARTESIAN_POINT ( 'NONE',  ( -5.000000000000000000, 0.4999999999999995600, -3.250000000000000400 ) ) ;
#3700 = ORIENTED_EDGE ( 'NONE', *, *, #2944, .T. ) ;
#3701 = DIRECTION ( 'NONE',  ( 1.000000000000000000, 1.224646799147353500E-016, -0.0000000000000000000 ) ) ;
#3702 = STYLED_ITEM ( 'NONE', ( #1729 ), #3775 ) ;
#3703 = EDGE_CURVE ( 'NONE', #1511, #4666, #2332, .T. ) ;
#3704 = VECTOR ( 'NONE', #2548, 1000.000000000000000 ) ;
#3705 =( LENGTH_UNIT ( ) NAMED_UNIT ( * ) SI_UNIT ( .MILLI., .METRE. ) );
#3706 = ORIENTED_EDGE ( 'NONE', *, *, #379, .F. ) ;
#3707 = DIRECTION ( 'NONE',  ( -1.000000000000000000, -0.0000000000000000000, -0.0000000000000000000 ) ) ;
#3708 =( NAMED_UNIT ( * ) SI_UNIT ( $, .STERADIAN. ) SOLID_ANGLE_UNIT ( ) );
#3709 = ORIENTED_EDGE ( 'NONE', *, *, #730, .F. ) ;
#3710 = ORIENTED_EDGE ( 'NONE', *, *, #2932, .T. ) ;
#3711 =( LENGTH_UNIT ( ) NAMED_UNIT ( * ) SI_UNIT ( .MILLI., .METRE. ) );
#3712 = CARTESIAN_POINT ( 'NONE',  ( 5.008805408512673600E-016, 4.129999999999999900, 2.044999999999999900 ) ) ;
#3713 = ORIENTED_EDGE ( 'NONE', *, *, #3040, .F. ) ;
#3714 = DIRECTION ( 'NONE',  ( -1.000000000000000000, -1.224646799147353200E-016, -1.281184251090699400E-016 ) ) ;
#3715 = VECTOR ( 'NONE', #2294, 1000.000000000000000 ) ;
#3716 = ADVANCED_FACE ( 'NONE', ( #5833 ), #906, .T. ) ;
#3717 = EDGE_CURVE ( 'NONE', #6137, #3251, #3287, .T. ) ;
#3718 = VERTEX_POINT ( 'NONE', #1565 ) ;
#3719 = CARTESIAN_POINT ( 'NONE',  ( -0.3000000000000016500, 2.159999999999985900, 2.254999999999999900 ) ) ;
#3720 = DIRECTION ( 'NONE',  ( 0.0000000000000000000, 0.0000000000000000000, 1.000000000000000000 ) ) ;
#3721 = FACE_OUTER_BOUND ( 'NONE', #2128, .T. ) ;
#3722 = CARTESIAN_POINT ( 'NONE',  ( 1.800000000000001200, 1.471324865405184500, 4.310000000000001400 ) ) ;
#3723 = VECTOR ( 'NONE', #1179, 1000.000000000000200 ) ;
#3724 = LINE ( 'NONE', #4304, #1211 ) ;
#3725 = VERTEX_POINT ( 'NONE', #2069 ) ;
#3726 = EDGE_CURVE ( 'NONE', #4754, #1404, #4547, .T. ) ;
#3727 = VECTOR ( 'NONE', #6061, 1000.000000000000000 ) ;
#3728 = CARTESIAN_POINT ( 'NONE',  ( -1.500000000000000000, -0.4200000000000007600, 4.309999999999999600 ) ) ;
#3730 = ORIENTED_EDGE ( 'NONE', *, *, #5239, .T. ) ;
#3729 = FACE_OUTER_BOUND ( 'NONE', #2804, .T. ) ;
#3731 = SURFACE_STYLE_FILL_AREA ( #3764 ) ;
#3732 = VECTOR ( 'NONE', #3714, 1000.000000000000000 ) ;
#3733 = CARTESIAN_POINT ( 'NONE',  ( -6.564732843086535000, 2.538389237197200600, 1.750000000000000000 ) ) ;
#3734 = EDGE_CURVE ( 'NONE', #2346, #3599, #3441, .T. ) ;
#3735 = VERTEX_POINT ( 'NONE', #3942 ) ;
#3736 = ORIENTED_EDGE ( 'NONE', *, *, #897, .T. ) ;
#3737 = VECTOR ( 'NONE', #5933, 1000.000000000000000 ) ;
#3738 = CARTESIAN_POINT ( 'NONE',  ( -6.919660186493931800, -1.980000000000000000, 0.2500000000000000000 ) ) ;
#3739 = DIRECTION ( 'NONE',  ( -0.0000000000000000000, -0.0000000000000000000, -1.000000000000000000 ) ) ;
#3740 = ORIENTED_EDGE ( 'NONE', *, *, #3048, .T. ) ;
#3741 = CARTESIAN_POINT ( 'NONE',  ( -0.02999999999999878800, -0.3000000000000000400, -3.349999999999999600 ) ) ;
#3742 = STYLED_ITEM ( 'NONE', ( #1838 ), #4817 ) ;
#3743 = EDGE_LOOP ( 'NONE', ( #1408, #2996, #5662, #888 ) ) ;
#3744 = FACE_OUTER_BOUND ( 'NONE', #5814, .T. ) ;
#3745 = ADVANCED_FACE ( 'NONE', ( #5681 ), #664, .F. ) ;
#3746 = DIRECTION ( 'NONE',  ( 0.0000000000000000000, 0.0000000000000000000, 1.000000000000000000 ) ) ;
#3747 = CARTESIAN_POINT ( 'NONE',  ( -6.799999999999999800, 5.200000000000000200, 3.809999999999999600 ) ) ;
#3748 = ORIENTED_EDGE ( 'NONE', *, *, #4151, .T. ) ;
#3749 = ORIENTED_EDGE ( 'NONE', *, *, #4094, .T. ) ;
#3750 = DIRECTION ( 'NONE',  ( 1.807003620809174000E-017, -1.000000000000000000, 0.0000000000000000000 ) ) ;
#3751 = CARTESIAN_POINT ( 'NONE',  ( 0.0000000000000000000, 0.0000000000000000000, 3.809999999999999600 ) ) ;
#3752 = AXIS2_PLACEMENT_3D ( 'NONE', #6027, #4493, #1121 ) ;
#3753 = ORIENTED_EDGE ( 'NONE', *, *, #4528, .F. ) ;
#3754 = CIRCLE ( 'NONE', #5675, 0.3999999999999997400 ) ;
#3755 =( NAMED_UNIT ( * ) SI_UNIT ( $, .STERADIAN. ) SOLID_ANGLE_UNIT ( ) );
#3756 = DIRECTION ( 'NONE',  ( -1.000000000000000000, -0.0000000000000000000, -0.0000000000000000000 ) ) ;
#3757 = STYLED_ITEM ( 'NONE', ( #4696 ), #6070 ) ;
#3758 = DIRECTION ( 'NONE',  ( 0.0000000000000000000, 0.0000000000000000000, 1.000000000000000000 ) ) ;
#3759 = EDGE_CURVE ( 'NONE', #4082, #4957, #3145, .T. ) ;
#3760 = LINE ( 'NONE', #5651, #3624 ) ;
#3761 = STYLED_ITEM ( 'NONE', ( #18 ), #1642 ) ;
#3762 =( NAMED_UNIT ( * ) PLANE_ANGLE_UNIT ( ) SI_UNIT ( $, .RADIAN. ) );
#3763 = VECTOR ( 'NONE', #983, 1000.000000000000100 ) ;
#3764 = FILL_AREA_STYLE ('',( #2355 ) ) ;
#3765 = EDGE_CURVE ( 'NONE', #4456, #358, #1882, .T. ) ;
#3766 = CARTESIAN_POINT ( 'NONE',  ( 0.4300000000000010500, 0.4300090093458152600, -0.3960850015576333800 ) ) ;
#3767 = STYLED_ITEM ( 'NONE', ( #5837 ), #2705 ) ;
#3768 = FACE_OUTER_BOUND ( 'NONE', #1458, .T. ) ;
#3769 = ORIENTED_EDGE ( 'NONE', *, *, #613, .F. ) ;
#3770 =( NAMED_UNIT ( * ) SI_UNIT ( $, .STERADIAN. ) SOLID_ANGLE_UNIT ( ) );
#3771 = VECTOR ( 'NONE', #3675, 1000.000000000000000 ) ;
#3772 = FACE_OUTER_BOUND ( 'NONE', #4346, .T. ) ;
#3773 = UNCERTAINTY_MEASURE_WITH_UNIT (LENGTH_MEASURE( 1.000000000000000100E-005 ), #827, 'distance_accuracy_value', 'NONE');
#3774 = EDGE_LOOP ( 'NONE', ( #1191, #3709, #3858, #4148 ) ) ;
#3775 = ADVANCED_FACE ( 'NONE', ( #630 ), #1147, .F. ) ;
#3776 = EDGE_LOOP ( 'NONE', ( #3823, #4714, #1605, #717 ) ) ;
#3777 = CARTESIAN_POINT ( 'NONE',  ( -3.348040288418821800E-016, -0.3000000000000000400, 2.899999999999999900 ) ) ;
#3778 =( GEOMETRIC_REPRESENTATION_CONTEXT ( 3 ) GLOBAL_UNCERTAINTY_ASSIGNED_CONTEXT ( ( #590 ) ) GLOBAL_UNIT_ASSIGNED_CONTEXT ( ( #1405, #4737, #1891 ) ) REPRESENTATION_CONTEXT ( 'NONE', 'WORKASPACE' ) );
#3779 = EDGE_CURVE ( 'NONE', #5846, #5766, #5457, .T. ) ;
#3780 = CARTESIAN_POINT ( 'NONE',  ( -5.540000000000000000, -0.4423115893098412100, -0.2500000000000000000 ) ) ;
#3781 = CARTESIAN_POINT ( 'NONE',  ( -5.000000000000000000, 1.649999999999986100, 1.744999999999999900 ) ) ;
#3782 = ORIENTED_EDGE ( 'NONE', *, *, #4120, .T. ) ;
#3783 = ORIENTED_EDGE ( 'NONE', *, *, #4943, .F. ) ;
#3784 =( NAMED_UNIT ( * ) PLANE_ANGLE_UNIT ( ) SI_UNIT ( $, .RADIAN. ) );
#3785 = EDGE_LOOP ( 'NONE', ( #2656, #286, #1562, #4977 ) ) ;
#3786 = CARTESIAN_POINT ( 'NONE',  ( -5.860000000000000300, 0.0000000000000000000, 5.000000000000000000 ) ) ;
#3787 = PLANE ( 'NONE',  #1901 ) ;
#3788 = CIRCLE ( 'NONE', #153, 0.3647328430865350300 ) ;
#3789 = CARTESIAN_POINT ( 'NONE',  ( 0.0000000000000000000, 4.129999999999999900, -2.044999999999999900 ) ) ;
#3790 = FILL_AREA_STYLE_COLOUR ( '', #4628 ) ;
#3791 = DIRECTION ( 'NONE',  ( 0.0000000000000000000, 0.0000000000000000000, 1.000000000000000000 ) ) ;
#3792 = FILL_AREA_STYLE_COLOUR ( '', #5230 ) ;
#3793 = FACE_OUTER_BOUND ( 'NONE', #46, .T. ) ;
#3794 = STYLED_ITEM ( 'NONE', ( #5755 ), #5580 ) ;
#3795 = VECTOR ( 'NONE', #459, 1000.000000000000000 ) ;
#3796 = EDGE_CURVE ( 'NONE', #1893, #5206, #2561, .T. ) ;
#3797 = DIRECTION ( 'NONE',  ( 0.0000000000000000000, -1.000000000000000000, 0.0000000000000000000 ) ) ;
#3798 = STYLED_ITEM ( 'NONE', ( #3483 ), #1144 ) ;
#3799 = VERTEX_POINT ( 'NONE', #3084 ) ;
#3800 = CARTESIAN_POINT ( 'NONE',  ( 1.800000000000000000, 2.204364238465235600E-016, 2.085000000000000400 ) ) ;
#3801 = COLOUR_RGB ( '',0.8000000000000000400, 0.8039215686274510100, 0.8000000000000000400 ) ;
#3802 = DIRECTION ( 'NONE',  ( -0.0000000000000000000, 0.0000000000000000000, -1.000000000000000000 ) ) ;
#3803 = EDGE_CURVE ( 'NONE', #1511, #4659, #5077, .T. ) ;
#3804 = ORIENTED_EDGE ( 'NONE', *, *, #2350, .F. ) ;
#3805 = LINE ( 'NONE', #6072, #3665 ) ;
#3806 = EDGE_CURVE ( 'NONE', #859, #3599, #135, .T. ) ;
#3807 = VECTOR ( 'NONE', #5229, 1000.000000000000000 ) ;
#3808 = ADVANCED_FACE ( 'NONE', ( #4865 ), #4995, .F. ) ;
#3809 = EDGE_CURVE ( 'NONE', #4484, #912, #3596, .T. ) ;
#3810 = DIRECTION ( 'NONE',  ( 0.0000000000000000000, -1.000000000000000000, 1.032573497605242300E-016 ) ) ;
#3811 = ORIENTED_EDGE ( 'NONE', *, *, #3495, .T. ) ;
#3812 = AXIS2_PLACEMENT_3D ( 'NONE', #1982, #2470, #5788 ) ;
#3813 = ORIENTED_EDGE ( 'NONE', *, *, #2162, .T. ) ;
#3814 = DIRECTION ( 'NONE',  ( -0.0000000000000000000, -0.0000000000000000000, -1.000000000000000000 ) ) ;
#3815 = VECTOR ( 'NONE', #2112, 1000.000000000000000 ) ;
#3816 = PRESENTATION_LAYER_ASSIGNMENT (  '', '', ( #3189 ) ) ;
#3817 = DIRECTION ( 'NONE',  ( 1.281184251090699400E-016, 1.568998192216224200E-032, -1.000000000000000000 ) ) ;
#3818 = EDGE_CURVE ( 'NONE', #1830, #4208, #6130, .T. ) ;
#3819 = ORIENTED_EDGE ( 'NONE', *, *, #1978, .F. ) ;
#3820 = CARTESIAN_POINT ( 'NONE',  ( -5.540000000000000000, -6.784543267276336000E-016, 5.000000000000000000 ) ) ;
#3821 = DIRECTION ( 'NONE',  ( 0.0000000000000000000, 0.0000000000000000000, 1.000000000000000000 ) ) ;
#3822 = CARTESIAN_POINT ( 'NONE',  ( -6.219660186493931600, -0.9799999999999999800, 2.250000000000000400 ) ) ;
#3823 = ORIENTED_EDGE ( 'NONE', *, *, #267, .T. ) ;
#3824 = SURFACE_STYLE_FILL_AREA ( #5532 ) ;
#3825 = DIRECTION ( 'NONE',  ( 0.0000000000000000000, -1.000000000000000000, 1.032573497605242300E-016 ) ) ;
#3826 = CARTESIAN_POINT ( 'NONE',  ( -0.02999999999999885100, -0.4000000000000000200, -2.899999999999999900 ) ) ;
#3827 = LINE ( 'NONE', #2700, #5110 ) ;
#3828 = CARTESIAN_POINT ( 'NONE',  ( -5.500000000000000000, 3.629999999999999900, 0.8499999999999996400 ) ) ;
#3829 = VERTEX_POINT ( 'NONE', #5017 ) ;
#3830 = ORIENTED_EDGE ( 'NONE', *, *, #4120, .F. ) ;
#3831 = VECTOR ( 'NONE', #1931, 1000.000000000000000 ) ;
#3832 = VECTOR ( 'NONE', #1542, 1000.000000000000000 ) ;
#3833 = DIRECTION ( 'NONE',  ( -1.000000000000000000, 0.0000000000000000000, 0.0000000000000000000 ) ) ;
#3834 = DIRECTION ( 'NONE',  ( 0.0000000000000000000, 0.0000000000000000000, -1.000000000000000000 ) ) ;
#3835 = ORIENTED_EDGE ( 'NONE', *, *, #936, .F. ) ;
#3836 = ORIENTED_EDGE ( 'NONE', *, *, #4334, .F. ) ;
#3837 = CARTESIAN_POINT ( 'NONE',  ( 0.0000000000000000000, 5.200000000000000200, 5.000000000000000000 ) ) ;
#3838 = EDGE_CURVE ( 'NONE', #1864, #3265, #2341, .T. ) ;
#3839 = DIRECTION ( 'NONE',  ( 0.7842568694126314000, 0.6204362681042258100, 0.0000000000000000000 ) ) ;
#3840 = VECTOR ( 'NONE', #17, 1000.000000000000000 ) ;
#3841 = FILL_AREA_STYLE ('',( #5743 ) ) ;
#3842 = STYLED_ITEM ( 'NONE', ( #4716 ), #500 ) ;
#3843 = CARTESIAN_POINT ( 'NONE',  ( -6.118249463191811800E-016, 9.305929820297226500, -4.309999999999999600 ) ) ;
#3844 = ADVANCED_FACE ( 'NONE', ( #5987 ), #2176, .F. ) ;
#3845 = VERTEX_POINT ( 'NONE', #2650 ) ;
#3846 = VECTOR ( 'NONE', #3580, 1000.000000000000000 ) ;
#3847 = CARTESIAN_POINT ( 'NONE',  ( -0.2000000000000005100, 1.707735026918949500, 0.0000000000000000000 ) ) ;
#3848 = CARTESIAN_POINT ( 'NONE',  ( -0.2000000000000005100, -7.664820520004914100E-016, 1.802735026918962400 ) ) ;
#3849 = AXIS2_PLACEMENT_3D ( 'NONE', #4260, #5226, #2386 ) ;
#3850 = CARTESIAN_POINT ( 'NONE',  ( -6.219660186493931600, -1.980000000000000000, 2.250000000000000400 ) ) ;
#3851 = LINE ( 'NONE', #2066, #3704 ) ;
#3852 = DIRECTION ( 'NONE',  ( -0.0000000000000000000, -0.0000000000000000000, -1.000000000000000000 ) ) ;
#3853 = ORIENTED_EDGE ( 'NONE', *, *, #749, .T. ) ;
#3854 = CARTESIAN_POINT ( 'NONE',  ( -0.1299999999999996200, -0.3000000000000000400, 3.349999999999999600 ) ) ;
#3855 =( GEOMETRIC_REPRESENTATION_CONTEXT ( 3 ) GLOBAL_UNCERTAINTY_ASSIGNED_CONTEXT ( ( #2791 ) ) GLOBAL_UNIT_ASSIGNED_CONTEXT ( ( #6101, #3244, #418 ) ) REPRESENTATION_CONTEXT ( 'NONE', 'WORKASPACE' ) );
#3856 = EDGE_CURVE ( 'NONE', #2969, #5889, #5542, .T. ) ;
#3857 = FILL_AREA_STYLE_COLOUR ( '', #4068 ) ;
#3858 = ORIENTED_EDGE ( 'NONE', *, *, #4132, .F. ) ;
#3859 = VERTEX_POINT ( 'NONE', #769 ) ;
#3860 = CARTESIAN_POINT ( 'NONE',  ( -0.1299999999999988900, 0.0000000000000000000, -2.899999999999999900 ) ) ;
#3861 = DIRECTION ( 'NONE',  ( 0.0000000000000000000, -0.0000000000000000000, -1.000000000000000000 ) ) ;
#3862 = CARTESIAN_POINT ( 'NONE',  ( -5.000000000000000000, 0.0000000000000000000, 0.0000000000000000000 ) ) ;
#3863 = CARTESIAN_POINT ( 'NONE',  ( -6.919660186493931800, -0.6257768975473813100, 1.750000000000000000 ) ) ;
#3864 = STYLED_ITEM ( 'NONE', ( #4741 ), #4623 ) ;
#3865 = EDGE_CURVE ( 'NONE', #2835, #4302, #636, .T. ) ;
#3866 = ORIENTED_EDGE ( 'NONE', *, *, #4168, .F. ) ;
#3867 = PLANE ( 'NONE',  #4060 ) ;
#3868 = LINE ( 'NONE', #3239, #2477 ) ;
#3869 = CARTESIAN_POINT ( 'NONE',  ( -7.050000000000000700, 5.249999999999999100, 3.809999999999999600 ) ) ;
#3870 = DIRECTION ( 'NONE',  ( 1.668003342285392800E-016, 2.042714954096893200E-032, -1.000000000000000000 ) ) ;
#3871 = VERTEX_POINT ( 'NONE', #4561 ) ;
#3872 =( NAMED_UNIT ( * ) PLANE_ANGLE_UNIT ( ) SI_UNIT ( $, .RADIAN. ) );
#3873 = FACE_OUTER_BOUND ( 'NONE', #2709, .T. ) ;
#3874 = CARTESIAN_POINT ( 'NONE',  ( 1.800000000000001400, 0.5000000000000004400, -4.309999999999999600 ) ) ;
#3875 = LINE ( 'NONE', #2916, #5156 ) ;
#3876 = LINE ( 'NONE', #4130, #1654 ) ;
#3877 = PLANE ( 'NONE',  #4774 ) ;
#3878 = DIRECTION ( 'NONE',  ( -1.000000000000000000, -1.224646799147353200E-016, 0.0000000000000000000 ) ) ;
#3880 = ORIENTED_EDGE ( 'NONE', *, *, #4748, .F. ) ;
#3879 = VECTOR ( 'NONE', #1964, 1000.000000000000000 ) ;
#3881 = UNCERTAINTY_MEASURE_WITH_UNIT (LENGTH_MEASURE( 1.000000000000000100E-005 ), #5666, 'distance_accuracy_value', 'NONE');
#3882 = AXIS2_PLACEMENT_3D ( 'NONE', #650, #4431, #2055 ) ;
#3883 = DIRECTION ( 'NONE',  ( 0.0000000000000000000, 0.0000000000000000000, 1.000000000000000000 ) ) ;
#3884 = LINE ( 'NONE', #2261, #2641 ) ;
#3885 = AXIS2_PLACEMENT_3D ( 'NONE', #712, #1661, #4992 ) ;
#3886 =( NAMED_UNIT ( * ) SI_UNIT ( $, .STERADIAN. ) SOLID_ANGLE_UNIT ( ) );
#3887 = SURFACE_STYLE_USAGE ( .BOTH. , #584 ) ;
#3888 = ORIENTED_EDGE ( 'NONE', *, *, #638, .T. ) ;
#3889 = ORIENTED_EDGE ( 'NONE', *, *, #3257, .F. ) ;
#3890 = DIRECTION ( 'NONE',  ( 0.0000000000000000000, 0.0000000000000000000, 1.000000000000000000 ) ) ;
#3891 = DIRECTION ( 'NONE',  ( 1.000000000000000000, 1.224646799147353200E-016, -0.0000000000000000000 ) ) ;
#3892 = EDGE_CURVE ( 'NONE', #585, #3338, #3023, .T. ) ;
#3893 = PRESENTATION_LAYER_ASSIGNMENT (  '', '', ( #5103 ) ) ;
#3894 = VERTEX_POINT ( 'NONE', #2219 ) ;
#3895 = ORIENTED_EDGE ( 'NONE', *, *, #1938, .T. ) ;
#3896 = DIRECTION ( 'NONE',  ( -0.0000000000000000000, -0.0000000000000000000, -1.000000000000000000 ) ) ;
#3897 = SURFACE_SIDE_STYLE ('',( #2212 ) ) ;
#3898 = VERTEX_POINT ( 'NONE', #5054 ) ;
#3899 = LINE ( 'NONE', #5152, #145 ) ;
#3900 =( NAMED_UNIT ( * ) SI_UNIT ( $, .STERADIAN. ) SOLID_ANGLE_UNIT ( ) );
#3901 = CARTESIAN_POINT ( 'NONE',  ( -5.000000000000000000, 2.160000000000000100, -1.745000000000000100 ) ) ;
#3902 = EDGE_CURVE ( 'NONE', #2620, #5751, #4103, .T. ) ;
#3903 = VERTEX_POINT ( 'NONE', #4099 ) ;
#3904 = ORIENTED_EDGE ( 'NONE', *, *, #3495, .F. ) ;
#3905 = CARTESIAN_POINT ( 'NONE',  ( -6.799999999999999800, -0.3000000000000008200, -3.450000000000001100 ) ) ;
#3906 = SURFACE_STYLE_FILL_AREA ( #1033 ) ;
#3907 = DIRECTION ( 'NONE',  ( 0.0000000000000000000, -1.000000000000000000, 0.0000000000000000000 ) ) ;
#3908 = CARTESIAN_POINT ( 'NONE',  ( -0.2000000000000005100, -7.664820520004914100E-016, -1.802735026918962400 ) ) ;
#3909 = ORIENTED_EDGE ( 'NONE', *, *, #3387, .T. ) ;
#3910 = DIRECTION ( 'NONE',  ( -0.0000000000000000000, -1.000000000000000000, -0.0000000000000000000 ) ) ;
#3911 = LINE ( 'NONE', #2980, #5041 ) ;
#3912 = DIRECTION ( 'NONE',  ( -1.000000000000000000, -0.0000000000000000000, -0.0000000000000000000 ) ) ;
#3913 = VERTEX_POINT ( 'NONE', #4585 ) ;
#3914 = FILL_AREA_STYLE ('',( #1514 ) ) ;
#3915 = FACE_OUTER_BOUND ( 'NONE', #3086, .T. ) ;
#3916 = PRESENTATION_STYLE_ASSIGNMENT (( #401 ) ) ;
#3917 = CARTESIAN_POINT ( 'NONE',  ( -0.02999999999999875700, -0.4000000000000000200, -3.449999999999999300 ) ) ;
#3918 = STYLED_ITEM ( 'NONE', ( #2206 ), #5292 ) ;
#3919 = DIRECTION ( 'NONE',  ( -1.000000000000000000, -3.252606517456513700E-015, 0.0000000000000000000 ) ) ;
#3920 = EDGE_CURVE ( 'NONE', #2541, #1316, #348, .T. ) ;
#3921 = DIRECTION ( 'NONE',  ( -1.000000000000000000, -1.224646799147353200E-016, -2.562368502181398800E-016 ) ) ;
#3922 = VECTOR ( 'NONE', #962, 1000.000000000000000 ) ;
#3923 = AXIS2_PLACEMENT_3D ( 'NONE', #887, #4207, #1367 ) ;
#3924 = LINE ( 'NONE', #3465, #313 ) ;
#3925 = CARTESIAN_POINT ( 'NONE',  ( -5.540000000000000000, -6.784543267276336000E-016, 5.000000000000000000 ) ) ;
#3926 = ORIENTED_EDGE ( 'NONE', *, *, #1765, .F. ) ;
#3927 = LINE ( 'NONE', #2259, #314 ) ;
#3928 = VECTOR ( 'NONE', #994, 1000.000000000000000 ) ;
#3929 = CARTESIAN_POINT ( 'NONE',  ( -5.540000000000000000, -0.4423115893098412100, 2.250000000000000400 ) ) ;
#3930 = DIRECTION ( 'NONE',  ( -1.000000000000000000, -2.201425730935034400E-016, 0.0000000000000000000 ) ) ;
#3931 = ORIENTED_EDGE ( 'NONE', *, *, #5556, .T. ) ;
#3932 = ORIENTED_EDGE ( 'NONE', *, *, #3838, .F. ) ;
#3933 = DIRECTION ( 'NONE',  ( 1.000000000000000000, 0.0000000000000000000, 0.0000000000000000000 ) ) ;
#3934 = DIRECTION ( 'NONE',  ( 0.0000000000000000000, -1.000000000000000000, 0.0000000000000000000 ) ) ;
#3935 = VERTEX_POINT ( 'NONE', #2707 ) ;
#3936 = ORIENTED_EDGE ( 'NONE', *, *, #1233, .F. ) ;
#3937 = AXIS2_PLACEMENT_3D ( 'NONE', #5076, #3184, #361 ) ;
#3938 = EDGE_CURVE ( 'NONE', #2384, #5623, #5232, .T. ) ;
#3939 = DIRECTION ( 'NONE',  ( 1.000000000000000000, -0.0000000000000000000, -0.0000000000000000000 ) ) ;
#3940 = CARTESIAN_POINT ( 'NONE',  ( -6.118249463191811800E-016, 9.305929820297226500, 4.309999999999999600 ) ) ;
#3941 = ORIENTED_EDGE ( 'NONE', *, *, #692, .F. ) ;
#3942 = CARTESIAN_POINT ( 'NONE',  ( -5.000000000000000000, 4.699999999999999300, -3.250000000000000000 ) ) ;
#3943 = DIRECTION ( 'NONE',  ( -1.000000000000000000, 0.0000000000000000000, 0.0000000000000000000 ) ) ;
#3944 = VECTOR ( 'NONE', #1193, 1000.000000000000000 ) ;
#3945 = MECHANICAL_DESIGN_GEOMETRIC_PRESENTATION_REPRESENTATION (  '', ( #3019 ), #4265 ) ;
#3946 = DIRECTION ( 'NONE',  ( 1.224646799147353200E-016, -1.000000000000000000, 0.0000000000000000000 ) ) ;
#3947 = VECTOR ( 'NONE', #5405, 1000.000000000000000 ) ;
#3948 = DIRECTION ( 'NONE',  ( -0.0000000000000000000, 1.000000000000000000, 0.0000000000000000000 ) ) ;
#3949 = LINE ( 'NONE', #1818, #5075 ) ;
#3950 = CARTESIAN_POINT ( 'NONE',  ( -6.233601076852520100, -0.6257768975473829700, 1.750000000000000000 ) ) ;
#3951 = VERTEX_POINT ( 'NONE', #1750 ) ;
#3952 = VECTOR ( 'NONE', #4202, 1000.000000000000000 ) ;
#3953 = CARTESIAN_POINT ( 'NONE',  ( 0.4300000000000008300, 5.265981236333628700E-017, 1.684999999999999800 ) ) ;
#3954 = PLANE ( 'NONE',  #3752 ) ;
#3955 = VECTOR ( 'NONE', #2855, 1000.000000000000000 ) ;
#3956 = EDGE_CURVE ( 'NONE', #864, #5547, #4257, .T. ) ;
#3957 = ORIENTED_EDGE ( 'NONE', *, *, #1651, .T. ) ;
#3958 = UNCERTAINTY_MEASURE_WITH_UNIT (LENGTH_MEASURE( 1.000000000000000100E-005 ), #1480, 'distance_accuracy_value', 'NONE');
#3959 = VECTOR ( 'NONE', #809, 1000.000000000000000 ) ;
#3960 = VECTOR ( 'NONE', #3307, 1000.000000000000000 ) ;
#3961 =( LENGTH_UNIT ( ) NAMED_UNIT ( * ) SI_UNIT ( .MILLI., .METRE. ) );
#3962 =( LENGTH_UNIT ( ) NAMED_UNIT ( * ) SI_UNIT ( .MILLI., .METRE. ) );
#3963 = ORIENTED_EDGE ( 'NONE', *, *, #3642, .F. ) ;
#3964 = CARTESIAN_POINT ( 'NONE',  ( -0.1299999999999987800, -0.3000000000000000400, -3.349999999999999600 ) ) ;
#3965 = PRODUCT_DEFINITION_FORMATION_WITH_SPECIFIED_SOURCE ( 'ANY', '', #1953, .NOT_KNOWN. ) ;
#3966 = VERTEX_POINT ( 'NONE', #2256 ) ;
#3967 = EDGE_LOOP ( 'NONE', ( #2095, #6034, #3710, #2757 ) ) ;
#3968 = DIRECTION ( 'NONE',  ( 0.0000000000000000000, 0.0000000000000000000, -1.000000000000000000 ) ) ;
#3969 = VECTOR ( 'NONE', #1150, 1000.000000000000000 ) ;
#3970 = MECHANICAL_DESIGN_GEOMETRIC_PRESENTATION_REPRESENTATION (  '', ( #3035 ), #4284 ) ;
#3971 = CARTESIAN_POINT ( 'NONE',  ( 1.299999999999992500, 1.760000000000000700, 4.310000000000001400 ) ) ;
#3972 = EDGE_LOOP ( 'NONE', ( #1138, #2081, #2158, #871 ) ) ;
#3973 = FILL_AREA_STYLE_COLOUR ( '', #5073 ) ;
#3974 = ADVANCED_FACE ( 'NONE', ( #202 ), #2236, .F. ) ;
#3975 = EDGE_CURVE ( 'NONE', #5231, #791, #5088, .T. ) ;
#3976 = CARTESIAN_POINT ( 'NONE',  ( -5.500000000000000000, 3.629999999999999900, -1.350000000000000100 ) ) ;
#3977 = STYLED_ITEM ( 'NONE', ( #836 ), #2800 ) ;
#3978 = VERTEX_POINT ( 'NONE', #377 ) ;
#3979 = FACE_OUTER_BOUND ( 'NONE', #5037, .T. ) ;
#3980 = CARTESIAN_POINT ( 'NONE',  ( -6.799999999999999800, -8.327598234202001100E-016, 3.809999999999999600 ) ) ;
#3981 =( NAMED_UNIT ( * ) PLANE_ANGLE_UNIT ( ) SI_UNIT ( $, .RADIAN. ) );
#3982 = VECTOR ( 'NONE', #3644, 1000.000000000000000 ) ;
#3983 = ORIENTED_EDGE ( 'NONE', *, *, #48, .F. ) ;
#3984 = CARTESIAN_POINT ( 'NONE',  ( 0.0000000000000000000, 4.699999999999999300, -3.250000000000000000 ) ) ;
#3985 = ORIENTED_EDGE ( 'NONE', *, *, #4663, .F. ) ;
#3986 = SURFACE_STYLE_FILL_AREA ( #2445 ) ;
#3987 = DIRECTION ( 'NONE',  ( -0.5000000000000006700, 0.0000000000000000000, 0.8660254037844382600 ) ) ;
#3988 = EDGE_CURVE ( 'NONE', #3913, #2754, #489, .T. ) ;
#3989 = LINE ( 'NONE', #2531, #5930 ) ;
#3990 = EDGE_LOOP ( 'NONE', ( #2925, #1343, #4550, #5983 ) ) ;
#3991 = CARTESIAN_POINT ( 'NONE',  ( -0.3000000000000016000, 2.160000000000000100, 0.2550000000000000000 ) ) ;
#3992 = CARTESIAN_POINT ( 'NONE',  ( -0.02999999999999960000, -0.3000000000000000400, 3.349999999999999600 ) ) ;
#3993 = FACE_OUTER_BOUND ( 'NONE', #2573, .T. ) ;
#3994 = ORIENTED_EDGE ( 'NONE', *, *, #3077, .F. ) ;
#3995 = PLANE ( 'NONE',  #180 ) ;
#3996 = ORIENTED_EDGE ( 'NONE', *, *, #446, .T. ) ;
#3997 = SURFACE_STYLE_FILL_AREA ( #1694 ) ;
#3998 =( NAMED_UNIT ( * ) SI_UNIT ( $, .STERADIAN. ) SOLID_ANGLE_UNIT ( ) );
#3999 = DIRECTION ( 'NONE',  ( -0.0000000000000000000, -1.000000000000000000, -0.0000000000000000000 ) ) ;
#4000 = VECTOR ( 'NONE', #1848, 1000.000000000000000 ) ;
#4001 = FACE_OUTER_BOUND ( 'NONE', #5322, .T. ) ;
#4002 = CARTESIAN_POINT ( 'NONE',  ( -2.510000000000000200, 4.129999999999999900, 0.5999999999999999800 ) ) ;
#4003 = EDGE_LOOP ( 'NONE', ( #292, #5990, #2732, #2510 ) ) ;
#4004 = SURFACE_STYLE_USAGE ( .BOTH. , #697 ) ;
#4005 = ADVANCED_FACE ( 'NONE', ( #2569 ), #5122, .F. ) ;
#4006 = PRESENTATION_LAYER_ASSIGNMENT (  '', '', ( #3372 ) ) ;
#4007 = CARTESIAN_POINT ( 'NONE',  ( -6.799999999999998900, -0.3585786437626913300, 2.799999999999999400 ) ) ;
#4008 = VERTEX_POINT ( 'NONE', #5097 ) ;
#4009 = ORIENTED_EDGE ( 'NONE', *, *, #4500, .T. ) ;
#4010 = EDGE_CURVE ( 'NONE', #4642, #4957, #3805, .T. ) ;
#4011 = EDGE_CURVE ( 'NONE', #2989, #3845, #4940, .T. ) ;
#4012 = CARTESIAN_POINT ( 'NONE',  ( -6.219660186493931600, -0.9799999999999999800, -1.750000000000000200 ) ) ;
#4013 = ORIENTED_EDGE ( 'NONE', *, *, #5667, .F. ) ;
#4014 = DIRECTION ( 'NONE',  ( 0.0000000000000000000, 1.000000000000000000, 0.0000000000000000000 ) ) ;
#4015 = DIRECTION ( 'NONE',  ( 0.7745966692414856200, -0.4472135954999558700, 0.4472135954999561500 ) ) ;
#4016 = LINE ( 'NONE', #4632, #5298 ) ;
#4017 = DIRECTION ( 'NONE',  ( 0.0000000000000000000, -1.000000000000000000, 0.0000000000000000000 ) ) ;
#4018 = AXIS2_PLACEMENT_3D ( 'NONE', #1604, #4935, #2093 ) ;
#4019 = EDGE_CURVE ( 'NONE', #1240, #1148, #54, .T. ) ;
#4020 = EDGE_LOOP ( 'NONE', ( #5618, #4181, #4035, #1221, #4711 ) ) ;
#4021 = COLOUR_RGB ( '',0.8000000000000000400, 0.8039215686274510100, 0.8000000000000000400 ) ;
#4022 = SURFACE_STYLE_FILL_AREA ( #1503 ) ;
#4023 = LINE ( 'NONE', #2414, #5452 ) ;
#4024 =( NAMED_UNIT ( * ) PLANE_ANGLE_UNIT ( ) SI_UNIT ( $, .RADIAN. ) );
#4025 = UNCERTAINTY_MEASURE_WITH_UNIT (LENGTH_MEASURE( 1.000000000000000100E-005 ), #90, 'distance_accuracy_value', 'NONE');
#4026 = SURFACE_STYLE_FILL_AREA ( #837 ) ;
#4027 = CARTESIAN_POINT ( 'NONE',  ( -1.910000000000000100, 4.530000000000000200, -0.5999999999999999800 ) ) ;
#4029 = ORIENTED_EDGE ( 'NONE', *, *, #4901, .T. ) ;
#4028 = VECTOR ( 'NONE', #4296, 1000.000000000000000 ) ;
#4030 = LINE ( 'NONE', #2521, #2783 ) ;
#4031 = DIRECTION ( 'NONE',  ( 1.000000000000000000, 0.0000000000000000000, 0.0000000000000000000 ) ) ;
#4032 = ADVANCED_FACE ( 'NONE', ( #2417 ), #2769, .F. ) ;
#4033 = CARTESIAN_POINT ( 'NONE',  ( -6.200000000000000200, 3.903754866958950000E-018, 2.500000000000000000 ) ) ;
#4034 = ORIENTED_EDGE ( 'NONE', *, *, #4323, .F. ) ;
#4035 = ORIENTED_EDGE ( 'NONE', *, *, #4011, .T. ) ;
#4036 = DIRECTION ( 'NONE',  ( -0.0000000000000000000, -0.0000000000000000000, -1.000000000000000000 ) ) ;
#4037 = CARTESIAN_POINT ( 'NONE',  ( -6.200000000000000200, 3.903754866958950000E-018, -2.500000000000000000 ) ) ;
#4038 = SURFACE_SIDE_STYLE ('',( #4571 ) ) ;
#4039 = EDGE_CURVE ( 'NONE', #2849, #949, #5612, .T. ) ;
#4040 = AXIS2_PLACEMENT_3D ( 'NONE', #2198, #5520, #2671 ) ;
#4041 = EDGE_LOOP ( 'NONE', ( #5078, #479, #4401, #3288 ) ) ;
#4042 = EDGE_LOOP ( 'NONE', ( #3618, #1384, #5346, #5636 ) ) ;
#4043 = CARTESIAN_POINT ( 'NONE',  ( 0.4300000000000010500, 0.5000000000000004400, 1.684999999999999800 ) ) ;
#4044 = LINE ( 'NONE', #4909, #2794 ) ;
#4045 = DIRECTION ( 'NONE',  ( 1.000000000000000000, -0.0000000000000000000, -2.468771550251623500E-016 ) ) ;
#4046 = FILL_AREA_STYLE_COLOUR ( '', #1816 ) ;
#4047 = COLOUR_RGB ( '',0.8000000000000000400, 0.8039215686274510100, 0.8000000000000000400 ) ;
#4048 = CARTESIAN_POINT ( 'NONE',  ( 1.800000000000000500, 9.305929820297226500, 4.309999999999999600 ) ) ;
#4049 = ORIENTED_EDGE ( 'NONE', *, *, #3011, .F. ) ;
#4050 = EDGE_LOOP ( 'NONE', ( #1235, #4344, #5040, #3548 ) ) ;
#4051 = LINE ( 'NONE', #1054, #5340 ) ;
#4052 = FACE_OUTER_BOUND ( 'NONE', #4195, .T. ) ;
#4053 = PRESENTATION_STYLE_ASSIGNMENT (( #3008 ) ) ;
#4054 = EDGE_CURVE ( 'NONE', #3725, #2508, #3079, .T. ) ;
#4055 = ORIENTED_EDGE ( 'NONE', *, *, #2076, .F. ) ;
#4056 = CARTESIAN_POINT ( 'NONE',  ( -5.269999999999998700, 4.129999999999999900, 2.814999999999999900 ) ) ;
#4057 = CARTESIAN_POINT ( 'NONE',  ( -0.1299999999999990300, -1.592040838891550700E-017, -3.449999999999999300 ) ) ;
#4058 = DIRECTION ( 'NONE',  ( 0.0000000000000000000, 1.000000000000000000, 0.0000000000000000000 ) ) ;
#4059 = VERTEX_POINT ( 'NONE', #3728 ) ;
#4060 = AXIS2_PLACEMENT_3D ( 'NONE', #5276, #4339, #1505 ) ;
#4061 = VECTOR ( 'NONE', #2762, 1000.000000000000000 ) ;
#4062 = ADVANCED_FACE ( 'NONE', ( #4176 ), #1366, .F. ) ;
#4063 = SURFACE_STYLE_USAGE ( .BOTH. , #752 ) ;
#4064 = COLOUR_RGB ( '',0.8000000000000000400, 0.8039215686274510100, 0.8000000000000000400 ) ;
#4065 = VECTOR ( 'NONE', #3081, 1000.000000000000000 ) ;
#4066 = DIRECTION ( 'NONE',  ( 1.000000000000000000, 0.0000000000000000000, 0.0000000000000000000 ) ) ;
#4067 =( LENGTH_UNIT ( ) NAMED_UNIT ( * ) SI_UNIT ( .MILLI., .METRE. ) );
#4068 = COLOUR_RGB ( '',0.8000000000000000400, 0.8039215686274510100, 0.8000000000000000400 ) ;
#4069 = STYLED_ITEM ( 'NONE', ( #2135 ), #322 ) ;
#4070 = CARTESIAN_POINT ( 'NONE',  ( -6.564732843086535000, 2.538389237197200600, 2.250000000000000400 ) ) ;
#4071 = CARTESIAN_POINT ( 'NONE',  ( -6.799999999999999800, -0.3000000000000008200, 3.349999999999999600 ) ) ;
#4072 =( NAMED_UNIT ( * ) SI_UNIT ( $, .STERADIAN. ) SOLID_ANGLE_UNIT ( ) );
#4073 = VERTEX_POINT ( 'NONE', #6132 ) ;
#4074 = ORIENTED_EDGE ( 'NONE', *, *, #1869, .F. ) ;
#4075 = CARTESIAN_POINT ( 'NONE',  ( -5.000000000000000000, 2.159999999999985900, 2.254999999999999900 ) ) ;
#4076 = PRESENTATION_LAYER_ASSIGNMENT (  '', '', ( #3757 ) ) ;
#4077 = EDGE_CURVE ( 'NONE', #4411, #4479, #4322, .T. ) ;
#4078 = VERTEX_POINT ( 'NONE', #1387 ) ;
#4079 = PRESENTATION_LAYER_ASSIGNMENT (  '', '', ( #3761 ) ) ;
#4080 = ORIENTED_EDGE ( 'NONE', *, *, #4539, .F. ) ;
#4081 = CARTESIAN_POINT ( 'NONE',  ( -5.500000000000000000, 0.5000000000000004400, 0.8499999999999998700 ) ) ;
#4082 = VERTEX_POINT ( 'NONE', #1868 ) ;
#4083 = EDGE_CURVE ( 'NONE', #462, #5165, #130, .T. ) ;
#4084 = FACE_OUTER_BOUND ( 'NONE', #4424, .T. ) ;
#4085 = AXIS2_PLACEMENT_3D ( 'NONE', #3205, #4633, #1794 ) ;
#4086 = CARTESIAN_POINT ( 'NONE',  ( 5.008805408512673600E-016, 4.129999999999999900, 2.044999999999999900 ) ) ;
#4087 = LINE ( 'NONE', #5455, #3944 ) ;
#4088 = ADVANCED_FACE ( 'NONE', ( #5014 ), #2829, .F. ) ;
#4089 = PRESENTATION_STYLE_ASSIGNMENT (( #1256 ) ) ;
#4090 = LINE ( 'NONE', #3439, #2846 ) ;
#4091 = SURFACE_SIDE_STYLE ('',( #1724 ) ) ;
#4092 =( NAMED_UNIT ( * ) PLANE_ANGLE_UNIT ( ) SI_UNIT ( $, .RADIAN. ) );
#4093 = CARTESIAN_POINT ( 'NONE',  ( -5.540000000000000000, -0.4423115893098412100, -2.250000000000000400 ) ) ;
#4094 = EDGE_CURVE ( 'NONE', #6149, #1148, #4404, .T. ) ;
#4095 = ORIENTED_EDGE ( 'NONE', *, *, #2237, .T. ) ;
#4096 = VECTOR ( 'NONE', #964, 1000.000000000000000 ) ;
#4097 = LINE ( 'NONE', #898, #1428 ) ;
#4098 = LINE ( 'NONE', #1393, #2854 ) ;
#4099 = CARTESIAN_POINT ( 'NONE',  ( -4.500000000000000900, -0.4200000000000008200, -4.309999999999999600 ) ) ;
#4100 = CARTESIAN_POINT ( 'NONE',  ( 0.4300000000000011000, 5.265981236333632400E-017, -1.684999999999999800 ) ) ;
#4101 = EDGE_LOOP ( 'NONE', ( #5557, #5175, #5927, #5690 ) ) ;
#4102 = DIRECTION ( 'NONE',  ( -0.0000000000000000000, -0.0000000000000000000, -1.000000000000000000 ) ) ;
#4103 = LINE ( 'NONE', #2688, #1590 ) ;
#4104 = LINE ( 'NONE', #4729, #349 ) ;
#4105 = DIRECTION ( 'NONE',  ( 1.000000000000000000, 0.0000000000000000000, -0.0000000000000000000 ) ) ;
#4106 = ORIENTED_EDGE ( 'NONE', *, *, #1067, .F. ) ;
#4107 = DIRECTION ( 'NONE',  ( -0.0000000000000000000, 0.0000000000000000000, -1.000000000000000000 ) ) ;
#4108 = ORIENTED_EDGE ( 'NONE', *, *, #5832, .T. ) ;
#4109 = LINE ( 'NONE', #3515, #3969 ) ;
#4110 = ORIENTED_EDGE ( 'NONE', *, *, #4682, .T. ) ;
#4111 = CARTESIAN_POINT ( 'NONE',  ( -0.02999999999999958900, -0.4000000000000000200, 3.349999999999999600 ) ) ;
#4112 = AXIS2_PLACEMENT_3D ( 'NONE', #4387, #4878, #2032 ) ;
#4113 = DIRECTION ( 'NONE',  ( 1.000000000000000000, 0.0000000000000000000, 0.0000000000000000000 ) ) ;
#4114 = CARTESIAN_POINT ( 'NONE',  ( -0.1299999999999988400, -0.4000000000000000200, -2.899999999999999900 ) ) ;
#4115 = EDGE_CURVE ( 'NONE', #4646, #4452, #2038, .T. ) ;
#4116 = FACE_OUTER_BOUND ( 'NONE', #487, .T. ) ;
#4117 = AXIS2_PLACEMENT_3D ( 'NONE', #5780, #2943, #112 ) ;
#4118 = ORIENTED_EDGE ( 'NONE', *, *, #551, .T. ) ;
#4119 = ADVANCED_FACE ( 'NONE', ( #3147 ), #632, .T. ) ;
#4120 = EDGE_CURVE ( 'NONE', #5007, #5512, #4251, .T. ) ;
#4121 = PLANE ( 'NONE',  #2993 ) ;
#4122 = CARTESIAN_POINT ( 'NONE',  ( -2.510000000000000200, 4.129999999999999900, 0.5999999999999999800 ) ) ;
#4123 = ORIENTED_EDGE ( 'NONE', *, *, #3221, .F. ) ;
#4124 = EDGE_CURVE ( 'NONE', #6149, #1933, #5683, .T. ) ;
#4125 = ORIENTED_EDGE ( 'NONE', *, *, #2232, .T. ) ;
#4126 = CIRCLE ( 'NONE', #3503, 0.1000000000000000100 ) ;
#4127 = CARTESIAN_POINT ( 'NONE',  ( -6.799999999999999800, -0.3000000000000008200, -2.800000000000000700 ) ) ;
#4128 =( NAMED_UNIT ( * ) SI_UNIT ( $, .STERADIAN. ) SOLID_ANGLE_UNIT ( ) );
#4129 = LINE ( 'NONE', #1417, #4283 ) ;
#4130 = CARTESIAN_POINT ( 'NONE',  ( 1.800000000000001200, 1.471324865405184500, -4.310000000000001400 ) ) ;
#4131 = MECHANICAL_DESIGN_GEOMETRIC_PRESENTATION_REPRESENTATION (  '', ( #3189 ), #4457 ) ;
#4132 = EDGE_CURVE ( 'NONE', #773, #4754, #5537, .T. ) ;
#4133 = ORIENTED_EDGE ( 'NONE', *, *, #5100, .F. ) ;
#4134 = DIRECTION ( 'NONE',  ( 0.0000000000000000000, -6.927809408853064600E-017, 1.000000000000000000 ) ) ;
#4135 = DIRECTION ( 'NONE',  ( -1.000000000000000000, 0.0000000000000000000, 0.0000000000000000000 ) ) ;
#4136 = FACE_OUTER_BOUND ( 'NONE', #4263, .T. ) ;
#4137 = FACE_OUTER_BOUND ( 'NONE', #3146, .T. ) ;
#4138 = VECTOR ( 'NONE', #2789, 1000.000000000000000 ) ;
#4139 = DIRECTION ( 'NONE',  ( 0.7842568694126314000, 0.6204362681042258100, 0.0000000000000000000 ) ) ;
#4140 = DIRECTION ( 'NONE',  ( 0.0000000000000000000, -1.000000000000000000, 0.0000000000000000000 ) ) ;
#4141 = DIRECTION ( 'NONE',  ( 0.0000000000000000000, 0.0000000000000000000, -1.000000000000000000 ) ) ;
#4142 = UNCERTAINTY_MEASURE_WITH_UNIT (LENGTH_MEASURE( 1.000000000000000100E-005 ), #5663, 'distance_accuracy_value', 'NONE');
#4143 = ORIENTED_EDGE ( 'NONE', *, *, #5333, .T. ) ;
#4144 = DIRECTION ( 'NONE',  ( 0.0000000000000000000, 0.0000000000000000000, -1.000000000000000000 ) ) ;
#4145 = CARTESIAN_POINT ( 'NONE',  ( -6.919660186493931800, -1.980000000000000000, -2.250000000000000400 ) ) ;
#4146 = STYLED_ITEM ( 'NONE', ( #1987 ), #5045 ) ;
#4147 = DIRECTION ( 'NONE',  ( 1.000000000000000000, 0.0000000000000000000, 0.0000000000000000000 ) ) ;
#4148 = ORIENTED_EDGE ( 'NONE', *, *, #1207, .T. ) ;
#4149 = ADVANCED_FACE ( 'NONE', ( #2850 ), #6049, .T. ) ;
#4150 = ORIENTED_EDGE ( 'NONE', *, *, #5605, .F. ) ;
#4151 = EDGE_CURVE ( 'NONE', #1456, #1787, #1137, .T. ) ;
#4152 = SURFACE_SIDE_STYLE ('',( #4026 ) ) ;
#4153 = AXIS2_PLACEMENT_3D ( 'NONE', #2995, #158, #3456 ) ;
#4154 = CARTESIAN_POINT ( 'NONE',  ( -6.919660186493931800, -0.6257768975473813100, 2.250000000000000400 ) ) ;
#4155 = CARTESIAN_POINT ( 'NONE',  ( 0.0000000000000000000, 0.0000000000000000000, 5.000000000000000000 ) ) ;
#4156 = CARTESIAN_POINT ( 'NONE',  ( -6.219660186493931600, -0.9799999999999999800, 2.250000000000000400 ) ) ;
#4157 = ORIENTED_EDGE ( 'NONE', *, *, #1789, .F. ) ;
#4158 = CARTESIAN_POINT ( 'NONE',  ( 0.5611549142135630100, 2.147188021535171700, -1.757811978464828500 ) ) ;
#4159 = LINE ( 'NONE', #378, #1495 ) ;
#4160 = AXIS2_PLACEMENT_3D ( 'NONE', #5245, #5729, #2889 ) ;
#4161 = EDGE_LOOP ( 'NONE', ( #3114, #5941, #2460, #94 ) ) ;
#4162 = CARTESIAN_POINT ( 'NONE',  ( 1.800000000000000500, 9.305929820297226500, -4.309999999999999600 ) ) ;
#4163 = CARTESIAN_POINT ( 'NONE',  ( -5.269999999999999600, 5.200000000000000200, -2.045000000000000400 ) ) ;
#4164 = CIRCLE ( 'NONE', #895, 0.3647328430865350300 ) ;
#4165 = DIRECTION ( 'NONE',  ( 1.000000000000000000, 1.224646799147353200E-016, -0.0000000000000000000 ) ) ;
#4166 = LINE ( 'NONE', #3504, #2934 ) ;
#4167 = VECTOR ( 'NONE', #41, 1000.000000000000000 ) ;
#4168 = EDGE_CURVE ( 'NONE', #3685, #4982, #2411, .T. ) ;
#4169 = ORIENTED_EDGE ( 'NONE', *, *, #5419, .F. ) ;
#4170 = FACE_OUTER_BOUND ( 'NONE', #60, .T. ) ;
#4171 = DIRECTION ( 'NONE',  ( 0.7745966692414828500, -0.4472135954999583700, -0.4472135954999583700 ) ) ;
#4172 =( NAMED_UNIT ( * ) SI_UNIT ( $, .STERADIAN. ) SOLID_ANGLE_UNIT ( ) );
#4174 = ORIENTED_EDGE ( 'NONE', *, *, #48, .T. ) ;
#4173 = LINE ( 'NONE', #1457, #4028 ) ;
#4175 = DIRECTION ( 'NONE',  ( -6.821946253841380900E-016, -2.045664476387748700E-016, 1.000000000000000000 ) ) ;
#4176 = FACE_OUTER_BOUND ( 'NONE', #352, .T. ) ;
#4177 = AXIS2_PLACEMENT_3D ( 'NONE', #4155, #422, #3720 ) ;
#4178 = EDGE_CURVE ( 'NONE', #585, #290, #4936, .T. ) ;
#4179 = CARTESIAN_POINT ( 'NONE',  ( -0.2000000000000005100, 2.159999999999985900, 2.254999999999999900 ) ) ;
#4180 = VERTEX_POINT ( 'NONE', #1472 ) ;
#4181 = ORIENTED_EDGE ( 'NONE', *, *, #4320, .T. ) ;
#4182 = ADVANCED_FACE ( 'NONE', ( #976 ), #92, .F. ) ;
#4183 =( NAMED_UNIT ( * ) SI_UNIT ( $, .STERADIAN. ) SOLID_ANGLE_UNIT ( ) );
#4184 = CARTESIAN_POINT ( 'NONE',  ( -5.069999999999999400, 0.5000000000000004400, -0.3960850015576333800 ) ) ;
#4185 = ORIENTED_EDGE ( 'NONE', *, *, #5154, .F. ) ;
#4186 = ORIENTED_EDGE ( 'NONE', *, *, #3938, .T. ) ;
#4187 = PRESENTATION_STYLE_ASSIGNMENT (( #4873 ) ) ;
#4188 = CARTESIAN_POINT ( 'NONE',  ( -6.200000000000000200, 0.0000000000000000000, 0.0000000000000000000 ) ) ;
#4189 = CARTESIAN_POINT ( 'NONE',  ( -6.799999999999999800, -0.4000000000000008500, -3.450000000000001100 ) ) ;
#4190 = AXIS2_PLACEMENT_3D ( 'NONE', #2129, #5447, #171 ) ;
#4191 = ORIENTED_EDGE ( 'NONE', *, *, #3765, .F. ) ;
#4192 = DIRECTION ( 'NONE',  ( -2.201425730935034200E-016, 1.000000000000000000, 0.0000000000000000000 ) ) ;
#4193 = CIRCLE ( 'NONE', #6006, 0.1000000000000000200 ) ;
#4194 = CARTESIAN_POINT ( 'NONE',  ( -7.050000000000000700, 5.249999999999999100, -4.309999999999999600 ) ) ;
#4195 = EDGE_LOOP ( 'NONE', ( #5659, #251, #4080, #5664 ) ) ;
#4196 = CARTESIAN_POINT ( 'NONE',  ( -6.200000000000000200, 2.538389237197199200, 2.250000000000000400 ) ) ;
#4197 = MECHANICAL_DESIGN_GEOMETRIC_PRESENTATION_REPRESENTATION (  '', ( #3568 ), #4519 ) ;
#4198 = ORIENTED_EDGE ( 'NONE', *, *, #5213, .F. ) ;
#4199 = PLANE ( 'NONE',  #10 ) ;
#4200 = FACE_OUTER_BOUND ( 'NONE', #2474, .T. ) ;
#4201 = STYLED_ITEM ( 'NONE', ( #3484 ), #1574 ) ;
#4202 = DIRECTION ( 'NONE',  ( 1.000000000000000000, -0.0000000000000000000, -0.0000000000000000000 ) ) ;
#4203 = LINE ( 'NONE', #1104, #434 ) ;
#4204 = VERTEX_POINT ( 'NONE', #5307 ) ;
#4205 = SURFACE_STYLE_FILL_AREA ( #5796 ) ;
#4206 = EDGE_CURVE ( 'NONE', #3735, #1379, #4775, .T. ) ;
#4207 = DIRECTION ( 'NONE',  ( -1.224646799147353200E-016, 1.000000000000000000, 0.0000000000000000000 ) ) ;
#4208 = VERTEX_POINT ( 'NONE', #2465 ) ;
#4209 = MECHANICAL_DESIGN_GEOMETRIC_PRESENTATION_REPRESENTATION (  '', ( #5103 ), #4529 ) ;
#4210 = LINE ( 'NONE', #2270, #3110 ) ;
#4211 = PLANE ( 'NONE',  #1600 ) ;
#4212 = ORIENTED_EDGE ( 'NONE', *, *, #5302, .F. ) ;
#4213 = ADVANCED_FACE ( 'NONE', ( #2110, #2262 ), #166, .F. ) ;
#4214 = VECTOR ( 'NONE', #3834, 1000.000000000000000 ) ;
#4215 = DIRECTION ( 'NONE',  ( 1.000000000000000000, 0.0000000000000000000, 0.0000000000000000000 ) ) ;
#4216 = EDGE_CURVE ( 'NONE', #1627, #2202, #5749, .T. ) ;
#4217 = LINE ( 'NONE', #3530, #2982 ) ;
#4218 = FILL_AREA_STYLE_COLOUR ( '', #667 ) ;
#4219 = DIRECTION ( 'NONE',  ( -0.0000000000000000000, -0.0000000000000000000, -1.000000000000000000 ) ) ;
#4220 = ORIENTED_EDGE ( 'NONE', *, *, #1629, .T. ) ;
#4221 = DIRECTION ( 'NONE',  ( 2.201425730935034200E-016, -1.000000000000000000, 0.0000000000000000000 ) ) ;
#4222 = VECTOR ( 'NONE', #3814, 1000.000000000000000 ) ;
#4223 = ORIENTED_EDGE ( 'NONE', *, *, #5822, .T. ) ;
#4224 = VERTEX_POINT ( 'NONE', #2544 ) ;
#4225 = CARTESIAN_POINT ( 'NONE',  ( -6.799999999999999800, -0.4000000000000008500, -3.450000000000001100 ) ) ;
#4226 = FILL_AREA_STYLE_COLOUR ( '', #385 ) ;
#4227 = ORIENTED_EDGE ( 'NONE', *, *, #4869, .T. ) ;
#4228 = CARTESIAN_POINT ( 'NONE',  ( 0.0000000000000000000, 1.760000000000000500, -4.310000000000000500 ) ) ;
#4229 = VERTEX_POINT ( 'NONE', #4414 ) ;
#4230 = DIRECTION ( 'NONE',  ( 1.000000000000000000, 0.0000000000000000000, -0.0000000000000000000 ) ) ;
#4231 = COLOUR_RGB ( '',0.8000000000000000400, 0.8039215686274510100, 0.8000000000000000400 ) ;
#4232 = AXIS2_PLACEMENT_3D ( 'NONE', #1338, #4668, #1824 ) ;
#4233 = EDGE_CURVE ( 'NONE', #1864, #2467, #833, .T. ) ;
#4234 = DIRECTION ( 'NONE',  ( 0.0000000000000000000, 1.000000000000000000, 0.0000000000000000000 ) ) ;
#4235 = VERTEX_POINT ( 'NONE', #3029 ) ;
#4236 = AXIS2_PLACEMENT_3D ( 'NONE', #4184, #1345, #4674 ) ;
#4237 = CARTESIAN_POINT ( 'NONE',  ( -5.440000000000000400, -0.01862330312848323900, 3.809999999999999600 ) ) ;
#4238 = LINE ( 'NONE', #320, #1720 ) ;
#4239 = DIRECTION ( 'NONE',  ( 0.0000000000000000000, -1.000000000000000000, -4.251773225433350200E-016 ) ) ;
#4240 = LINE ( 'NONE', #2602, #1721 ) ;
#4241 = DIRECTION ( 'NONE',  ( -0.0000000000000000000, 1.000000000000000000, 1.032573497605242300E-016 ) ) ;
#4242 = VECTOR ( 'NONE', #5508, 1000.000000000000000 ) ;
#4243 = EDGE_CURVE ( 'NONE', #141, #998, #3212, .T. ) ;
#4244 = VECTOR ( 'NONE', #2543, 1000.000000000000000 ) ;
#4245 = EDGE_CURVE ( 'NONE', #1099, #530, #700, .T. ) ;
#4246 = ADVANCED_FACE ( 'NONE', ( #5898 ), #2565, .F. ) ;
#4247 = SURFACE_STYLE_USAGE ( .BOTH. , #925 ) ;
#4248 = DIRECTION ( 'NONE',  ( -1.000000000000000000, 0.0000000000000000000, 0.0000000000000000000 ) ) ;
#4250 = ORIENTED_EDGE ( 'NONE', *, *, #2830, .F. ) ;
#4249 = VECTOR ( 'NONE', #682, 1000.000000000000000 ) ;
#4251 = LINE ( 'NONE', #45, #3016 ) ;
#4252 = DIRECTION ( 'NONE',  ( 0.0000000000000000000, 0.0000000000000000000, 1.000000000000000000 ) ) ;
#4253 = CARTESIAN_POINT ( 'NONE',  ( -6.200000000000000200, 2.538389237197199200, -0.2500000000000000000 ) ) ;
#4254 = DIRECTION ( 'NONE',  ( -1.000000000000000000, -1.224646799147353200E-016, 0.0000000000000000000 ) ) ;
#4255 = EDGE_CURVE ( 'NONE', #883, #3213, #1805, .T. ) ;
#4256 = VERTEX_POINT ( 'NONE', #3953 ) ;
#4257 = LINE ( 'NONE', #3651, #1433 ) ;
#4258 = LINE ( 'NONE', #2823, #3024 ) ;
#4259 = PLANE ( 'NONE',  #1517 ) ;
#4260 = CARTESIAN_POINT ( 'NONE',  ( 3.673940397442059500E-017, -0.3000000000000000400, 3.349999999999999600 ) ) ;
#4261 = VERTEX_POINT ( 'NONE', #3980 ) ;
#4262 = DIRECTION ( 'NONE',  ( 0.7842568694126314000, 0.6204362681042258100, 0.0000000000000000000 ) ) ;
#4263 = EDGE_LOOP ( 'NONE', ( #1123, #3302, #512, #1680 ) ) ;
#4264 = DIRECTION ( 'NONE',  ( -0.0000000000000000000, -0.0000000000000000000, -1.000000000000000000 ) ) ;
#4265 =( GEOMETRIC_REPRESENTATION_CONTEXT ( 3 ) GLOBAL_UNCERTAINTY_ASSIGNED_CONTEXT ( ( #4025 ) ) GLOBAL_UNIT_ASSIGNED_CONTEXT ( ( #90, #3381, #546 ) ) REPRESENTATION_CONTEXT ( 'NONE', 'WORKASPACE' ) );
#4266 = LINE ( 'NONE', #2071, #645 ) ;
#4267 = ORIENTED_EDGE ( 'NONE', *, *, #3616, .T. ) ;
#4268 = DIRECTION ( 'NONE',  ( 0.0000000000000000000, 0.0000000000000000000, 1.000000000000000000 ) ) ;
#4269 = DIRECTION ( 'NONE',  ( 0.0000000000000000000, -1.000000000000000000, 0.0000000000000000000 ) ) ;
#4270 = DIRECTION ( 'NONE',  ( -1.000000000000000000, 0.0000000000000000000, -8.229238500838744400E-017 ) ) ;
#4271 = CARTESIAN_POINT ( 'NONE',  ( -6.233601076852520100, -0.6257768975473829700, 0.2500000000000000000 ) ) ;
#4272 = EDGE_CURVE ( 'NONE', #3556, #4642, #4166, .T. ) ;
#4273 = DIRECTION ( 'NONE',  ( 0.0000000000000000000, 1.000000000000000000, 0.0000000000000000000 ) ) ;
#4274 = FILL_AREA_STYLE ('',( #3792 ) ) ;
#4275 = STYLED_ITEM ( 'NONE', ( #5244 ), #410 ) ;
#4276 = ORIENTED_EDGE ( 'NONE', *, *, #2200, .T. ) ;
#4277 = ADVANCED_FACE ( 'NONE', ( #5451 ), #2584, .F. ) ;
#4278 = FILL_AREA_STYLE ('',( #3326 ) ) ;
#4279 = CIRCLE ( 'NONE', #2563, 0.1000000000000000200 ) ;
#4280 = DIRECTION ( 'NONE',  ( 0.0000000000000000000, 1.000000000000000000, 0.0000000000000000000 ) ) ;
#4281 = CARTESIAN_POINT ( 'NONE',  ( 0.0000000000000000000, 0.0000000000000000000, -4.309999999999998700 ) ) ;
#4282 = PRODUCT_RELATED_PRODUCT_CATEGORY ( 'part', '', ( #1953 ) ) ;
#4283 = VECTOR ( 'NONE', #4262, 1000.000000000000100 ) ;
#4284 =( GEOMETRIC_REPRESENTATION_CONTEXT ( 3 ) GLOBAL_UNCERTAINTY_ASSIGNED_CONTEXT ( ( #5998 ) ) GLOBAL_UNIT_ASSIGNED_CONTEXT ( ( #5111, #2267, #5595 ) ) REPRESENTATION_CONTEXT ( 'NONE', 'WORKASPACE' ) );
#4285 = DIRECTION ( 'NONE',  ( 0.0000000000000000000, 1.000000000000000000, 0.0000000000000000000 ) ) ;
#4286 = VERTEX_POINT ( 'NONE', #1615 ) ;
#4287 = PRESENTATION_STYLE_ASSIGNMENT (( #2964 ) ) ;
#4288 = EDGE_CURVE ( 'NONE', #998, #776, #2486, .T. ) ;
#4289 = DIRECTION ( 'NONE',  ( 1.000000000000000000, 0.0000000000000000000, 0.0000000000000000000 ) ) ;
#4290 = AXIS2_PLACEMENT_3D ( 'NONE', #968, #4295, #1455 ) ;
#4291 = FACE_OUTER_BOUND ( 'NONE', #6033, .T. ) ;
#4292 = UNCERTAINTY_MEASURE_WITH_UNIT (LENGTH_MEASURE( 1.000000000000000100E-005 ), #3517, 'distance_accuracy_value', 'NONE');
#4293 = PLANE ( 'NONE',  #1145 ) ;
#4294 = CIRCLE ( 'NONE', #3923, 0.09999999999999999200 ) ;
#4295 = DIRECTION ( 'NONE',  ( -1.000000000000000000, 0.0000000000000000000, 0.0000000000000000000 ) ) ;
#4296 = DIRECTION ( 'NONE',  ( -1.000000000000000000, -0.0000000000000000000, -0.0000000000000000000 ) ) ;
#4297 = ORIENTED_EDGE ( 'NONE', *, *, #2297, .F. ) ;
#4298 = VERTEX_POINT ( 'NONE', #3549 ) ;
#4299 = DIRECTION ( 'NONE',  ( -0.8966301327206136500, 0.4427803124546241800, -0.0000000000000000000 ) ) ;
#4300 = EDGE_CURVE ( 'NONE', #2384, #3894, #5003, .T. ) ;
#4301 = DIRECTION ( 'NONE',  ( -0.7842568694126314000, -0.6204362681042258100, 0.0000000000000000000 ) ) ;
#4302 = VERTEX_POINT ( 'NONE', #2124 ) ;
#4303 = ORIENTED_EDGE ( 'NONE', *, *, #2168, .F. ) ;
#4304 = CARTESIAN_POINT ( 'NONE',  ( -1.500000000000000000, -1.836970198721029900E-016, 5.000000000000000000 ) ) ;
#4305 = CARTESIAN_POINT ( 'NONE',  ( -0.1316654088139879200, 1.747188021535170700, -0.1578119784648293900 ) ) ;
#4306 = ADVANCED_FACE ( 'NONE', ( #2327 ), #5923, .F. ) ;
#4307 = ORIENTED_EDGE ( 'NONE', *, *, #1119, .T. ) ;
#4308 = CARTESIAN_POINT ( 'NONE',  ( -1.100000000000000100, 4.129999999999999900, -0.5999999999999999800 ) ) ;
#4309 = CARTESIAN_POINT ( 'NONE',  ( -0.2000000000000005100, 1.707735026918949500, 2.197264973081036700 ) ) ;
#4310 = CIRCLE ( 'NONE', #3625, 0.5480911096883718200 ) ;
#4311 = PLANE ( 'NONE',  #1785 ) ;
#4312 = SURFACE_STYLE_USAGE ( .BOTH. , #996 ) ;
#4313 = DIRECTION ( 'NONE',  ( 0.0000000000000000000, 0.0000000000000000000, -1.000000000000000000 ) ) ;
#4314 = STYLED_ITEM ( 'NONE', ( #5899 ), #5697 ) ;
#4315 = MECHANICAL_DESIGN_GEOMETRIC_PRESENTATION_REPRESENTATION (  '', ( #3372 ), #4644 ) ;
#4316 = CARTESIAN_POINT ( 'NONE',  ( -0.8244857318415392800, 2.462811978464816100, 1.442188021535169700 ) ) ;
#4317 = DIRECTION ( 'NONE',  ( 0.0000000000000000000, 0.0000000000000000000, -1.000000000000000000 ) ) ;
#4318 = PRESENTATION_STYLE_ASSIGNMENT (( #232 ) ) ;
#4319 = CARTESIAN_POINT ( 'NONE',  ( -6.919660186493931800, -1.980000000000000000, 2.250000000000000400 ) ) ;
#4320 = EDGE_CURVE ( 'NONE', #4204, #2989, #1210, .T. ) ;
#4321 = VERTEX_POINT ( 'NONE', #4492 ) ;
#4322 = LINE ( 'NONE', #901, #2496 ) ;
#4323 = EDGE_CURVE ( 'NONE', #3339, #3227, #1056, .T. ) ;
#4324 = LINE ( 'NONE', #3438, #557 ) ;
#4325 = DIRECTION ( 'NONE',  ( 1.000000000000000000, 0.0000000000000000000, 0.0000000000000000000 ) ) ;
#4326 = DIRECTION ( 'NONE',  ( 1.000000000000000000, 0.0000000000000000000, 0.0000000000000000000 ) ) ;
#4327 = SURFACE_SIDE_STYLE ('',( #5356 ) ) ;
#4328 = ORIENTED_EDGE ( 'NONE', *, *, #5180, .T. ) ;
#4329 = ORIENTED_EDGE ( 'NONE', *, *, #2241, .T. ) ;
#4330 = SURFACE_SIDE_STYLE ('',( #169 ) ) ;
#4331 = VECTOR ( 'NONE', #4978, 1000.000000000000000 ) ;
#4332 = PRESENTATION_LAYER_ASSIGNMENT (  '', '', ( #3702 ) ) ;
#4333 = DIRECTION ( 'NONE',  ( -1.000000000000000000, -1.224646799147353000E-016, 0.0000000000000000000 ) ) ;
#4334 = EDGE_CURVE ( 'NONE', #1404, #3163, #4850, .T. ) ;
#4335 = CARTESIAN_POINT ( 'NONE',  ( -6.200000000000000200, 2.538389237197199200, -1.750000000000000200 ) ) ;
#4336 = VERTEX_POINT ( 'NONE', #4513 ) ;
#4337 = FILL_AREA_STYLE_COLOUR ( '', #2484 ) ;
#4338 = DIRECTION ( 'NONE',  ( 0.7745966692414828500, -0.4472135954999583200, -0.4472135954999585400 ) ) ;
#4339 = DIRECTION ( 'NONE',  ( 1.000000000000000000, 0.0000000000000000000, -0.0000000000000000000 ) ) ;
#4340 = ORIENTED_EDGE ( 'NONE', *, *, #1709, .T. ) ;
#4341 = COLOUR_RGB ( '',0.8000000000000000400, 0.8039215686274510100, 0.8000000000000000400 ) ;
#4342 = DIRECTION ( 'NONE',  ( 0.0000000000000000000, 0.0000000000000000000, 1.000000000000000000 ) ) ;
#4343 = DIRECTION ( 'NONE',  ( -0.0000000000000000000, -0.0000000000000000000, -1.000000000000000000 ) ) ;
#4344 = ORIENTED_EDGE ( 'NONE', *, *, #2127, .F. ) ;
#4345 = FILL_AREA_STYLE_COLOUR ( '', #5778 ) ;
#4346 = EDGE_LOOP ( 'NONE', ( #634, #5390, #5084, #2416 ) ) ;
#4347 = DIRECTION ( 'NONE',  ( 0.0000000000000000000, 0.0000000000000000000, -1.000000000000000000 ) ) ;
#4348 = VECTOR ( 'NONE', #2590, 1000.000000000000000 ) ;
#4349 = ORIENTED_EDGE ( 'NONE', *, *, #382, .F. ) ;
#4350 = AXIS2_PLACEMENT_3D ( 'NONE', #5492, #2645, #5964 ) ;
#4351 = DIRECTION ( 'NONE',  ( 0.0000000000000000000, 1.000000000000000000, 0.0000000000000000000 ) ) ;
#4352 = COLOUR_RGB ( '',0.8000000000000000400, 0.8039215686274510100, 0.8000000000000000400 ) ;
#4353 = EDGE_CURVE ( 'NONE', #4666, #58, #5970, .T. ) ;
#4354 = CARTESIAN_POINT ( 'NONE',  ( -0.1299999999999988400, -0.3000000000000000400, -2.899999999999999900 ) ) ;
#4355 = VECTOR ( 'NONE', #4338, 1000.000000000000000 ) ;
#4356 = AXIS2_PLACEMENT_3D ( 'NONE', #298, #3595, #754 ) ;
#4357 = ORIENTED_EDGE ( 'NONE', *, *, #3143, .F. ) ;
#4358 = CARTESIAN_POINT ( 'NONE',  ( -0.1299999999999988700, -0.3000000000000000400, -2.899999999999999900 ) ) ;
#4359 = PLANE ( 'NONE',  #5028 ) ;
#4360 = VECTOR ( 'NONE', #5576, 1000.000000000000000 ) ;
#4361 = DIRECTION ( 'NONE',  ( -1.000000000000000000, 0.0000000000000000000, 0.0000000000000000000 ) ) ;
#4362 = ORIENTED_EDGE ( 'NONE', *, *, #4954, .T. ) ;
#4363 =( NAMED_UNIT ( * ) PLANE_ANGLE_UNIT ( ) SI_UNIT ( $, .RADIAN. ) );
#4364 = CARTESIAN_POINT ( 'NONE',  ( -6.919660186493931800, -1.980000000000000000, -1.750000000000000200 ) ) ;
#4365 = LINE ( 'NONE', #2876, #596 ) ;
#4366 = DIRECTION ( 'NONE',  ( 6.821946253841380900E-016, 2.045664476387749900E-016, 1.000000000000000000 ) ) ;
#4367 = VECTOR ( 'NONE', #678, 1000.000000000000000 ) ;
#4368 = DIRECTION ( 'NONE',  ( 1.000000000000000000, 0.0000000000000000000, -0.0000000000000000000 ) ) ;
#4369 = CARTESIAN_POINT ( 'NONE',  ( -1.500000000000000000, -0.4200000000000007600, 3.809999999999999600 ) ) ;
#4370 = ORIENTED_EDGE ( 'NONE', *, *, #5538, .F. ) ;
#4371 =( LENGTH_UNIT ( ) NAMED_UNIT ( * ) SI_UNIT ( .MILLI., .METRE. ) );
#4372 = PRESENTATION_STYLE_ASSIGNMENT (( #2710 ) ) ;
#4373 = AXIS2_PLACEMENT_3D ( 'NONE', #121, #3414, #578 ) ;
#4374 = FACE_OUTER_BOUND ( 'NONE', #5875, .T. ) ;
#4375 = EDGE_CURVE ( 'NONE', #4646, #215, #899, .T. ) ;
#4376 = CARTESIAN_POINT ( 'NONE',  ( -6.919660186493931800, -0.6257768975473811900, 0.2500000000000000000 ) ) ;
#4377 = ORIENTED_EDGE ( 'NONE', *, *, #69, .T. ) ;
#4378 = ORIENTED_EDGE ( 'NONE', *, *, #2286, .F. ) ;
#4379 = CARTESIAN_POINT ( 'NONE',  ( -6.118249463191811800E-016, 9.305929820297226500, 4.309999999999999600 ) ) ;
#4380 = DIRECTION ( 'NONE',  ( -1.000000000000000000, 0.0000000000000000000, 0.0000000000000000000 ) ) ;
#4381 = FILL_AREA_STYLE ('',( #142 ) ) ;
#4382 = PRESENTATION_LAYER_ASSIGNMENT (  '', '', ( #3742 ) ) ;
#4383 = ORIENTED_EDGE ( 'NONE', *, *, #1197, .F. ) ;
#4384 = ORIENTED_EDGE ( 'NONE', *, *, #3759, .T. ) ;
#4385 = DIRECTION ( 'NONE',  ( -0.5000000000000010000, -3.682143624355779900E-016, -0.8660254037844381500 ) ) ;
#4386 = DIRECTION ( 'NONE',  ( 1.000000000000000000, 1.807003620809174000E-017, 0.0000000000000000000 ) ) ;
#4387 = CARTESIAN_POINT ( 'NONE',  ( -6.799999999999999800, 5.200000000000000200, 5.000000000000000000 ) ) ;
#4388 = CARTESIAN_POINT ( 'NONE',  ( -0.2000000000000005100, 1.649999999999999900, -0.2550000000000002300 ) ) ;
#4389 = ORIENTED_EDGE ( 'NONE', *, *, #6133, .T. ) ;
#4390 = SURFACE_SIDE_STYLE ('',( #2458 ) ) ;
#4391 = SURFACE_STYLE_USAGE ( .BOTH. , #1075 ) ;
#4392 = VECTOR ( 'NONE', #3883, 1000.000000000000000 ) ;
#4393 = AXIS2_PLACEMENT_3D ( 'NONE', #1763, #2187, #310 ) ;
#4394 = LINE ( 'NONE', #742, #3137 ) ;
#4395 = LINE ( 'NONE', #4388, #760 ) ;
#4396 = PLANE ( 'NONE',  #594 ) ;
#4397 = CARTESIAN_POINT ( 'NONE',  ( -5.440000000000000400, -0.01862330312848323900, -3.809999999999999600 ) ) ;
#4398 = COLOUR_RGB ( '',0.8000000000000000400, 0.8039215686274510100, 0.8000000000000000400 ) ;
#4399 = DIRECTION ( 'NONE',  ( -1.224646799147353200E-016, 1.000000000000000000, 2.736911063134408300E-048 ) ) ;
#4401 = ORIENTED_EDGE ( 'NONE', *, *, #3703, .F. ) ;
#4400 = VECTOR ( 'NONE', #5873, 1000.000000000000000 ) ;
#4402 = DIRECTION ( 'NONE',  ( -1.000000000000000000, -1.224646799147353200E-016, -1.281184251090699400E-016 ) ) ;
#4404 = LINE ( 'NONE', #3786, #766 ) ;
#4403 = MECHANICAL_DESIGN_GEOMETRIC_PRESENTATION_REPRESENTATION (  '', ( #3757 ), #4727 ) ;
#4405 = CARTESIAN_POINT ( 'NONE',  ( -0.3000000000000016500, 1.649999999999999900, -1.744999999999999900 ) ) ;
#4406 = MECHANICAL_DESIGN_GEOMETRIC_PRESENTATION_REPRESENTATION (  '', ( #3761 ), #4731 ) ;
#4407 = DIRECTION ( 'NONE',  ( 0.0000000000000000000, 1.000000000000000000, 0.0000000000000000000 ) ) ;
#4408 = ORIENTED_EDGE ( 'NONE', *, *, #3779, .F. ) ;
#4409 = DIRECTION ( 'NONE',  ( -1.000000000000000000, 0.0000000000000000000, 2.834515483622233600E-016 ) ) ;
#4410 = EDGE_CURVE ( 'NONE', #1085, #3338, #4543, .T. ) ;
#4411 = VERTEX_POINT ( 'NONE', #3583 ) ;
#4412 = VERTEX_POINT ( 'NONE', #4056 ) ;
#4413 = EDGE_LOOP ( 'NONE', ( #3061, #893, #5851, #5125 ) ) ;
#4414 = CARTESIAN_POINT ( 'NONE',  ( -6.564732843086535000, 2.538389237197200600, -2.250000000000000400 ) ) ;
#4415 = SURFACE_STYLE_USAGE ( .BOTH. , #152 ) ;
#4416 = ORIENTED_EDGE ( 'NONE', *, *, #5538, .T. ) ;
#4417 = UNCERTAINTY_MEASURE_WITH_UNIT (LENGTH_MEASURE( 1.000000000000000100E-005 ), #3286, 'distance_accuracy_value', 'NONE');
#4418 = CARTESIAN_POINT ( 'NONE',  ( -6.564732843086535000, 2.538389237197200600, 0.2500000000000000000 ) ) ;
#4419 = DIRECTION ( 'NONE',  ( 0.0000000000000000000, 1.000000000000000000, 0.0000000000000000000 ) ) ;
#4420 = STYLED_ITEM ( 'NONE', ( #1582 ), #4149 ) ;
#4421 = DIRECTION ( 'NONE',  ( 1.224646799147353200E-016, -1.000000000000000000, 0.0000000000000000000 ) ) ;
#4422 = EDGE_CURVE ( 'NONE', #5206, #5215, #4394, .T. ) ;
#4423 = EDGE_LOOP ( 'NONE', ( #495, #4773, #5865, #6147 ) ) ;
#4424 = EDGE_LOOP ( 'NONE', ( #812, #3494, #4756, #1259 ) ) ;
#4425 = FACE_OUTER_BOUND ( 'NONE', #4423, .T. ) ;
#4426 = FACE_OUTER_BOUND ( 'NONE', #1128, .T. ) ;
#4427 = UNCERTAINTY_MEASURE_WITH_UNIT (LENGTH_MEASURE( 1.000000000000000100E-005 ), #2027, 'distance_accuracy_value', 'NONE');
#4428 = ORIENTED_EDGE ( 'NONE', *, *, #5734, .F. ) ;
#4429 = DIRECTION ( 'NONE',  ( -0.0000000000000000000, -0.0000000000000000000, 1.000000000000000000 ) ) ;
#4430 = COLOUR_RGB ( '',0.8000000000000000400, 0.8039215686274510100, 0.8000000000000000400 ) ;
#4431 = DIRECTION ( 'NONE',  ( -1.224646799147353200E-016, 1.000000000000000000, 5.473822126268816700E-048 ) ) ;
#4432 = FACE_OUTER_BOUND ( 'NONE', #653, .T. ) ;
#4433 = DIRECTION ( 'NONE',  ( 1.000000000000000000, 0.0000000000000000000, 0.0000000000000000000 ) ) ;
#4434 = VERTEX_POINT ( 'NONE', #5032 ) ;
#4435 = DIRECTION ( 'NONE',  ( -1.000000000000000000, 0.0000000000000000000, -4.470936793754660800E-016 ) ) ;
#4436 = CARTESIAN_POINT ( 'NONE',  ( -0.2000000000000005100, 1.707735026918963300, 0.1972649730810368800 ) ) ;
#4437 = SURFACE_STYLE_FILL_AREA ( #5671 ) ;
#4438 = PRESENTATION_LAYER_ASSIGNMENT (  '', '', ( #3794 ) ) ;
#4439 =( NAMED_UNIT ( * ) SI_UNIT ( $, .STERADIAN. ) SOLID_ANGLE_UNIT ( ) );
#4440 =( NAMED_UNIT ( * ) SI_UNIT ( $, .STERADIAN. ) SOLID_ANGLE_UNIT ( ) );
#4441 = ADVANCED_FACE ( 'NONE', ( #2029 ), #5985, .F. ) ;
#4442 = PRESENTATION_LAYER_ASSIGNMENT (  '', '', ( #3798 ) ) ;
#4443 = LINE ( 'NONE', #2606, #521 ) ;
#4444 = DIRECTION ( 'NONE',  ( 2.710505431213766000E-016, 0.0000000000000000000, -1.000000000000000000 ) ) ;
#4445 = CARTESIAN_POINT ( 'NONE',  ( -6.219660186493931600, -0.9799999999999999800, -2.250000000000000400 ) ) ;
#4446 = LINE ( 'NONE', #5602, #3188 ) ;
#4447 = PRESENTATION_STYLE_ASSIGNMENT (( #136 ) ) ;
#4448 = FILL_AREA_STYLE_COLOUR ( '', #4430 ) ;
#4449 = EDGE_CURVE ( 'NONE', #5274, #939, #626, .T. ) ;
#4450 = EDGE_CURVE ( 'NONE', #278, #3251, #1877, .T. ) ;
#4451 = ORIENTED_EDGE ( 'NONE', *, *, #1640, .F. ) ;
#4452 = VERTEX_POINT ( 'NONE', #5047 ) ;
#4453 = FILL_AREA_STYLE ('',( #3973 ) ) ;
#4454 = FILL_AREA_STYLE_COLOUR ( '', #1652 ) ;
#4455 = ORIENTED_EDGE ( 'NONE', *, *, #749, .F. ) ;
#4456 = VERTEX_POINT ( 'NONE', #2207 ) ;
#4457 =( GEOMETRIC_REPRESENTATION_CONTEXT ( 3 ) GLOBAL_UNCERTAINTY_ASSIGNED_CONTEXT ( ( #3237 ) ) GLOBAL_UNIT_ASSIGNED_CONTEXT ( ( #53, #3347, #517 ) ) REPRESENTATION_CONTEXT ( 'NONE', 'WORKASPACE' ) );
#4458 = EDGE_CURVE ( 'NONE', #2613, #2703, #5827, .T. ) ;
#4459 = PLANE ( 'NONE',  #3249 ) ;
#4460 = CARTESIAN_POINT ( 'NONE',  ( -4.500000000000000900, -0.4200000000000008200, -3.809999999999999600 ) ) ;
#4461 = VERTEX_POINT ( 'NONE', #2681 ) ;
#4462 = FILL_AREA_STYLE ('',( #5891 ) ) ;
#4463 = CARTESIAN_POINT ( 'NONE',  ( -6.219660186493931600, -0.9799999999999999800, 2.250000000000000400 ) ) ;
#4464 = ADVANCED_FACE ( 'NONE', ( #5527 ), #6009, .F. ) ;
#4465 = DIRECTION ( 'NONE',  ( 1.000000000000000000, 0.0000000000000000000, -0.0000000000000000000 ) ) ;
#4466 = VECTOR ( 'NONE', #2080, 999.9999999999998900 ) ;
#4467 = CARTESIAN_POINT ( 'NONE',  ( -7.050000000000000700, 5.249999999999999100, -3.809999999999999600 ) ) ;
#4468 = AXIS2_PLACEMENT_3D ( 'NONE', #1007, #4325, #1492 ) ;
#4469 = VERTEX_POINT ( 'NONE', #5558 ) ;
#4470 = CARTESIAN_POINT ( 'NONE',  ( 1.800000000000000000, 0.5000000000000004400, 2.085000000000000400 ) ) ;
#4471 = EDGE_CURVE ( 'NONE', #3978, #5623, #42, .T. ) ;
#4472 = PRESENTATION_LAYER_ASSIGNMENT (  '', '', ( #3842 ) ) ;
#4473 = ORIENTED_EDGE ( 'NONE', *, *, #5744, .T. ) ;
#4474 = LINE ( 'NONE', #4364, #705 ) ;
#4475 = CARTESIAN_POINT ( 'NONE',  ( -5.000000000000000000, 2.160000000000000100, 0.2550000000000000000 ) ) ;
#4476 =( NAMED_UNIT ( * ) PLANE_ANGLE_UNIT ( ) SI_UNIT ( $, .RADIAN. ) );
#4477 = DIRECTION ( 'NONE',  ( 0.0000000000000000000, 1.000000000000000000, -4.251773225433350200E-016 ) ) ;
#4478 = ORIENTED_EDGE ( 'NONE', *, *, #610, .F. ) ;
#4479 = VERTEX_POINT ( 'NONE', #1761 ) ;
#4480 = CARTESIAN_POINT ( 'NONE',  ( 0.0000000000000000000, 4.129999999999999900, -2.044999999999999900 ) ) ;
#4481 = UNCERTAINTY_MEASURE_WITH_UNIT (LENGTH_MEASURE( 1.000000000000000100E-005 ), #1047, 'distance_accuracy_value', 'NONE');
#4482 = LINE ( 'NONE', #4996, #4331 ) ;
#4483 = CARTESIAN_POINT ( 'NONE',  ( -0.02999999999999961000, -0.3000000000000000400, 3.449999999999999300 ) ) ;
#4484 = VERTEX_POINT ( 'NONE', #347 ) ;
#4485 = ORIENTED_EDGE ( 'NONE', *, *, #2313, .F. ) ;
#4486 = DIRECTION ( 'NONE',  ( -0.7842568694126314000, -0.6204362681042258100, 0.0000000000000000000 ) ) ;
#4487 = DIRECTION ( 'NONE',  ( -0.0000000000000000000, -0.0000000000000000000, -1.000000000000000000 ) ) ;
#4488 = AXIS2_PLACEMENT_3D ( 'NONE', #501, #3797, #958 ) ;
#4489 = EDGE_CURVE ( 'NONE', #2467, #585, #4930, .T. ) ;
#4490 = EDGE_LOOP ( 'NONE', ( #2277, #568, #1974, #423 ) ) ;
#4491 = VECTOR ( 'NONE', #6030, 1000.000000000000000 ) ;
#4492 = CARTESIAN_POINT ( 'NONE',  ( 0.0000000000000000000, 1.759999999999999800, -3.250000000000000400 ) ) ;
#4493 = DIRECTION ( 'NONE',  ( 1.000000000000000000, 0.0000000000000000000, 0.0000000000000000000 ) ) ;
#4494 = ORIENTED_EDGE ( 'NONE', *, *, #1817, .T. ) ;
#4495 = CARTESIAN_POINT ( 'NONE',  ( 0.0000000000000000000, 4.699999999999999300, 3.250000000000000000 ) ) ;
#4496 = VERTEX_POINT ( 'NONE', #2252 ) ;
#4497 = VECTOR ( 'NONE', #3405, 1000.000000000000000 ) ;
#4498 = PRESENTATION_LAYER_ASSIGNMENT (  '', '', ( #3864 ) ) ;
#4499 = CARTESIAN_POINT ( 'NONE',  ( -0.02999999999999963800, -3.673940397442015300E-018, 3.349999999999999600 ) ) ;
#4500 = EDGE_CURVE ( 'NONE', #1148, #2276, #593, .T. ) ;
#4501 = ADVANCED_FACE ( 'NONE', ( #3009 ), #3191, .F. ) ;
#4502 = LINE ( 'NONE', #2085, #5635 ) ;
#4503 = CARTESIAN_POINT ( 'NONE',  ( -0.02999999999999878500, -0.4000000000000000200, -3.349999999999999600 ) ) ;
#4504 = ORIENTED_EDGE ( 'NONE', *, *, #4124, .T. ) ;
#4505 = CIRCLE ( 'NONE', #2808, 0.3647328430865350300 ) ;
#4506 = VECTOR ( 'NONE', #5747, 1000.000000000000000 ) ;
#4507 = CARTESIAN_POINT ( 'NONE',  ( -5.000000000000000000, 1.649999999999999900, -0.2550000000000002300 ) ) ;
#4508 = SURFACE_SIDE_STYLE ('',( #1648 ) ) ;
#4509 = CARTESIAN_POINT ( 'NONE',  ( -5.000000000000000000, 3.629999999999999900, -1.350000000000000100 ) ) ;
#4510 = VERTEX_POINT ( 'NONE', #3664 ) ;
#4511 = FACE_OUTER_BOUND ( 'NONE', #1888, .T. ) ;
#4512 = STYLED_ITEM ( 'NONE', ( #4053 ), #78 ) ;
#4513 = CARTESIAN_POINT ( 'NONE',  ( -5.000000000000000000, 0.5000000000000004400, -0.3960850015576333800 ) ) ;
#4514 = DIRECTION ( 'NONE',  ( 0.0000000000000000000, -4.251773225433350200E-016, -1.000000000000000000 ) ) ;
#4515 = DIRECTION ( 'NONE',  ( -1.000000000000000000, 0.0000000000000000000, 0.0000000000000000000 ) ) ;
#4516 = FACE_OUTER_BOUND ( 'NONE', #375, .T. ) ;
#4517 =( LENGTH_UNIT ( ) NAMED_UNIT ( * ) SI_UNIT ( .MILLI., .METRE. ) );
#4518 = LINE ( 'NONE', #2988, #4367 ) ;
#4519 =( GEOMETRIC_REPRESENTATION_CONTEXT ( 3 ) GLOBAL_UNCERTAINTY_ASSIGNED_CONTEXT ( ( #2101 ) ) GLOBAL_UNIT_ASSIGNED_CONTEXT ( ( #2097, #5421, #2580 ) ) REPRESENTATION_CONTEXT ( 'NONE', 'WORKASPACE' ) );
#4520 = VERTEX_POINT ( 'NONE', #5114 ) ;
#4521 = CARTESIAN_POINT ( 'NONE',  ( -5.540000000000000000, -7.047314121155778800E-016, -1.750000000000000200 ) ) ;
#4522 = AXIS2_PLACEMENT_3D ( 'NONE', #510, #4770, #1930 ) ;
#4523 = LINE ( 'NONE', #3161, #1035 ) ;
#4524 = FILL_AREA_STYLE ('',( #4046 ) ) ;
#4525 = ORIENTED_EDGE ( 'NONE', *, *, #5620, .F. ) ;
#4526 = ORIENTED_EDGE ( 'NONE', *, *, #3694, .F. ) ;
#4527 = CARTESIAN_POINT ( 'NONE',  ( 0.0000000000000000000, 4.699999999999999300, -3.250000000000000000 ) ) ;
#4528 = EDGE_CURVE ( 'NONE', #3163, #4982, #4210, .T. ) ;
#4529 =( GEOMETRIC_REPRESENTATION_CONTEXT ( 3 ) GLOBAL_UNCERTAINTY_ASSIGNED_CONTEXT ( ( #5724 ) ) GLOBAL_UNIT_ASSIGNED_CONTEXT ( ( #3962, #1126, #4440 ) ) REPRESENTATION_CONTEXT ( 'NONE', 'WORKASPACE' ) );
#4530 = EDGE_CURVE ( 'NONE', #1099, #1832, #1844, .T. ) ;
#4531 = CARTESIAN_POINT ( 'NONE',  ( -0.2000000000000005100, 8.387259308617862300E-017, 0.1972649730810376300 ) ) ;
#4532 = VERTEX_POINT ( 'NONE', #4615 ) ;
#4533 = ADVANCED_FACE ( 'NONE', ( #2977 ), #3209, .F. ) ;
#4534 = EDGE_LOOP ( 'NONE', ( #207, #3804, #4725, #1087 ) ) ;
#4535 = CARTESIAN_POINT ( 'NONE',  ( -5.000000000000000000, 3.629999999999999900, -2.544999999999999900 ) ) ;
#4536 = CARTESIAN_POINT ( 'NONE',  ( -6.919660186493931800, -0.6257768975473811900, -1.750000000000000200 ) ) ;
#4537 = CARTESIAN_POINT ( 'NONE',  ( -6.799999999999998900, 4.129999999999999900, 2.815000000000000400 ) ) ;
#4538 = AXIS2_PLACEMENT_3D ( 'NONE', #1281, #2728, #6051 ) ;
#4539 = EDGE_CURVE ( 'NONE', #5816, #5231, #2814, .T. ) ;
#4540 = ORIENTED_EDGE ( 'NONE', *, *, #2200, .F. ) ;
#4541 = LINE ( 'NONE', #1044, #4392 ) ;
#4542 =( NAMED_UNIT ( * ) PLANE_ANGLE_UNIT ( ) SI_UNIT ( $, .RADIAN. ) );
#4543 = LINE ( 'NONE', #288, #759 ) ;
#4544 = VECTOR ( 'NONE', #2961, 1000.000000000000000 ) ;
#4545 = VECTOR ( 'NONE', #4171, 1000.000000000000000 ) ;
#4546 = DIRECTION ( 'NONE',  ( 1.000000000000000000, 1.224646799147353200E-016, -6.821946253841378900E-016 ) ) ;
#4548 = ORIENTED_EDGE ( 'NONE', *, *, #2751, .T. ) ;
#4547 = LINE ( 'NONE', #2049, #4400 ) ;
#4549 =( NAMED_UNIT ( * ) SI_UNIT ( $, .STERADIAN. ) SOLID_ANGLE_UNIT ( ) );
#4550 = ORIENTED_EDGE ( 'NONE', *, *, #1507, .F. ) ;
#4551 = ORIENTED_EDGE ( 'NONE', *, *, #6133, .F. ) ;
#4552 = DIRECTION ( 'NONE',  ( 0.0000000000000000000, 0.0000000000000000000, -1.000000000000000000 ) ) ;
#4553 = CARTESIAN_POINT ( 'NONE',  ( -3.110000000000000800, 4.892693947073698100, -3.809999999999999600 ) ) ;
#4554 = PRESENTATION_LAYER_ASSIGNMENT (  '', '', ( #3918 ) ) ;
#4555 = DIRECTION ( 'NONE',  ( 0.0000000000000000000, 1.000000000000000000, 4.251773225433350200E-016 ) ) ;
#4556 = EDGE_CURVE ( 'NONE', #451, #1814, #5352, .T. ) ;
#4557 = ORIENTED_EDGE ( 'NONE', *, *, #672, .F. ) ;
#4558 = ORIENTED_EDGE ( 'NONE', *, *, #3477, .T. ) ;
#4559 = EDGE_LOOP ( 'NONE', ( #4688, #4833, #4839, #5947 ) ) ;
#4560 = ADVANCED_FACE ( 'NONE', ( #1693 ), #403, .F. ) ;
#4561 = CARTESIAN_POINT ( 'NONE',  ( -5.860000000000000300, 0.0000000000000000000, -5.000000000000000900 ) ) ;
#4562 = EDGE_CURVE ( 'NONE', #1439, #3659, #2667, .T. ) ;
#4563 = CARTESIAN_POINT ( 'NONE',  ( 0.8300000000000006300, 1.016456843292304000E-016, 2.085000000000000000 ) ) ;
#4564 = ORIENTED_EDGE ( 'NONE', *, *, #4019, .F. ) ;
#4565 = DIRECTION ( 'NONE',  ( 0.7842568694126314000, 0.6204362681042258100, 0.0000000000000000000 ) ) ;
#4566 = PRESENTATION_STYLE_ASSIGNMENT (( #190 ) ) ;
#4567 = STYLED_ITEM ( 'NONE', ( #5348 ), #2092 ) ;
#4568 = ORIENTED_EDGE ( 'NONE', *, *, #2610, .F. ) ;
#4569 = DIRECTION ( 'NONE',  ( -0.0000000000000000000, 1.000000000000000000, -0.0000000000000000000 ) ) ;
#4570 = ORIENTED_EDGE ( 'NONE', *, *, #2211, .F. ) ;
#4571 = SURFACE_STYLE_FILL_AREA ( #728 ) ;
#4572 = PLANE ( 'NONE',  #177 ) ;
#4573 = VECTOR ( 'NONE', #2594, 1000.000000000000000 ) ;
#4574 = AXIS2_PLACEMENT_3D ( 'NONE', #1333, #4655, #1811 ) ;
#4575 = CIRCLE ( 'NONE', #285, 0.5480911096883718200 ) ;
#4576 = EDGE_CURVE ( 'NONE', #3978, #2202, #5194, .T. ) ;
#4577 = EDGE_LOOP ( 'NONE', ( #1619, #3622, #5781, #1747, #4303, #1080, #3519, #2246, #2811, #225, #3713 ) ) ;
#4578 =( LENGTH_UNIT ( ) NAMED_UNIT ( * ) SI_UNIT ( .MILLI., .METRE. ) );
#4579 = CARTESIAN_POINT ( 'NONE',  ( 0.0000000000000000000, 0.0000000000000000000, -2.250000000000000400 ) ) ;
#4580 = SURFACE_STYLE_FILL_AREA ( #5418 ) ;
#4581 = DIRECTION ( 'NONE',  ( 0.0000000000000000000, -1.000000000000000000, 0.0000000000000000000 ) ) ;
#4582 = LINE ( 'NONE', #1453, #662 ) ;
#4583 = ORIENTED_EDGE ( 'NONE', *, *, #647, .F. ) ;
#4584 = VECTOR ( 'NONE', #2301, 1000.000000000000000 ) ;
#4585 = CARTESIAN_POINT ( 'NONE',  ( -5.269999999999998700, 5.200000000000000200, 2.045000000000001300 ) ) ;
#4586 = DIRECTION ( 'NONE',  ( 0.0000000000000000000, 0.0000000000000000000, -1.000000000000000000 ) ) ;
#4587 = FILL_AREA_STYLE_COLOUR ( '', #3262 ) ;
#4588 = CARTESIAN_POINT ( 'NONE',  ( -0.8244857318415395000, 1.347188021535155900, 1.442188021535169000 ) ) ;
#4589 = DIRECTION ( 'NONE',  ( -2.562368502181409700E-016, 0.0000000000000000000, 1.000000000000000000 ) ) ;
#4590 = DIRECTION ( 'NONE',  ( -0.0000000000000000000, -0.0000000000000000000, -1.000000000000000000 ) ) ;
#4591 = ORIENTED_EDGE ( 'NONE', *, *, #1765, .T. ) ;
#4592 = ADVANCED_FACE ( 'NONE', ( #3915 ), #6103, .F. ) ;
#4593 = VECTOR ( 'NONE', #3201, 1000.000000000000000 ) ;
#4594 = EDGE_CURVE ( 'NONE', #3274, #5069, #2528, .T. ) ;
#4595 = LINE ( 'NONE', #550, #2084 ) ;
#4596 = AXIS2_PLACEMENT_3D ( 'NONE', #4553, #5048, #5530 ) ;
#4597 = DIRECTION ( 'NONE',  ( 0.0000000000000000000, -1.000000000000000000, 0.0000000000000000000 ) ) ;
#4598 = CARTESIAN_POINT ( 'NONE',  ( -5.500000000000000000, 3.629999999999999900, -0.8499999999999996400 ) ) ;
#4599 = CARTESIAN_POINT ( 'NONE',  ( -0.2000000000000005100, -7.664820520004914100E-016, 1.802735026918962400 ) ) ;
#4600 = ORIENTED_EDGE ( 'NONE', *, *, #95, .T. ) ;
#4601 = ORIENTED_EDGE ( 'NONE', *, *, #5060, .T. ) ;
#4602 = DIRECTION ( 'NONE',  ( -0.0000000000000000000, -0.0000000000000000000, 1.000000000000000000 ) ) ;
#4603 = ORIENTED_EDGE ( 'NONE', *, *, #5533, .F. ) ;
#4604 = PRESENTATION_LAYER_ASSIGNMENT (  '', '', ( #4937 ) ) ;
#4605 = ORIENTED_EDGE ( 'NONE', *, *, #675, .T. ) ;
#4606 = ORIENTED_EDGE ( 'NONE', *, *, #5018, .F. ) ;
#4607 = DIRECTION ( 'NONE',  ( -0.0000000000000000000, 1.000000000000000000, 0.0000000000000000000 ) ) ;
#4608 = EDGE_CURVE ( 'NONE', #215, #4763, #5044, .T. ) ;
#4609 = PRESENTATION_LAYER_ASSIGNMENT (  '', '', ( #3977 ) ) ;
#4610 = EDGE_CURVE ( 'NONE', #4008, #5119, #3760, .T. ) ;
#4611 = APPLICATION_PROTOCOL_DEFINITION ( 'draft international standard', 'automotive_design', 1998, #5106 ) ;
#4612 = CARTESIAN_POINT ( 'NONE',  ( -0.2000000000000005100, 1.649999999999999900, -2.254999999999999900 ) ) ;
#4613 = SURFACE_SIDE_STYLE ('',( #2159 ) ) ;
#4614 = FACE_OUTER_BOUND ( 'NONE', #2310, .T. ) ;
#4615 = CARTESIAN_POINT ( 'NONE',  ( -4.500000000000000900, -0.4200000000000008200, -3.809999999999999600 ) ) ;
#4616 = CIRCLE ( 'NONE', #4488, 0.3999999999999997400 ) ;
#4617 = CARTESIAN_POINT ( 'NONE',  ( -3.110000000000000800, 5.250000000000000000, -4.309999999999999600 ) ) ;
#4618 = AXIS2_PLACEMENT_3D ( 'NONE', #4467, #1633, #4969 ) ;
#4619 = EDGE_CURVE ( 'NONE', #4336, #5632, #4899, .T. ) ;
#4620 = VECTOR ( 'NONE', #5387, 1000.000000000000000 ) ;
#4621 = SURFACE_STYLE_FILL_AREA ( #5676 ) ;
#4622 = ORIENTED_EDGE ( 'NONE', *, *, #2237, .F. ) ;
#4623 = ADVANCED_FACE ( 'NONE', ( #1250 ), #3044, .T. ) ;
#4624 = FACE_OUTER_BOUND ( 'NONE', #4534, .T. ) ;
#4625 = CARTESIAN_POINT ( 'NONE',  ( -6.799999999999999800, -8.327598234202001100E-016, 5.000000000000000000 ) ) ;
#4626 = SURFACE_SIDE_STYLE ('',( #6068 ) ) ;
#4627 = CARTESIAN_POINT ( 'NONE',  ( -6.200000000000000200, 3.904292491250290600E-018, -2.250000000000000400 ) ) ;
#4629 = ORIENTED_EDGE ( 'NONE', *, *, #706, .T. ) ;
#4628 = COLOUR_RGB ( '',0.8000000000000000400, 0.8039215686274510100, 0.8000000000000000400 ) ;
#4630 = CARTESIAN_POINT ( 'NONE',  ( -0.3000000000000016500, 2.160000000000000100, -2.254999999999999900 ) ) ;
#4631 = LINE ( 'NONE', #2960, #5613 ) ;
#4632 = CARTESIAN_POINT ( 'NONE',  ( -6.799999999999999800, 5.200000000000000200, 4.309999999999999600 ) ) ;
#4633 = DIRECTION ( 'NONE',  ( 0.0000000000000000000, 0.0000000000000000000, -1.000000000000000000 ) ) ;
#4634 = ORIENTED_EDGE ( 'NONE', *, *, #5383, .F. ) ;
#4635 = EDGE_LOOP ( 'NONE', ( #1602, #2203, #5327, #2886 ) ) ;
#4636 = APPLICATION_CONTEXT ( 'automotive_design' ) ;
#4637 =( LENGTH_UNIT ( ) NAMED_UNIT ( * ) SI_UNIT ( .MILLI., .METRE. ) );
#4638 = CARTESIAN_POINT ( 'NONE',  ( -6.200000000000000200, 2.903122080283735000, 2.250000000000000400 ) ) ;
#4639 = ORIENTED_EDGE ( 'NONE', *, *, #186, .T. ) ;
#4640 = DIRECTION ( 'NONE',  ( 1.000000000000000000, 0.0000000000000000000, -2.834515483622233600E-016 ) ) ;
#4641 = AXIS2_PLACEMENT_3D ( 'NONE', #1401, #4732, #1887 ) ;
#4642 = VERTEX_POINT ( 'NONE', #894 ) ;
#4643 = DIRECTION ( 'NONE',  ( -1.224646799147353200E-016, 1.000000000000000000, 0.0000000000000000000 ) ) ;
#4644 =( GEOMETRIC_REPRESENTATION_CONTEXT ( 3 ) GLOBAL_UNCERTAINTY_ASSIGNED_CONTEXT ( ( #308 ) ) GLOBAL_UNIT_ASSIGNED_CONTEXT ( ( #3429, #595, #3900 ) ) REPRESENTATION_CONTEXT ( 'NONE', 'WORKASPACE' ) );
#4645 = PLANE ( 'NONE',  #1780 ) ;
#4646 = VERTEX_POINT ( 'NONE', #3289 ) ;
#4647 = VECTOR ( 'NONE', #5090, 1000.000000000000000 ) ;
#4648 = DIRECTION ( 'NONE',  ( 1.224646799147353200E-016, -1.000000000000000000, 0.0000000000000000000 ) ) ;
#4649 = EDGE_CURVE ( 'NONE', #5206, #3216, #1768, .T. ) ;
#4650 = CARTESIAN_POINT ( 'NONE',  ( -6.219660186493931600, -0.9799999999999999800, 0.2500000000000000000 ) ) ;
#4651 = EDGE_LOOP ( 'NONE', ( #6110, #1051, #622, #2098 ) ) ;
#4652 = ORIENTED_EDGE ( 'NONE', *, *, #5419, .T. ) ;
#4653 = SURFACE_STYLE_FILL_AREA ( #1513 ) ;
#4654 = COLOUR_RGB ( '',0.8000000000000000400, 0.8039215686274510100, 0.8000000000000000400 ) ;
#4655 = DIRECTION ( 'NONE',  ( 0.0000000000000000000, 0.0000000000000000000, 1.000000000000000000 ) ) ;
#4656 = ORIENTED_EDGE ( 'NONE', *, *, #2997, .F. ) ;
#4657 = ORIENTED_EDGE ( 'NONE', *, *, #4780, .T. ) ;
#4658 = CARTESIAN_POINT ( 'NONE',  ( -5.500000000000000000, 0.5000000000000004400, 0.8499999999999998700 ) ) ;
#4659 = VERTEX_POINT ( 'NONE', #4726 ) ;
#4660 = LINE ( 'NONE', #5768, #3243 ) ;
#4661 = ADVANCED_FACE ( 'NONE', ( #666 ), #1884, .T. ) ;
#4662 = MECHANICAL_DESIGN_GEOMETRIC_PRESENTATION_REPRESENTATION (  '', ( #3702 ), #4989 ) ;
#4663 = EDGE_CURVE ( 'NONE', #4998, #1595, #1917, .T. ) ;
#4664 = LINE ( 'NONE', #4316, #5639 ) ;
#4665 = CARTESIAN_POINT ( 'NONE',  ( -5.540000000000000000, -0.4423115893098412100, -1.750000000000000200 ) ) ;
#4666 = VERTEX_POINT ( 'NONE', #3304 ) ;
#4667 = DIRECTION ( 'NONE',  ( -0.0000000000000000000, -0.0000000000000000000, -1.000000000000000000 ) ) ;
#4668 = DIRECTION ( 'NONE',  ( -1.224646799147353000E-016, 1.000000000000000000, 2.045664476387748000E-016 ) ) ;
#4669 = DIRECTION ( 'NONE',  ( -1.000000000000000000, 0.0000000000000000000, -0.0000000000000000000 ) ) ;
#4670 = VERTEX_POINT ( 'NONE', #480 ) ;
#4671 = LINE ( 'NONE', #5574, #5798 ) ;
#4672 = VECTOR ( 'NONE', #6134, 1000.000000000000000 ) ;
#4673 = CARTESIAN_POINT ( 'NONE',  ( -6.200000000000000200, 2.538389237197199200, -2.250000000000000400 ) ) ;
#4674 = DIRECTION ( 'NONE',  ( -1.000000000000000000, -1.224646799147353500E-016, 0.0000000000000000000 ) ) ;
#4675 = ORIENTED_EDGE ( 'NONE', *, *, #3293, .F. ) ;
#4676 = DIRECTION ( 'NONE',  ( -1.000000000000000000, 0.0000000000000000000, 0.0000000000000000000 ) ) ;
#4677 = VECTOR ( 'NONE', #1708, 1000.000000000000000 ) ;
#4678 = STYLED_ITEM ( 'NONE', ( #3680 ), #5167 ) ;
#4679 = UNCERTAINTY_MEASURE_WITH_UNIT (LENGTH_MEASURE( 1.000000000000000100E-005 ), #2891, 'distance_accuracy_value', 'NONE');
#4680 = ORIENTED_EDGE ( 'NONE', *, *, #5345, .T. ) ;
#4681 = ORIENTED_EDGE ( 'NONE', *, *, #3616, .F. ) ;
#4682 = EDGE_CURVE ( 'NONE', #3682, #6137, #4129, .T. ) ;
#4683 = CARTESIAN_POINT ( 'NONE',  ( -6.799999999999999800, 5.200000000000000200, -4.309999999999998700 ) ) ;
#4684 = AXIS2_PLACEMENT_3D ( 'NONE', #316, #3617, #771 ) ;
#4685 = CARTESIAN_POINT ( 'NONE',  ( -0.2000000000000005100, 2.102264973081022800, 0.0000000000000000000 ) ) ;
#4686 = CARTESIAN_POINT ( 'NONE',  ( -5.540000000000000000, -0.4423115893098412100, 1.750000000000000000 ) ) ;
#4687 = FILL_AREA_STYLE_COLOUR ( '', #3460 ) ;
#4688 = ORIENTED_EDGE ( 'NONE', *, *, #989, .F. ) ;
#4689 = ORIENTED_EDGE ( 'NONE', *, *, #1958, .T. ) ;
#4690 = DIRECTION ( 'NONE',  ( 1.000000000000000000, 0.0000000000000000000, 0.0000000000000000000 ) ) ;
#4691 = FACE_OUTER_BOUND ( 'NONE', #4635, .T. ) ;
#4692 = EDGE_CURVE ( 'NONE', #5215, #3935, #2893, .T. ) ;
#4693 = ADVANCED_FACE ( 'NONE', ( #3993 ), #5266, .T. ) ;
#4694 = ORIENTED_EDGE ( 'NONE', *, *, #23, .F. ) ;
#4695 = SURFACE_SIDE_STYLE ('',( #1809 ) ) ;
#4696 = PRESENTATION_STYLE_ASSIGNMENT (( #758 ) ) ;
#4697 = VECTOR ( 'NONE', #1198, 1000.000000000000000 ) ;
#4698 = LINE ( 'NONE', #4835, #900 ) ;
#4699 = EDGE_CURVE ( 'NONE', #770, #4912, #1617, .T. ) ;
#4700 = UNCERTAINTY_MEASURE_WITH_UNIT (LENGTH_MEASURE( 1.000000000000000100E-005 ), #5852, 'distance_accuracy_value', 'NONE');
#4701 = CARTESIAN_POINT ( 'NONE',  ( -6.200000000000000200, 3.529999999999999800, 2.500000000000000000 ) ) ;
#4703 = VERTEX_POINT ( 'NONE', #4281 ) ;
#4702 = CYLINDRICAL_SURFACE ( 'NONE', #2759, 0.1000000000000000200 ) ;
#4704 = SURFACE_SIDE_STYLE ('',( #2373 ) ) ;
#4705 = VECTOR ( 'NONE', #3930, 1000.000000000000000 ) ;
#4706 = CARTESIAN_POINT ( 'NONE',  ( 0.8299999999999994000, 9.305929820297226500, -2.084999999999999500 ) ) ;
#4707 = MECHANICAL_DESIGN_GEOMETRIC_PRESENTATION_REPRESENTATION (  '', ( #3742 ), #5039 ) ;
#4708 = COLOUR_RGB ( '',0.8000000000000000400, 0.8039215686274510100, 0.8000000000000000400 ) ;
#4709 = CARTESIAN_POINT ( 'NONE',  ( -2.510000000000000200, 4.129999999999999900, -0.5999999999999999800 ) ) ;
#4710 = ORIENTED_EDGE ( 'NONE', *, *, #2118, .T. ) ;
#4711 = ORIENTED_EDGE ( 'NONE', *, *, #5068, .F. ) ;
#4712 = COLOUR_RGB ( '',0.8000000000000000400, 0.8039215686274510100, 0.8000000000000000400 ) ;
#4713 = DIRECTION ( 'NONE',  ( -0.0000000000000000000, -0.0000000000000000000, -1.000000000000000000 ) ) ;
#4714 = ORIENTED_EDGE ( 'NONE', *, *, #1344, .F. ) ;
#4715 = ORIENTED_EDGE ( 'NONE', *, *, #1587, .T. ) ;
#4716 = PRESENTATION_STYLE_ASSIGNMENT (( #2536 ) ) ;
#4717 = CARTESIAN_POINT ( 'NONE',  ( -6.200000000000000200, 2.903122080283735000, 0.2500000000000000000 ) ) ;
#4718 = PRESENTATION_LAYER_ASSIGNMENT (  '', '', ( #4069 ) ) ;
#4719 = ORIENTED_EDGE ( 'NONE', *, *, #1042, .F. ) ;
#4720 = VECTOR ( 'NONE', #1359, 1000.000000000000000 ) ;
#4721 = ADVANCED_FACE ( 'NONE', ( #5570 ), #1926, .F. ) ;
#4722 = DIRECTION ( 'NONE',  ( 1.000000000000000000, 1.224646799147353200E-016, 1.281184251090699400E-016 ) ) ;
#4723 = LINE ( 'NONE', #4037, #3463 ) ;
#4724 = DIRECTION ( 'NONE',  ( 0.9196686453133634500, -0.3926952798640224700, 0.0000000000000000000 ) ) ;
#4725 = ORIENTED_EDGE ( 'NONE', *, *, #1707, .F. ) ;
#4726 = CARTESIAN_POINT ( 'NONE',  ( -6.722357513454902300, -0.1443267468550100400, -0.2500000000000000000 ) ) ;
#4727 =( GEOMETRIC_REPRESENTATION_CONTEXT ( 3 ) GLOBAL_UNCERTAINTY_ASSIGNED_CONTEXT ( ( #1365 ) ) GLOBAL_UNIT_ASSIGNED_CONTEXT ( ( #4067, #1237, #4549 ) ) REPRESENTATION_CONTEXT ( 'NONE', 'WORKASPACE' ) );
#4728 = ORIENTED_EDGE ( 'NONE', *, *, #6052, .F. ) ;
#4729 = CARTESIAN_POINT ( 'NONE',  ( -5.000000000000000000, 4.699999999999999300, -3.250000000000000000 ) ) ;
#4730 = LINE ( 'NONE', #1188, #2216 ) ;
#4731 =( GEOMETRIC_REPRESENTATION_CONTEXT ( 3 ) GLOBAL_UNCERTAINTY_ASSIGNED_CONTEXT ( ( #1762 ) ) GLOBAL_UNIT_ASSIGNED_CONTEXT ( ( #5407, #2560, #5881 ) ) REPRESENTATION_CONTEXT ( 'NONE', 'WORKASPACE' ) );
#4732 = DIRECTION ( 'NONE',  ( 0.0000000000000000000, 0.0000000000000000000, -1.000000000000000000 ) ) ;
#4733 = VECTOR ( 'NONE', #5577, 1000.000000000000000 ) ;
#4734 = ORIENTED_EDGE ( 'NONE', *, *, #6052, .T. ) ;
#4735 = LINE ( 'NONE', #646, #2 ) ;
#4736 = LINE ( 'NONE', #5707, #2223 ) ;
#4737 =( NAMED_UNIT ( * ) PLANE_ANGLE_UNIT ( ) SI_UNIT ( $, .RADIAN. ) );
#4738 = EDGE_CURVE ( 'NONE', #776, #3556, #1018, .T. ) ;
#4739 = CARTESIAN_POINT ( 'NONE',  ( -0.2000000000000005100, 1.649999999999986100, 1.744999999999999900 ) ) ;
#4740 = CARTESIAN_POINT ( 'NONE',  ( -5.000000000000000000, 2.159999999999985900, 1.745000000000000100 ) ) ;
#4741 = PRESENTATION_STYLE_ASSIGNMENT (( #1859 ) ) ;
#4742 = DIRECTION ( 'NONE',  ( 1.000000000000000000, 0.0000000000000000000, -0.0000000000000000000 ) ) ;
#4743 = CARTESIAN_POINT ( 'NONE',  ( -6.919660186493931800, -1.980000000000000000, 2.250000000000000400 ) ) ;
#4744 = FACE_OUTER_BOUND ( 'NONE', #3156, .T. ) ;
#4745 = CARTESIAN_POINT ( 'NONE',  ( 5.008805408512673600E-016, 5.200000000000000200, 2.044999999999999900 ) ) ;
#4746 = FACE_OUTER_BOUND ( 'NONE', #1593, .T. ) ;
#4747 = AXIS2_PLACEMENT_3D ( 'NONE', #2376, #5698, #2847 ) ;
#4748 = EDGE_CURVE ( 'NONE', #5064, #746, #5935, .T. ) ;
#4749 = VECTOR ( 'NONE', #3852, 1000.000000000000000 ) ;
#4750 = CARTESIAN_POINT ( 'NONE',  ( 0.4300000000000010500, 0.5000000000000004400, 0.3960850015576333800 ) ) ;
#4751 = VERTEX_POINT ( 'NONE', #5748 ) ;
#4752 = VECTOR ( 'NONE', #3653, 1000.000000000000100 ) ;
#4753 = DIRECTION ( 'NONE',  ( 1.000000000000000000, 0.0000000000000000000, -0.0000000000000000000 ) ) ;
#4754 = VERTEX_POINT ( 'NONE', #3374 ) ;
#4755 = ADVANCED_FACE ( 'NONE', ( #3400 ), #86, .F. ) ;
#4756 = ORIENTED_EDGE ( 'NONE', *, *, #4738, .F. ) ;
#4757 = DIRECTION ( 'NONE',  ( 0.0000000000000000000, 0.0000000000000000000, -1.000000000000000000 ) ) ;
#4758 = ORIENTED_EDGE ( 'NONE', *, *, #3856, .T. ) ;
#4759 = ORIENTED_EDGE ( 'NONE', *, *, #2076, .T. ) ;
#4760 = DIRECTION ( 'NONE',  ( 0.0000000000000000000, 0.0000000000000000000, 1.000000000000000000 ) ) ;
#4761 = MECHANICAL_DESIGN_GEOMETRIC_PRESENTATION_REPRESENTATION (  '', ( #3794 ), #5087 ) ;
#4762 = SURFACE_STYLE_USAGE ( .BOTH. , #1435 ) ;
#4763 = VERTEX_POINT ( 'NONE', #1946 ) ;
#4764 = MECHANICAL_DESIGN_GEOMETRIC_PRESENTATION_REPRESENTATION (  '', ( #3798 ), #5093 ) ;
#4765 = PRESENTATION_STYLE_ASSIGNMENT (( #2736 ) ) ;
#4766 = LINE ( 'NONE', #5523, #3505 ) ;
#4767 = CARTESIAN_POINT ( 'NONE',  ( -0.1299999999999995600, -0.3000000000000000400, 2.899999999999999900 ) ) ;
#4768 = DIRECTION ( 'NONE',  ( 1.281184251090699900E-016, 0.0000000000000000000, -1.000000000000000000 ) ) ;
#4769 = EDGE_CURVE ( 'NONE', #1814, #2613, #4505, .T. ) ;
#4770 = DIRECTION ( 'NONE',  ( 0.0000000000000000000, 1.032573497605242300E-016, -1.000000000000000000 ) ) ;
#4771 = SURFACE_STYLE_FILL_AREA ( #4278 ) ;
#4772 = DIRECTION ( 'NONE',  ( -0.0000000000000000000, -0.0000000000000000000, -1.000000000000000000 ) ) ;
#4773 = ORIENTED_EDGE ( 'NONE', *, *, #3806, .F. ) ;
#4774 = AXIS2_PLACEMENT_3D ( 'NONE', #115, #2006, #5334 ) ;
#4775 = LINE ( 'NONE', #5779, #3361 ) ;
#4776 = DIRECTION ( 'NONE',  ( 0.0000000000000000000, 0.0000000000000000000, -1.000000000000000000 ) ) ;
#4777 = EDGE_LOOP ( 'NONE', ( #4307, #321, #684, #4758 ) ) ;
#4778 = CARTESIAN_POINT ( 'NONE',  ( 0.0000000000000000000, 1.760000000000000700, 4.310000000000003200 ) ) ;
#4779 = CARTESIAN_POINT ( 'NONE',  ( 0.4300000000000010500, 0.4300090093458152600, -0.3960850015576333800 ) ) ;
#4780 = EDGE_CURVE ( 'NONE', #1561, #1173, #4660, .T. ) ;
#4781 = ORIENTED_EDGE ( 'NONE', *, *, #345, .F. ) ;
#4782 = COLOUR_RGB ( '',0.8000000000000000400, 0.8039215686274510100, 0.8000000000000000400 ) ;
#4783 = LINE ( 'NONE', #3869, #2119 ) ;
#4784 = ADVANCED_FACE ( 'NONE', ( #5787, #866 ), #3867, .T. ) ;
#4785 = CARTESIAN_POINT ( 'NONE',  ( -0.02999999999999955100, -0.4000000000000000200, 2.899999999999999900 ) ) ;
#4786 = ORIENTED_EDGE ( 'NONE', *, *, #1789, .T. ) ;
#4787 = DIRECTION ( 'NONE',  ( 1.000000000000000000, 1.224646799147353000E-016, 4.470936793754660800E-016 ) ) ;
#4788 = ORIENTED_EDGE ( 'NONE', *, *, #392, .F. ) ;
#4789 = ORIENTED_EDGE ( 'NONE', *, *, #1547, .F. ) ;
#4790 = CARTESIAN_POINT ( 'NONE',  ( -5.269999999999998700, 5.200000000000000200, 2.814999999999999900 ) ) ;
#4791 = CARTESIAN_POINT ( 'NONE',  ( -6.722357513454902300, -0.1443267468550100400, -1.750000000000000200 ) ) ;
#4792 = ORIENTED_EDGE ( 'NONE', *, *, #5857, .F. ) ;
#4793 = ORIENTED_EDGE ( 'NONE', *, *, #2365, .F. ) ;
#4794 = FILL_AREA_STYLE_COLOUR ( '', #2593 ) ;
#4795 = LINE ( 'NONE', #2208, #1156 ) ;
#4796 = DIRECTION ( 'NONE',  ( -1.000000000000000000, -0.0000000000000000000, -0.0000000000000000000 ) ) ;
#4797 = ORIENTED_EDGE ( 'NONE', *, *, #3418, .T. ) ;
#4798 = PRESENTATION_LAYER_ASSIGNMENT (  '', '', ( #4146 ) ) ;
#4799 = DIRECTION ( 'NONE',  ( -1.000000000000000000, -1.224646799147353200E-016, -8.340016711426963900E-017 ) ) ;
#4800 = EDGE_CURVE ( 'NONE', #907, #3419, #727, .T. ) ;
#4801 = DIRECTION ( 'NONE',  ( 0.0000000000000000000, -0.0000000000000000000, -1.000000000000000000 ) ) ;
#4802 = LINE ( 'NONE', #3130, #1005 ) ;
#4803 =( NAMED_UNIT ( * ) PLANE_ANGLE_UNIT ( ) SI_UNIT ( $, .RADIAN. ) );
#4804 = MECHANICAL_DESIGN_GEOMETRIC_PRESENTATION_REPRESENTATION (  '', ( #3842 ), #5133 ) ;
#4805 = ORIENTED_EDGE ( 'NONE', *, *, #2353, .T. ) ;
#4806 = UNCERTAINTY_MEASURE_WITH_UNIT (LENGTH_MEASURE( 1.000000000000000100E-005 ), #127, 'distance_accuracy_value', 'NONE');
#4807 = LINE ( 'NONE', #2992, #3542 ) ;
#4808 = CARTESIAN_POINT ( 'NONE',  ( -5.500000000000000000, 0.5000000000000004400, 0.8499999999999998700 ) ) ;
#4809 = ORIENTED_EDGE ( 'NONE', *, *, #2251, .T. ) ;
#4810 = ORIENTED_EDGE ( 'NONE', *, *, #362, .T. ) ;
#4811 = VERTEX_POINT ( 'NONE', #1992 ) ;
#4812 = CARTESIAN_POINT ( 'NONE',  ( -6.800000000000000700, -0.3000000000000008200, 2.799999999999998900 ) ) ;
#4813 = CYLINDRICAL_SURFACE ( 'NONE', #3849, 0.09999999999999999200 ) ;
#4814 = PLANE ( 'NONE',  #1549 ) ;
#4815 = ORIENTED_EDGE ( 'NONE', *, *, #3464, .F. ) ;
#4816 = DIRECTION ( 'NONE',  ( 0.0000000000000000000, 1.000000000000000000, -0.0000000000000000000 ) ) ;
#4817 = ADVANCED_FACE ( 'NONE', ( #5637 ), #1487, .F. ) ;
#4818 = FACE_OUTER_BOUND ( 'NONE', #2205, .T. ) ;
#4819 = DIRECTION ( 'NONE',  ( 0.0000000000000000000, 1.000000000000000000, 0.0000000000000000000 ) ) ;
#4820 =( LENGTH_UNIT ( ) NAMED_UNIT ( * ) SI_UNIT ( .MILLI., .METRE. ) );
#4821 = AXIS2_PLACEMENT_3D ( 'NONE', #876, #4192, #1354 ) ;
#4822 = ORIENTED_EDGE ( 'NONE', *, *, #3697, .F. ) ;
#4823 = EDGE_CURVE ( 'NONE', #2546, #5952, #2663, .T. ) ;
#4824 =( LENGTH_UNIT ( ) NAMED_UNIT ( * ) SI_UNIT ( .MILLI., .METRE. ) );
#4825 = DIRECTION ( 'NONE',  ( 1.000000000000000000, 0.0000000000000000000, 0.0000000000000000000 ) ) ;
#4826 = ORIENTED_EDGE ( 'NONE', *, *, #5239, .F. ) ;
#4827 = SURFACE_SIDE_STYLE ('',( #4022 ) ) ;
#4828 = MECHANICAL_DESIGN_GEOMETRIC_PRESENTATION_REPRESENTATION (  '', ( #3864 ), #5153 ) ;
#4829 = EDGE_CURVE ( 'NONE', #2835, #5064, #3911, .T. ) ;
#4830 = CARTESIAN_POINT ( 'NONE',  ( -0.2000000000000005100, 2.102264973081036500, 0.0000000000000000000 ) ) ;
#4831 = CARTESIAN_POINT ( 'NONE',  ( -5.069999999999999400, 0.5000000000000004400, 0.3960850015576333800 ) ) ;
#4832 = CARTESIAN_POINT ( 'NONE',  ( -5.069999999999999400, 0.5000000000000004400, -0.3960850015576333800 ) ) ;
#4833 = ORIENTED_EDGE ( 'NONE', *, *, #2555, .T. ) ;
#4834 = ORIENTED_EDGE ( 'NONE', *, *, #1958, .F. ) ;
#4835 = CARTESIAN_POINT ( 'NONE',  ( -6.919660186493931800, -1.980000000000000000, -1.750000000000000200 ) ) ;
#4836 = DIRECTION ( 'NONE',  ( 1.000000000000000000, 1.224646799147353500E-016, 0.0000000000000000000 ) ) ;
#4837 = SURFACE_SIDE_STYLE ('',( #4653 ) ) ;
#4838 = DIRECTION ( 'NONE',  ( -1.224646799147353200E-016, 1.000000000000000000, 0.0000000000000000000 ) ) ;
#4839 = ORIENTED_EDGE ( 'NONE', *, *, #5092, .T. ) ;
#4840 = FILL_AREA_STYLE_COLOUR ( '', #3627 ) ;
#4841 = AXIS2_PLACEMENT_3D ( 'NONE', #3917, #5432, #2104 ) ;
#4842 = LINE ( 'NONE', #3261, #1048 ) ;
#4843 = DIRECTION ( 'NONE',  ( 1.000000000000000000, 0.0000000000000000000, 0.0000000000000000000 ) ) ;
#4844 = ORIENTED_EDGE ( 'NONE', *, *, #1160, .T. ) ;
#4845 = SURFACE_STYLE_FILL_AREA ( #305 ) ;
#4846 = DIRECTION ( 'NONE',  ( 0.0000000000000000000, 0.0000000000000000000, -1.000000000000000000 ) ) ;
#4847 = DIRECTION ( 'NONE',  ( 1.000000000000000000, 1.224646799147353200E-016, -0.0000000000000000000 ) ) ;
#4848 = DIRECTION ( 'NONE',  ( -0.7745966692414827400, -0.4472135954999583200, 0.4472135954999584800 ) ) ;
#4849 = PRESENTATION_LAYER_ASSIGNMENT (  '', '', ( #4201 ) ) ;
#4850 = LINE ( 'NONE', #3563, #4697 ) ;
#4851 = LINE ( 'NONE', #5300, #3582 ) ;
#4852 = ORIENTED_EDGE ( 'NONE', *, *, #5896, .T. ) ;
#4853 = DIRECTION ( 'NONE',  ( 1.224646799147353200E-016, -1.000000000000000000, 0.0000000000000000000 ) ) ;
#4854 = EDGE_CURVE ( 'NONE', #3903, #939, #1385, .T. ) ;
#4855 = CARTESIAN_POINT ( 'NONE',  ( -0.02999999999999880500, -3.673940397441913600E-018, -3.449999999999999300 ) ) ;
#4857 = EDGE_LOOP ( 'NONE', ( #364, #2422, #5625, #2344 ) ) ;
#4856 = FACE_OUTER_BOUND ( 'NONE', #5435, .T. ) ;
#4858 = COLOUR_RGB ( '',0.8000000000000000400, 0.8039215686274510100, 0.8000000000000000400 ) ;
#4859 = LINE ( 'NONE', #5404, #1064 ) ;
#4860 = CARTESIAN_POINT ( 'NONE',  ( -0.02999999999999958900, -3.673940397442009900E-018, 2.799999999999999800 ) ) ;
#4861 = DIRECTION ( 'NONE',  ( 0.0000000000000000000, 1.000000000000000000, -4.251773225433350200E-016 ) ) ;
#4862 = LINE ( 'NONE', #1349, #1066 ) ;
#4863 = ORIENTED_EDGE ( 'NONE', *, *, #2638, .F. ) ;
#4864 = ORIENTED_EDGE ( 'NONE', *, *, #2365, .T. ) ;
#4865 = FACE_OUTER_BOUND ( 'NONE', #4857, .T. ) ;
#4866 = DIRECTION ( 'NONE',  ( -0.0000000000000000000, 0.0000000000000000000, -1.000000000000000000 ) ) ;
#4867 = STYLED_ITEM ( 'NONE', ( #3520 ), #4032 ) ;
#4868 = DIRECTION ( 'NONE',  ( -0.0000000000000000000, 0.0000000000000000000, 1.000000000000000000 ) ) ;
#4869 = EDGE_CURVE ( 'NONE', #567, #212, #3754, .T. ) ;
#4870 = ORIENTED_EDGE ( 'NONE', *, *, #3387, .F. ) ;
#4871 = DIRECTION ( 'NONE',  ( 0.0000000000000000000, 0.0000000000000000000, 1.000000000000000000 ) ) ;
#4872 = ORIENTED_EDGE ( 'NONE', *, *, #2903, .T. ) ;
#4873 = SURFACE_STYLE_USAGE ( .BOTH. , #1546 ) ;
#4874 = VECTOR ( 'NONE', #624, 1000.000000000000000 ) ;
#4875 = DIRECTION ( 'NONE',  ( 1.000000000000000000, 1.224646799147353500E-016, -0.0000000000000000000 ) ) ;
#4876 = ORIENTED_EDGE ( 'NONE', *, *, #4450, .F. ) ;
#4877 = FACE_OUTER_BOUND ( 'NONE', #5396, .T. ) ;
#4878 = DIRECTION ( 'NONE',  ( 0.0000000000000000000, -1.000000000000000000, 0.0000000000000000000 ) ) ;
#4879 = LINE ( 'NONE', #5491, #924 ) ;
#4880 =( LENGTH_UNIT ( ) NAMED_UNIT ( * ) SI_UNIT ( .MILLI., .METRE. ) );
#4881 = ORIENTED_EDGE ( 'NONE', *, *, #1059, .T. ) ;
#4882 =( NAMED_UNIT ( * ) PLANE_ANGLE_UNIT ( ) SI_UNIT ( $, .RADIAN. ) );
#4883 = ORIENTED_EDGE ( 'NONE', *, *, #2798, .F. ) ;
#4884 = DIRECTION ( 'NONE',  ( -1.000000000000000000, -2.710505431213761100E-016, 0.0000000000000000000 ) ) ;
#4885 = LINE ( 'NONE', #3082, #6004 ) ;
#4886 = COLOUR_RGB ( '',0.8000000000000000400, 0.8039215686274510100, 0.8000000000000000400 ) ;
#4887 = EDGE_LOOP ( 'NONE', ( #1782, #393, #5036 ) ) ;
#4888 =( BOUNDED_CURVE ( )  B_SPLINE_CURVE ( 3, ( #1271, #814, #3657, #4127 ),
 .UNSPECIFIED., .F., .F. ) 
 B_SPLINE_CURVE_WITH_KNOTS ( ( 4, 4 ),
 ( 1.570796326794896800, 3.141592653589793100 ),
 .UNSPECIFIED. ) 
 CURVE ( )  GEOMETRIC_REPRESENTATION_ITEM ( )  RATIONAL_B_SPLINE_CURVE ( ( 1.000000000000000000, 0.8047378541243650500, 0.8047378541243650500, 1.000000000000000000 ) ) 
 REPRESENTATION_ITEM ( '' )  );
#4889 = CARTESIAN_POINT ( 'NONE',  ( -6.919660186493931800, -0.6257768975473813100, -0.2500000000000000000 ) ) ;
#4890 = MECHANICAL_DESIGN_GEOMETRIC_PRESENTATION_REPRESENTATION (  '', ( #3918 ), #5204 ) ;
#4891 = DIRECTION ( 'NONE',  ( 0.0000000000000000000, 0.0000000000000000000, -1.000000000000000000 ) ) ;
#4892 = VECTOR ( 'NONE', #4875, 1000.000000000000000 ) ;
#4893 = EDGE_CURVE ( 'NONE', #5512, #4336, #1244, .T. ) ;
#4894 = CARTESIAN_POINT ( 'NONE',  ( -0.1299999999999987600, -0.3000000000000000400, -3.449999999999999300 ) ) ;
#4895 = LINE ( 'NONE', #4743, #1097 ) ;
#4896 = AXIS2_PLACEMENT_3D ( 'NONE', #1388, #4713, #1870 ) ;
#4897 = DIRECTION ( 'NONE',  ( -1.000000000000000000, 0.0000000000000000000, 2.834515483622233600E-016 ) ) ;
#4898 = FILL_AREA_STYLE_COLOUR ( '', #2348 ) ;
#4899 = LINE ( 'NONE', #3270, #1102 ) ;
#4900 = CARTESIAN_POINT ( 'NONE',  ( -5.269999999999998700, 4.129999999999999900, 2.045000000000001300 ) ) ;
#4901 = EDGE_CURVE ( 'NONE', #791, #5957, #156, .T. ) ;
#4902 = UNCERTAINTY_MEASURE_WITH_UNIT (LENGTH_MEASURE( 1.000000000000000100E-005 ), #718, 'distance_accuracy_value', 'NONE');
#4903 = PLANE ( 'NONE',  #6043 ) ;
#4904 = VECTOR ( 'NONE', #4347, 1000.000000000000000 ) ;
#4905 = CARTESIAN_POINT ( 'NONE',  ( -5.860000000000000300, 0.0000000000000000000, -4.309999999999999600 ) ) ;
#4906 = VECTOR ( 'NONE', #1470, 1000.000000000000000 ) ;
#4907 = PRESENTATION_LAYER_ASSIGNMENT (  '', '', ( #4567 ) ) ;
#4908 = CARTESIAN_POINT ( 'NONE',  ( -0.02999999999999964500, -3.673940397442016000E-018, 3.449999999999999300 ) ) ;
#4909 = CARTESIAN_POINT ( 'NONE',  ( -0.2000000000000005100, 2.160000000000000100, -1.745000000000000100 ) ) ;
#4910 = CYLINDRICAL_SURFACE ( 'NONE', #1702, 0.1000000000000002600 ) ;
#4911 = AXIS2_PLACEMENT_3D ( 'NONE', #813, #4144, #1312 ) ;
#4912 = VERTEX_POINT ( 'NONE', #2519 ) ;
#4913 = ORIENTED_EDGE ( 'NONE', *, *, #5824, .T. ) ;
#4914 = CARTESIAN_POINT ( 'NONE',  ( 0.0000000000000000000, 3.629999999999999900, 2.544999999999999900 ) ) ;
#4915 = DIRECTION ( 'NONE',  ( 0.0000000000000000000, 1.000000000000000000, 0.0000000000000000000 ) ) ;
#4916 = CARTESIAN_POINT ( 'NONE',  ( -6.564732843086535000, 2.538389237197200600, 0.2500000000000000000 ) ) ;
#4917 = VERTEX_POINT ( 'NONE', #1092 ) ;
#4918 = ORIENTED_EDGE ( 'NONE', *, *, #2091, .F. ) ;
#4919 = CARTESIAN_POINT ( 'NONE',  ( 5.278227704325092200E-016, 6.463964663272606400E-032, 4.309999999999999600 ) ) ;
#4920 = CARTESIAN_POINT ( 'NONE',  ( -3.110000000000000800, 5.250000000000000000, 4.309999999999999600 ) ) ;
#4921 = CARTESIAN_POINT ( 'NONE',  ( -3.110000000000000800, 5.250000000000000000, 4.309999999999999600 ) ) ;
#4922 = DIRECTION ( 'NONE',  ( 0.0000000000000000000, -0.0000000000000000000, -1.000000000000000000 ) ) ;
#4923 = EDGE_LOOP ( 'NONE', ( #3957, #4629, #5609, #3589 ) ) ;
#4924 = ADVANCED_FACE ( 'NONE', ( #1095 ), #5838, .F. ) ;
#4925 = SURFACE_SIDE_STYLE ('',( #2534 ) ) ;
#4926 = COLOUR_RGB ( '',0.8000000000000000400, 0.8039215686274510100, 0.8000000000000000400 ) ;
#4927 = CARTESIAN_POINT ( 'NONE',  ( -0.1299999999999996200, -0.4000000000000000200, 3.349999999999999600 ) ) ;
#4928 = EDGE_CURVE ( 'NONE', #141, #3556, #4735, .T. ) ;
#4929 = PRESENTATION_LAYER_ASSIGNMENT (  '', '', ( #4275 ) ) ;
#4930 = LINE ( 'NONE', #4111, #4360 ) ;
#4931 = CARTESIAN_POINT ( 'NONE',  ( -6.219660186493931600, -1.980000000000000000, 0.2500000000000000000 ) ) ;
#4932 = VECTOR ( 'NONE', #892, 1000.000000000000000 ) ;
#4933 = CARTESIAN_POINT ( 'NONE',  ( -6.564732843086535000, 2.538389237197200600, 2.250000000000000400 ) ) ;
#4934 = ORIENTED_EDGE ( 'NONE', *, *, #2241, .F. ) ;
#4935 = DIRECTION ( 'NONE',  ( 0.0000000000000000000, -1.000000000000000000, 0.0000000000000000000 ) ) ;
#4936 = CIRCLE ( 'NONE', #502, 0.1000000000000000100 ) ;
#4937 = STYLED_ITEM ( 'NONE', ( #3916 ), #1827 ) ;
#4938 = CARTESIAN_POINT ( 'NONE',  ( -1.100000000000000100, 4.129999999999999900, -0.5999999999999999800 ) ) ;
#4939 = VERTEX_POINT ( 'NONE', #1113 ) ;
#4940 = LINE ( 'NONE', #4162, #1285 ) ;
#4941 = LINE ( 'NONE', #522, #1286 ) ;
#4942 = SURFACE_STYLE_USAGE ( .BOTH. , #1610 ) ;
#4943 = EDGE_CURVE ( 'NONE', #5398, #2317, #2222, .T. ) ;
#4944 = MECHANICAL_DESIGN_GEOMETRIC_PRESENTATION_REPRESENTATION (  '', ( #3977 ), #5263 ) ;
#4945 = ORIENTED_EDGE ( 'NONE', *, *, #3284, .T. ) ;
#4946 = ORIENTED_EDGE ( 'NONE', *, *, #4471, .T. ) ;
#4947 = ORIENTED_EDGE ( 'NONE', *, *, #5380, .T. ) ;
#4948 = SURFACE_STYLE_USAGE ( .BOTH. , #3172 ) ;
#4949 = VECTOR ( 'NONE', #3536, 1000.000000000000000 ) ;
#4950 = ORIENTED_EDGE ( 'NONE', *, *, #1507, .T. ) ;
#4951 = DIRECTION ( 'NONE',  ( -1.000000000000000000, -0.0000000000000000000, -0.0000000000000000000 ) ) ;
#4952 = DIRECTION ( 'NONE',  ( -0.0000000000000000000, -0.0000000000000000000, -1.000000000000000000 ) ) ;
#4953 = ORIENTED_EDGE ( 'NONE', *, *, #5431, .F. ) ;
#4954 = EDGE_CURVE ( 'NONE', #4811, #1730, #3474, .T. ) ;
#4955 = ADVANCED_FACE ( 'NONE', ( #3314 ), #5402, .F. ) ;
#4956 = SURFACE_STYLE_USAGE ( .BOTH. , #1622 ) ;
#4957 = VERTEX_POINT ( 'NONE', #4919 ) ;
#4958 = CARTESIAN_POINT ( 'NONE',  ( -6.799999999999999800, -8.327598234202001100E-016, -3.450000000000001100 ) ) ;
#4959 = FACE_OUTER_BOUND ( 'NONE', #3391, .T. ) ;
#4960 = UNCERTAINTY_MEASURE_WITH_UNIT (LENGTH_MEASURE( 1.000000000000000100E-005 ), #5193, 'distance_accuracy_value', 'NONE');
#4961 = VECTOR ( 'NONE', #6010, 1000.000000000000000 ) ;
#4962 = CARTESIAN_POINT ( 'NONE',  ( -6.564732843086535000, 2.538389237197200600, -2.250000000000000400 ) ) ;
#4963 = ORIENTED_EDGE ( 'NONE', *, *, #4010, .F. ) ;
#4964 = EDGE_LOOP ( 'NONE', ( #1746, #5991, #5328, #713 ) ) ;
#4965 = LINE ( 'NONE', #597, #3686 ) ;
#4966 = ORIENTED_EDGE ( 'NONE', *, *, #5938, .F. ) ;
#4967 = ORIENTED_EDGE ( 'NONE', *, *, #2532, .T. ) ;
#4968 = EDGE_CURVE ( 'NONE', #688, #2384, #5861, .T. ) ;
#4969 = DIRECTION ( 'NONE',  ( 0.0000000000000000000, 0.0000000000000000000, -1.000000000000000000 ) ) ;
#4970 = DIRECTION ( 'NONE',  ( 1.000000000000000000, -0.0000000000000000000, -0.0000000000000000000 ) ) ;
#4971 = VECTOR ( 'NONE', #4280, 1000.000000000000000 ) ;
#4972 = ORIENTED_EDGE ( 'NONE', *, *, #1072, .F. ) ;
#4973 = PLANE ( 'NONE',  #4190 ) ;
#4974 = PRESENTATION_LAYER_ASSIGNMENT (  '', '', ( #4314 ) ) ;
#4975 = DIRECTION ( 'NONE',  ( 0.0000000000000000000, 1.000000000000000000, -6.927809408853064600E-017 ) ) ;
#4976 = LINE ( 'NONE', #4855, #1326 ) ;
#4977 = ORIENTED_EDGE ( 'NONE', *, *, #1998, .T. ) ;
#4978 = DIRECTION ( 'NONE',  ( -0.0000000000000000000, -0.0000000000000000000, 1.000000000000000000 ) ) ;
#4979 = FACE_OUTER_BOUND ( 'NONE', #3165, .T. ) ;
#4980 = CARTESIAN_POINT ( 'NONE',  ( -6.722357513454902300, -0.1443267468550100400, 1.750000000000000000 ) ) ;
#4981 = EDGE_CURVE ( 'NONE', #5512, #907, #2067, .T. ) ;
#4982 = VERTEX_POINT ( 'NONE', #4938 ) ;
#4983 = ADVANCED_FACE ( 'NONE', ( #792 ), #2096, .F. ) ;
#4984 = DIRECTION ( 'NONE',  ( 1.000000000000000000, -0.0000000000000000000, -0.0000000000000000000 ) ) ;
#4985 = DIRECTION ( 'NONE',  ( -1.281184251090699400E-016, -1.568998192216224200E-032, 1.000000000000000000 ) ) ;
#4986 = ORIENTED_EDGE ( 'NONE', *, *, #4458, .F. ) ;
#4987 = ORIENTED_EDGE ( 'NONE', *, *, #698, .T. ) ;
#4988 = FILL_AREA_STYLE_COLOUR ( '', #785 ) ;
#4989 =( GEOMETRIC_REPRESENTATION_CONTEXT ( 3 ) GLOBAL_UNCERTAINTY_ASSIGNED_CONTEXT ( ( #3313 ) ) GLOBAL_UNIT_ASSIGNED_CONTEXT ( ( #2109, #5437, #2599 ) ) REPRESENTATION_CONTEXT ( 'NONE', 'WORKASPACE' ) );
#4990 = EDGE_CURVE ( 'NONE', #4496, #1730, #3174, .T. ) ;
#4991 = DIRECTION ( 'NONE',  ( 0.0000000000000000000, 0.0000000000000000000, 1.000000000000000000 ) ) ;
#4992 = DIRECTION ( 'NONE',  ( 0.0000000000000000000, 2.045664476387749200E-016, 1.000000000000000000 ) ) ;
#4993 = CARTESIAN_POINT ( 'NONE',  ( -1.646572197020221000, 1.760000000000000000, 3.250000000000005300 ) ) ;
#4994 = ORIENTED_EDGE ( 'NONE', *, *, #3555, .T. ) ;
#4995 = PLANE ( 'NONE',  #1040 ) ;
#4996 = CARTESIAN_POINT ( 'NONE',  ( 0.4300000000000011000, 5.265981236333632400E-017, 1.684999999999999800 ) ) ;
#4997 = SURFACE_STYLE_FILL_AREA ( #1851 ) ;
#4998 = VERTEX_POINT ( 'NONE', #527 ) ;
#4999 = UNCERTAINTY_MEASURE_WITH_UNIT (LENGTH_MEASURE( 1.000000000000000100E-005 ), #1230, 'distance_accuracy_value', 'NONE');
#5000 = LINE ( 'NONE', #2930, #2629 ) ;
#5001 =( LENGTH_UNIT ( ) NAMED_UNIT ( * ) SI_UNIT ( .MILLI., .METRE. ) );
#5002 = DIRECTION ( 'NONE',  ( 1.000000000000000000, 0.0000000000000000000, 0.0000000000000000000 ) ) ;
#5003 = LINE ( 'NONE', #5443, #3581 ) ;
#5004 = VECTOR ( 'NONE', #87, 1000.000000000000100 ) ;
#5005 = DIRECTION ( 'NONE',  ( 1.000000000000000000, 0.0000000000000000000, 0.0000000000000000000 ) ) ;
#5006 = FILL_AREA_STYLE_COLOUR ( '', #5918 ) ;
#5007 = VERTEX_POINT ( 'NONE', #987 ) ;
#5008 = AXIS2_PLACEMENT_3D ( 'NONE', #2148, #5513, #2664 ) ;
#5009 = PRESENTATION_STYLE_ASSIGNMENT (( #1319 ) ) ;
#5010 =( NAMED_UNIT ( * ) SI_UNIT ( $, .STERADIAN. ) SOLID_ANGLE_UNIT ( ) );
#5011 = EDGE_CURVE ( 'NONE', #1933, #5764, #5116, .T. ) ;
#5013 = EDGE_LOOP ( 'NONE', ( #2174, #4143, #2919, #231, #173, #4377, #1262, #6077, #750, #457, #1855, #2985, #2011, #4680, #1269, #106 ) ) ;
#5012 = LINE ( 'NONE', #1086, #2639 ) ;
#5014 = FACE_OUTER_BOUND ( 'NONE', #3546, .T. ) ;
#5015 = ADVANCED_FACE ( 'NONE', ( #226 ), #1471, .T. ) ;
#5016 = VECTOR ( 'NONE', #4165, 1000.000000000000000 ) ;
#5017 = CARTESIAN_POINT ( 'NONE',  ( -6.799999999999999800, -0.3000000000000008200, -2.800000000000000700 ) ) ;
#5018 = EDGE_CURVE ( 'NONE', #5064, #4059, #3392, .T. ) ;
#5019 = ORIENTED_EDGE ( 'NONE', *, *, #5965, .F. ) ;
#5020 = ORIENTED_EDGE ( 'NONE', *, *, #3697, .T. ) ;
#5021 = SURFACE_STYLE_USAGE ( .BOTH. , #1687 ) ;
#5022 = SURFACE_STYLE_FILL_AREA ( #3592 ) ;
#5023 = EDGE_CURVE ( 'NONE', #3725, #5809, #1009, .T. ) ;
#5024 = CARTESIAN_POINT ( 'NONE',  ( -5.540000000000000000, -0.4423115893098412100, 1.750000000000000000 ) ) ;
#5025 = ORIENTED_EDGE ( 'NONE', *, *, #195, .F. ) ;
#5026 = CARTESIAN_POINT ( 'NONE',  ( -0.1299999999999995600, -0.3000000000000000400, 2.899999999999999900 ) ) ;
#5027 = SURFACE_SIDE_STYLE ('',( #3997 ) ) ;
#5028 = AXIS2_PLACEMENT_3D ( 'NONE', #5341, #143, #3433 ) ;
#5029 = EDGE_CURVE ( 'NONE', #1173, #5164, #2140, .T. ) ;
#5030 = ORIENTED_EDGE ( 'NONE', *, *, #1911, .T. ) ;
#5031 = FACE_OUTER_BOUND ( 'NONE', #4042, .T. ) ;
#5032 = CARTESIAN_POINT ( 'NONE',  ( -5.000000000000000000, 3.629999999999999900, 0.8499999999999996400 ) ) ;
#5033 = SURFACE_SIDE_STYLE ('',( #2874 ) ) ;
#5034 =( NAMED_UNIT ( * ) SI_UNIT ( $, .STERADIAN. ) SOLID_ANGLE_UNIT ( ) );
#5035 = DIRECTION ( 'NONE',  ( 0.0000000000000000000, 0.0000000000000000000, -1.000000000000000000 ) ) ;
#5036 = ORIENTED_EDGE ( 'NONE', *, *, #1031, .F. ) ;
#5037 = EDGE_LOOP ( 'NONE', ( #1588, #2213, #2805, #2516 ) ) ;
#5038 = PRESENTATION_STYLE_ASSIGNMENT (( #4391 ) ) ;
#5039 =( GEOMETRIC_REPRESENTATION_CONTEXT ( 3 ) GLOBAL_UNCERTAINTY_ASSIGNED_CONTEXT ( ( #4481 ) ) GLOBAL_UNIT_ASSIGNED_CONTEXT ( ( #1047, #4363, #1530 ) ) REPRESENTATION_CONTEXT ( 'NONE', 'WORKASPACE' ) );
#5040 = ORIENTED_EDGE ( 'NONE', *, *, #2615, .F. ) ;
#5041 = VECTOR ( 'NONE', #606, 1000.000000000000000 ) ;
#5042 = DIRECTION ( 'NONE',  ( 1.000000000000000000, 0.0000000000000000000, 0.0000000000000000000 ) ) ;
#5043 = CARTESIAN_POINT ( 'NONE',  ( -5.440000000000000400, -0.01862330312848323900, -3.809999999999999600 ) ) ;
#5044 = LINE ( 'NONE', #5631, #8 ) ;
#5045 = ADVANCED_FACE ( 'NONE', ( #3238 ), #110, .F. ) ;
#5046 = MECHANICAL_DESIGN_GEOMETRIC_PRESENTATION_REPRESENTATION (  '', ( #4069 ), #5370 ) ;
#5047 = CARTESIAN_POINT ( 'NONE',  ( -7.050000000000000700, -0.01862330312848323900, 4.309999999999999600 ) ) ;
#5048 = DIRECTION ( 'NONE',  ( -1.000000000000000000, 0.0000000000000000000, 0.0000000000000000000 ) ) ;
#5049 = PLANE ( 'NONE',  #170 ) ;
#5050 = LINE ( 'NONE', #1473, #2533 ) ;
#5051 = VECTOR ( 'NONE', #2056, 1000.000000000000000 ) ;
#5052 = LINE ( 'NONE', #1725, #21 ) ;
#5053 = VECTOR ( 'NONE', #96, 1000.000000000000000 ) ;
#5054 = CARTESIAN_POINT ( 'NONE',  ( -5.440000000000000400, -0.01862330312848323900, -3.809999999999999600 ) ) ;
#5055 = DIRECTION ( 'NONE',  ( 0.0000000000000000000, -1.000000000000000000, -6.927809408853064600E-017 ) ) ;
#5056 = ORIENTED_EDGE ( 'NONE', *, *, #2963, .T. ) ;
#5057 = ORIENTED_EDGE ( 'NONE', *, *, #5475, .F. ) ;
#5058 = FILL_AREA_STYLE ('',( #1728 ) ) ;
#5059 = EDGE_CURVE ( 'NONE', #4412, #4484, #4051, .T. ) ;
#5060 = EDGE_CURVE ( 'NONE', #2940, #3265, #2806, .T. ) ;
#5061 = CARTESIAN_POINT ( 'NONE',  ( -0.3000000000000016500, 1.649999999999986100, 1.744999999999999900 ) ) ;
#5062 = DIRECTION ( 'NONE',  ( 1.000000000000000000, 0.0000000000000000000, -4.470936793754660800E-016 ) ) ;
#5063 = EDGE_LOOP ( 'NONE', ( #3442, #2333, #6119, #1358 ) ) ;
#5064 = VERTEX_POINT ( 'NONE', #4369 ) ;
#5065 =( NAMED_UNIT ( * ) SI_UNIT ( $, .STERADIAN. ) SOLID_ANGLE_UNIT ( ) );
#5066 = SURFACE_SIDE_STYLE ('',( #3169 ) ) ;
#5067 = AXIS2_PLACEMENT_3D ( 'NONE', #1915, #26, #5234 ) ;
#5068 = EDGE_CURVE ( 'NONE', #3528, #4703, #293, .T. ) ;
#5069 = VERTEX_POINT ( 'NONE', #5825 ) ;
#5070 = FACE_OUTER_BOUND ( 'NONE', #3585, .T. ) ;
#5071 = ADVANCED_FACE ( 'NONE', ( #1538 ), #2984, .T. ) ;
#5072 = DIRECTION ( 'NONE',  ( 0.0000000000000000000, 1.000000000000000000, 0.0000000000000000000 ) ) ;
#5073 = COLOUR_RGB ( '',0.8000000000000000400, 0.8039215686274510100, 0.8000000000000000400 ) ;
#5074 = CARTESIAN_POINT ( 'NONE',  ( -7.112823952774906600, 0.2403027167644433400, 0.2500000000000000000 ) ) ;
#5075 = VECTOR ( 'NONE', #3266, 1000.000000000000000 ) ;
#5076 = CARTESIAN_POINT ( 'NONE',  ( -5.069999999999999400, 0.4300090093458146000, -0.3960850015576333800 ) ) ;
#5078 = ORIENTED_EDGE ( 'NONE', *, *, #2760, .T. ) ;
#5077 = LINE ( 'NONE', #3557, #2505 ) ;
#5079 = DIRECTION ( 'NONE',  ( 1.000000000000000000, -0.0000000000000000000, -0.0000000000000000000 ) ) ;
#5080 = VECTOR ( 'NONE', #1865, 1000.000000000000000 ) ;
#5081 = DIRECTION ( 'NONE',  ( 1.224646799147353200E-016, -1.000000000000000000, -5.473822126268816700E-048 ) ) ;
#5082 = PRESENTATION_STYLE_ASSIGNMENT (( #5722 ) ) ;
#5083 = CARTESIAN_POINT ( 'NONE',  ( 0.0000000000000000000, 1.759999999999999800, 3.250000000000000400 ) ) ;
#5084 = ORIENTED_EDGE ( 'NONE', *, *, #4823, .T. ) ;
#5085 = UNCERTAINTY_MEASURE_WITH_UNIT (LENGTH_MEASURE( 1.000000000000000100E-005 ), #2177, 'distance_accuracy_value', 'NONE');
#5086 = CARTESIAN_POINT ( 'NONE',  ( -5.860000000000000300, 5.200000000000000200, 14.31000000000000000 ) ) ;
#5088 = LINE ( 'NONE', #825, #2858 ) ;
#5087 =( GEOMETRIC_REPRESENTATION_CONTEXT ( 3 ) GLOBAL_UNCERTAINTY_ASSIGNED_CONTEXT ( ( #2747 ) ) GLOBAL_UNIT_ASSIGNED_CONTEXT ( ( #5859, #3022, #183 ) ) REPRESENTATION_CONTEXT ( 'NONE', 'WORKASPACE' ) );
#5089 = FACE_OUTER_BOUND ( 'NONE', #765, .T. ) ;
#5090 = DIRECTION ( 'NONE',  ( 0.0000000000000000000, -1.000000000000000000, 0.0000000000000000000 ) ) ;
#5091 = DIRECTION ( 'NONE',  ( -1.000000000000000000, -2.201425730935034400E-016, -0.0000000000000000000 ) ) ;
#5092 = EDGE_CURVE ( 'NONE', #1524, #2884, #2657, .T. ) ;
#5093 =( GEOMETRIC_REPRESENTATION_CONTEXT ( 3 ) GLOBAL_UNCERTAINTY_ASSIGNED_CONTEXT ( ( #677 ) ) GLOBAL_UNIT_ASSIGNED_CONTEXT ( ( #7, #3297, #470 ) ) REPRESENTATION_CONTEXT ( 'NONE', 'WORKASPACE' ) );
#5094 = ORIENTED_EDGE ( 'NONE', *, *, #1346, .T. ) ;
#5095 = ORIENTED_EDGE ( 'NONE', *, *, #1325, .T. ) ;
#5096 = LINE ( 'NONE', #1169, #1291 ) ;
#5097 = CARTESIAN_POINT ( 'NONE',  ( -6.799999999999999800, 5.200000000000000200, -3.810000000000000100 ) ) ;
#5098 = EDGE_CURVE ( 'NONE', #5301, #3599, #5853, .T. ) ;
#5099 = FACE_OUTER_BOUND ( 'NONE', #2366, .T. ) ;
#5100 = EDGE_CURVE ( 'NONE', #3599, #5186, #929, .T. ) ;
#5101 = ORIENTED_EDGE ( 'NONE', *, *, #4255, .T. ) ;
#5102 = DIRECTION ( 'NONE',  ( -0.7745966692414856200, 0.4472135954999558700, 0.4472135954999561500 ) ) ;
#5103 = STYLED_ITEM ( 'NONE', ( #1011 ), #2368 ) ;
#5104 = ORIENTED_EDGE ( 'NONE', *, *, #3268, .F. ) ;
#5105 = LINE ( 'NONE', #763, #1302 ) ;
#5106 = APPLICATION_CONTEXT ( 'automotive_design' ) ;
#5107 = ADVANCED_FACE ( 'NONE', ( #3306 ), #272, .F. ) ;
#5108 = DIRECTION ( 'NONE',  ( 1.000000000000000000, -0.0000000000000000000, -0.0000000000000000000 ) ) ;
#5109 = AXIS2_PLACEMENT_3D ( 'NONE', #5745, #2907, #76 ) ;
#5110 = VECTOR ( 'NONE', #372, 1000.000000000000000 ) ;
#5111 =( LENGTH_UNIT ( ) NAMED_UNIT ( * ) SI_UNIT ( .MILLI., .METRE. ) );
#5112 = EDGE_CURVE ( 'NONE', #5172, #2037, #5248, .T. ) ;
#5113 = ORIENTED_EDGE ( 'NONE', *, *, #1065, .T. ) ;
#5114 = CARTESIAN_POINT ( 'NONE',  ( -3.110000000000000800, 5.200000000000000200, 3.809999999999999600 ) ) ;
#5115 = ORIENTED_EDGE ( 'NONE', *, *, #311, .T. ) ;
#5116 = LINE ( 'NONE', #3358, #3831 ) ;
#5117 = VECTOR ( 'NONE', #2949, 1000.000000000000000 ) ;
#5118 = EDGE_LOOP ( 'NONE', ( #3782, #5821, #3593, #429 ) ) ;
#5119 = VERTEX_POINT ( 'NONE', #1225 ) ;
#5120 = PRESENTATION_STYLE_ASSIGNMENT (( #5730 ) ) ;
#5121 = LINE ( 'NONE', #3246, #235 ) ;
#5122 = PLANE ( 'NONE',  #5189 ) ;
#5123 = CARTESIAN_POINT ( 'NONE',  ( 1.800000000000000000, 9.305929820297226500, -3.538675134594815800 ) ) ;
#5124 = ORIENTED_EDGE ( 'NONE', *, *, #3577, .T. ) ;
#5125 = ORIENTED_EDGE ( 'NONE', *, *, #13, .F. ) ;
#5126 = FACE_OUTER_BOUND ( 'NONE', #4101, .T. ) ;
#5127 = CARTESIAN_POINT ( 'NONE',  ( -6.799999999999998900, -0.3585786437626913300, -3.450000000000001100 ) ) ;
#5128 = MECHANICAL_DESIGN_GEOMETRIC_PRESENTATION_REPRESENTATION (  '', ( #4146 ), #5445 ) ;
#5129 = PRESENTATION_STYLE_ASSIGNMENT (( #5680 ) ) ;
#5130 = EDGE_CURVE ( 'NONE', #2865, #1464, #2879, .T. ) ;
#5131 =( NAMED_UNIT ( * ) SI_UNIT ( $, .STERADIAN. ) SOLID_ANGLE_UNIT ( ) );
#5132 = LINE ( 'NONE', #1576, #98 ) ;
#5133 =( GEOMETRIC_REPRESENTATION_CONTEXT ( 3 ) GLOBAL_UNCERTAINTY_ASSIGNED_CONTEXT ( ( #4700 ) ) GLOBAL_UNIT_ASSIGNED_CONTEXT ( ( #5852, #3018, #178 ) ) REPRESENTATION_CONTEXT ( 'NONE', 'WORKASPACE' ) );
#5134 = EDGE_LOOP ( 'NONE', ( #4652, #2647, #4728 ) ) ;
#5135 = PLANE ( 'NONE',  #3607 ) ;
#5136 = CARTESIAN_POINT ( 'NONE',  ( -0.2000000000000005100, 2.159999999999985900, 1.745000000000000100 ) ) ;
#5137 = ORIENTED_EDGE ( 'NONE', *, *, #2670, .F. ) ;
#5138 = ADVANCED_FACE ( 'NONE', ( #3979 ), #2188, .F. ) ;
#5139 = EDGE_LOOP ( 'NONE', ( #5834, #2582, #2578, #133 ) ) ;
#5140 = DIRECTION ( 'NONE',  ( 0.0000000000000000000, -1.000000000000000000, 0.0000000000000000000 ) ) ;
#5141 = ORIENTED_EDGE ( 'NONE', *, *, #1556, .F. ) ;
#5142 = AXIS2_PLACEMENT_3D ( 'NONE', #2385, #5712, #2862 ) ;
#5143 = DIRECTION ( 'NONE',  ( -1.000000000000000000, 0.0000000000000000000, -1.668003342285392300E-016 ) ) ;
#5144 = EDGE_CURVE ( 'NONE', #848, #5007, #219, .T. ) ;
#5145 = VECTOR ( 'NONE', #3218, 1000.000000000000000 ) ;
#5146 = UNCERTAINTY_MEASURE_WITH_UNIT (LENGTH_MEASURE( 1.000000000000000100E-005 ), #4578, 'distance_accuracy_value', 'NONE');
#5147 = PLANE ( 'NONE',  #4821 ) ;
#5148 = VERTEX_POINT ( 'NONE', #3118 ) ;
#5149 = DIRECTION ( 'NONE',  ( 0.0000000000000000000, 0.0000000000000000000, 1.000000000000000000 ) ) ;
#5150 = CARTESIAN_POINT ( 'NONE',  ( -6.564732843086535000, 2.538389237197200600, -1.750000000000000200 ) ) ;
#5151 = SPHERICAL_SURFACE ( 'NONE', #1833, 0.1000000000000000100 ) ;
#5152 = CARTESIAN_POINT ( 'NONE',  ( -6.799999999999999800, 5.200000000000000200, -5.000000000000000000 ) ) ;
#5153 =( GEOMETRIC_REPRESENTATION_CONTEXT ( 3 ) GLOBAL_UNCERTAINTY_ASSIGNED_CONTEXT ( ( #4960 ) ) GLOBAL_UNIT_ASSIGNED_CONTEXT ( ( #5193, #2345, #5672 ) ) REPRESENTATION_CONTEXT ( 'NONE', 'WORKASPACE' ) );
#5154 = EDGE_CURVE ( 'NONE', #2872, #507, #5105, .T. ) ;
#5155 = DIRECTION ( 'NONE',  ( -1.000000000000000000, -0.0000000000000000000, -0.0000000000000000000 ) ) ;
#5156 = VECTOR ( 'NONE', #5752, 1000.000000000000000 ) ;
#5157 = FACE_OUTER_BOUND ( 'NONE', #3228, .T. ) ;
#5158 = DIRECTION ( 'NONE',  ( 1.000000000000000000, 0.0000000000000000000, -0.0000000000000000000 ) ) ;
#5160 = EDGE_LOOP ( 'NONE', ( #2043, #4564, #2409, #582, #3598, #4788, #5477, #2839, #4987, #3909 ) ) ;
#5159 = CIRCLE ( 'NONE', #5741, 0.3647328430865350300 ) ;
#5161 = LINE ( 'NONE', #5604, #5016 ) ;
#5162 = CARTESIAN_POINT ( 'NONE',  ( -6.564732843086535000, 0.2403027167644433400, 2.250000000000000400 ) ) ;
#5163 = PRESENTATION_LAYER_ASSIGNMENT (  '', '', ( #4512 ) ) ;
#5164 = VERTEX_POINT ( 'NONE', #4075 ) ;
#5165 = VERTEX_POINT ( 'NONE', #1245 ) ;
#5166 = UNCERTAINTY_MEASURE_WITH_UNIT (LENGTH_MEASURE( 1.000000000000000100E-005 ), #6036, 'distance_accuracy_value', 'NONE');
#5167 = ADVANCED_FACE ( 'NONE', ( #4959 ), #2210, .F. ) ;
#5168 = DIRECTION ( 'NONE',  ( -0.5000000000000006700, -0.8660254037844382600, 0.0000000000000000000 ) ) ;
#5169 = ORIENTED_EDGE ( 'NONE', *, *, #6097, .T. ) ;
#5170 = DIRECTION ( 'NONE',  ( 0.0000000000000000000, 0.0000000000000000000, 1.000000000000000000 ) ) ;
#5171 = STYLED_ITEM ( 'NONE', ( #829 ), #6015 ) ;
#5172 = VERTEX_POINT ( 'NONE', #4093 ) ;
#5173 = DIRECTION ( 'NONE',  ( 1.224646799147353200E-016, -1.000000000000000000, 0.0000000000000000000 ) ) ;
#5174 = MECHANICAL_DESIGN_GEOMETRIC_PRESENTATION_REPRESENTATION (  '', ( #4201 ), #5497 ) ;
#5175 = ORIENTED_EDGE ( 'NONE', *, *, #4115, .F. ) ;
#5176 = LINE ( 'NONE', #2743, #1532 ) ;
#5177 =( LENGTH_UNIT ( ) NAMED_UNIT ( * ) SI_UNIT ( .MILLI., .METRE. ) );
#5178 = EDGE_CURVE ( 'NONE', #5884, #607, #365, .T. ) ;
#5179 = CARTESIAN_POINT ( 'NONE',  ( 0.0000000000000000000, 0.0000000000000000000, -0.5999999999999999800 ) ) ;
#5180 = EDGE_CURVE ( 'NONE', #3859, #3566, #2583, .T. ) ;
#5181 = ORIENTED_EDGE ( 'NONE', *, *, #4272, .T. ) ;
#5182 = ORIENTED_EDGE ( 'NONE', *, *, #2442, .T. ) ;
#5183 = VECTOR ( 'NONE', #5350, 1000.000000000000000 ) ;
#5184 = SURFACE_SIDE_STYLE ('',( #4997 ) ) ;
#5185 = SURFACE_SIDE_STYLE ('',( #2193 ) ) ;
#5186 = VERTEX_POINT ( 'NONE', #4114 ) ;
#5187 = VECTOR ( 'NONE', #2958, 1000.000000000000000 ) ;
#5188 = CARTESIAN_POINT ( 'NONE',  ( -6.200000000000000200, 0.0000000000000000000, 0.2500000000000000000 ) ) ;
#5189 = AXIS2_PLACEMENT_3D ( 'NONE', #4625, #5601, #2750 ) ;
#5190 = EDGE_CURVE ( 'NONE', #4298, #2764, #719, .T. ) ;
#5191 = PLANE ( 'NONE',  #3214 ) ;
#5192 = EDGE_LOOP ( 'NONE', ( #1536, #4494, #2282, #4805, #4963 ) ) ;
#5193 =( LENGTH_UNIT ( ) NAMED_UNIT ( * ) SI_UNIT ( .MILLI., .METRE. ) );
#5194 = LINE ( 'NONE', #1822, #159 ) ;
#5195 = PLANE ( 'NONE',  #4641 ) ;
#5196 = SURFACE_STYLE_FILL_AREA ( #6085 ) ;
#5197 = ADVANCED_FACE ( 'NONE', ( #3233 ), #802, .F. ) ;
#5198 = LINE ( 'NONE', #3337, #3922 ) ;
#5199 = LINE ( 'NONE', #1098, #2674 ) ;
#5200 = CARTESIAN_POINT ( 'NONE',  ( -5.860000000000000300, 5.200000000000000200, 5.000000000000000900 ) ) ;
#5201 = LINE ( 'NONE', #4122, #1400 ) ;
#5202 = FACE_OUTER_BOUND ( 'NONE', #1039, .T. ) ;
#5203 = CARTESIAN_POINT ( 'NONE',  ( -5.440000000000000400, -0.01862330312848323900, -4.309999999999999600 ) ) ;
#5204 =( GEOMETRIC_REPRESENTATION_CONTEXT ( 3 ) GLOBAL_UNCERTAINTY_ASSIGNED_CONTEXT ( ( #2947 ) ) GLOBAL_UNIT_ASSIGNED_CONTEXT ( ( #2807, #6124, #3271 ) ) REPRESENTATION_CONTEXT ( 'NONE', 'WORKASPACE' ) );
#5205 = ORIENTED_EDGE ( 'NONE', *, *, #1015, .F. ) ;
#5206 = VERTEX_POINT ( 'NONE', #1764 ) ;
#5207 = EDGE_CURVE ( 'NONE', #4939, #1849, #287, .T. ) ;
#5208 = AXIS2_PLACEMENT_3D ( 'NONE', #5179, #5661, #2812 ) ;
#5209 = CARTESIAN_POINT ( 'NONE',  ( -6.722357513454902300, -0.1443267468550100400, -1.750000000000000200 ) ) ;
#5210 = ORIENTED_EDGE ( 'NONE', *, *, #4968, .F. ) ;
#5211 = EDGE_LOOP ( 'NONE', ( #2323, #4034, #5464, #1968 ) ) ;
#5212 = FILL_AREA_STYLE_COLOUR ( '', #3362 ) ;
#5213 = EDGE_CURVE ( 'NONE', #3338, #5480, #5176, .T. ) ;
#5214 = EDGE_CURVE ( 'NONE', #3539, #2971, #1372, .T. ) ;
#5215 = VERTEX_POINT ( 'NONE', #844 ) ;
#5216 = CARTESIAN_POINT ( 'NONE',  ( -6.200000000000000200, 3.904292491250290600E-018, 1.750000000000000000 ) ) ;
#5217 = MECHANICAL_DESIGN_GEOMETRIC_PRESENTATION_REPRESENTATION (  '', ( #4567 ), #5548 ) ;
#5218 = LINE ( 'NONE', #4527, #2695 ) ;
#5219 = UNCERTAINTY_MEASURE_WITH_UNIT (LENGTH_MEASURE( 1.000000000000000100E-005 ), #3526, 'distance_accuracy_value', 'NONE');
#5220 = CARTESIAN_POINT ( 'NONE',  ( -6.799999999999999800, 3.903754866958950000E-018, 2.500000000000000000 ) ) ;
#5221 = DIRECTION ( 'NONE',  ( -0.0000000000000000000, 0.0000000000000000000, 1.000000000000000000 ) ) ;
#5222 = CARTESIAN_POINT ( 'NONE',  ( -6.564732843086535000, 0.2403027167644433400, -1.750000000000000200 ) ) ;
#5223 = LINE ( 'NONE', #2075, #1422 ) ;
#5224 = ADVANCED_FACE ( 'NONE', ( #3744 ), #5135, .F. ) ;
#5225 = VECTOR ( 'NONE', #5648, 1000.000000000000000 ) ;
#5226 = DIRECTION ( 'NONE',  ( -1.000000000000000000, -1.224646799147353200E-016, 0.0000000000000000000 ) ) ;
#5227 = ORIENTED_EDGE ( 'NONE', *, *, #3000, .F. ) ;
#5228 = LINE ( 'NONE', #4709, #5080 ) ;
#5229 = DIRECTION ( 'NONE',  ( 0.0000000000000000000, 1.000000000000000000, 0.0000000000000000000 ) ) ;
#5230 = COLOUR_RGB ( '',0.8000000000000000400, 0.8039215686274510100, 0.8000000000000000400 ) ;
#5231 = VERTEX_POINT ( 'NONE', #4156 ) ;
#5232 = LINE ( 'NONE', #789, #3959 ) ;
#5233 = LINE ( 'NONE', #1886, #3807 ) ;
#5234 = DIRECTION ( 'NONE',  ( 1.000000000000000000, 0.0000000000000000000, 0.0000000000000000000 ) ) ;
#5235 = DIRECTION ( 'NONE',  ( 1.224646799147353200E-016, -1.000000000000000000, 0.0000000000000000000 ) ) ;
#5236 = VERTEX_POINT ( 'NONE', #3229 ) ;
#5237 = CARTESIAN_POINT ( 'NONE',  ( -5.000000000000000000, 4.699999999999999300, -2.544999999999999900 ) ) ;
#5238 = CYLINDRICAL_SURFACE ( 'NONE', #1185, 0.09999999999999999200 ) ;
#5239 = EDGE_CURVE ( 'NONE', #2464, #4204, #1232, .T. ) ;
#5240 = DIRECTION ( 'NONE',  ( 0.0000000000000000000, 0.0000000000000000000, 1.000000000000000000 ) ) ;
#5241 = MECHANICAL_DESIGN_GEOMETRIC_PRESENTATION_REPRESENTATION (  '', ( #4275 ), #5573 ) ;
#5242 = ORIENTED_EDGE ( 'NONE', *, *, #1700, .T. ) ;
#5243 =( NAMED_UNIT ( * ) PLANE_ANGLE_UNIT ( ) SI_UNIT ( $, .RADIAN. ) );
#5244 = PRESENTATION_STYLE_ASSIGNMENT (( #5986 ) ) ;
#5245 = CARTESIAN_POINT ( 'NONE',  ( -0.2000000000000005100, 8.387259308617862300E-017, -0.1972649730810376300 ) ) ;
#5246 = FILL_AREA_STYLE ('',( #1903 ) ) ;
#5247 = ORIENTED_EDGE ( 'NONE', *, *, #3411, .F. ) ;
#5248 = LINE ( 'NONE', #748, #1607 ) ;
#5249 = DIRECTION ( 'NONE',  ( 0.0000000000000000000, 0.0000000000000000000, -1.000000000000000000 ) ) ;
#5250 = AXIS2_PLACEMENT_3D ( 'NONE', #369, #819, #6063 ) ;
#5251 = DIRECTION ( 'NONE',  ( 0.0000000000000000000, 0.0000000000000000000, -1.000000000000000000 ) ) ;
#5252 = FACE_OUTER_BOUND ( 'NONE', #1136, .T. ) ;
#5253 = DIRECTION ( 'NONE',  ( 1.000000000000000000, 1.224646799147353200E-016, -0.0000000000000000000 ) ) ;
#5254 = ORIENTED_EDGE ( 'NONE', *, *, #3221, .T. ) ;
#5255 = CARTESIAN_POINT ( 'NONE',  ( -0.2000000000000005100, 1.649999999999999900, -0.2550000000000002300 ) ) ;
#5256 = ORIENTED_EDGE ( 'NONE', *, *, #1313, .F. ) ;
#5257 = VECTOR ( 'NONE', #2896, 1000.000000000000000 ) ;
#5258 = ADVANCED_FACE ( 'NONE', ( #4877 ), #406, .T. ) ;
#5259 = FACE_OUTER_BOUND ( 'NONE', #1187, .T. ) ;
#5260 = FILL_AREA_STYLE ('',( #1449 ) ) ;
#5261 = DIRECTION ( 'NONE',  ( 1.000000000000000000, 1.224646799147353200E-016, 1.281184251090699400E-016 ) ) ;
#5262 = ORIENTED_EDGE ( 'NONE', *, *, #5533, .T. ) ;
#5263 =( GEOMETRIC_REPRESENTATION_CONTEXT ( 3 ) GLOBAL_UNCERTAINTY_ASSIGNED_CONTEXT ( ( #3958 ) ) GLOBAL_UNIT_ASSIGNED_CONTEXT ( ( #1480, #4803, #1962 ) ) REPRESENTATION_CONTEXT ( 'NONE', 'WORKASPACE' ) );
#5264 = EDGE_CURVE ( 'NONE', #5992, #5504, #3899, .T. ) ;
#5265 = DIRECTION ( 'NONE',  ( -1.000000000000000000, 0.0000000000000000000, 2.834515483622233600E-016 ) ) ;
#5266 = SPHERICAL_SURFACE ( 'NONE', #579, 0.1000000000000000100 ) ;
#5267 = DIRECTION ( 'NONE',  ( -1.224646799147353200E-016, 1.000000000000000000, 5.473822126268816700E-048 ) ) ;
#5268 = ORIENTED_EDGE ( 'NONE', *, *, #1394, .T. ) ;
#5269 = UNCERTAINTY_MEASURE_WITH_UNIT (LENGTH_MEASURE( 1.000000000000000100E-005 ), #3298, 'distance_accuracy_value', 'NONE');
#5270 = DIRECTION ( 'NONE',  ( -1.224646799147353200E-016, 1.000000000000000000, 2.736911063134408300E-048 ) ) ;
#5271 = AXIS2_PLACEMENT_3D ( 'NONE', #709, #4985, #2144 ) ;
#5272 = EDGE_CURVE ( 'NONE', #1240, #2754, #2512, .T. ) ;
#5273 = DIRECTION ( 'NONE',  ( -1.224646799147353200E-016, 1.000000000000000000, -0.0000000000000000000 ) ) ;
#5274 = VERTEX_POINT ( 'NONE', #2784 ) ;
#5275 = VECTOR ( 'NONE', #4984, 1000.000000000000000 ) ;
#5276 = CARTESIAN_POINT ( 'NONE',  ( -5.000000000000000000, 0.0000000000000000000, 0.0000000000000000000 ) ) ;
#5277 = DIRECTION ( 'NONE',  ( -0.5000000000000006700, 0.8660254037844382600, 0.0000000000000000000 ) ) ;
#5278 = LINE ( 'NONE', #2314, #4000 ) ;
#5279 = CARTESIAN_POINT ( 'NONE',  ( -0.1316654088139880300, 2.062811978464829600, -0.1578119784648293100 ) ) ;
#5280 = LINE ( 'NONE', #4397, #2749 ) ;
#5281 = CARTESIAN_POINT ( 'NONE',  ( -6.564732843086535000, 0.2403027167644433400, 2.250000000000000400 ) ) ;
#5282 = EDGE_LOOP ( 'NONE', ( #2717, #1760, #1857, #5687 ) ) ;
#5283 = DIRECTION ( 'NONE',  ( 1.000000000000000000, -0.0000000000000000000, -0.0000000000000000000 ) ) ;
#5284 = DIRECTION ( 'NONE',  ( -0.0000000000000000000, 1.000000000000000000, -0.0000000000000000000 ) ) ;
#5285 = EDGE_CURVE ( 'NONE', #3894, #4510, #3604, .T. ) ;
#5286 = PRODUCT_DEFINITION_CONTEXT ( 'detailed design', #4636, 'design' ) ;
#5287 = CARTESIAN_POINT ( 'NONE',  ( 0.8300000000000005200, 1.016456843292303900E-016, -2.084999999999999500 ) ) ;
#5288 = EDGE_LOOP ( 'NONE', ( #721, #2137, #6008, #155 ) ) ;
#5289 = VERTEX_POINT ( 'NONE', #879 ) ;
#5290 = CARTESIAN_POINT ( 'NONE',  ( 0.0000000000000000000, 0.0000000000000000000, -3.810000000000000100 ) ) ;
#5291 = MECHANICAL_DESIGN_GEOMETRIC_PRESENTATION_REPRESENTATION (  '', ( #4314 ), #5611 ) ;
#5292 = ADVANCED_FACE ( 'NONE', ( #5031 ), #4199, .F. ) ;
#5293 = CARTESIAN_POINT ( 'NONE',  ( -6.799999999999999800, 5.200000000000000200, 5.000000000000000000 ) ) ;
#5294 = ORIENTED_EDGE ( 'NONE', *, *, #4178, .T. ) ;
#5295 = AXIS2_PLACEMENT_3D ( 'NONE', #618, #3919, #1082 ) ;
#5296 = CARTESIAN_POINT ( 'NONE',  ( -0.3000000000000016500, 1.649999999999999900, -2.254999999999999900 ) ) ;
#5297 = DIRECTION ( 'NONE',  ( -0.0000000000000000000, 1.000000000000000000, 4.251773225433350700E-016 ) ) ;
#5298 = VECTOR ( 'NONE', #2713, 1000.000000000000000 ) ;
#5299 = PLANE ( 'NONE',  #2857 ) ;
#5300 = CARTESIAN_POINT ( 'NONE',  ( -5.000000000000000000, 3.629999999999999900, -2.544999999999999900 ) ) ;
#5301 = VERTEX_POINT ( 'NONE', #3741 ) ;
#5302 = EDGE_CURVE ( 'NONE', #212, #1264, #1889, .T. ) ;
#5303 = FACE_OUTER_BOUND ( 'NONE', #1301, .T. ) ;
#5304 = DIRECTION ( 'NONE',  ( 0.0000000000000000000, -1.000000000000000000, 0.0000000000000000000 ) ) ;
#5305 = CARTESIAN_POINT ( 'NONE',  ( -5.000000000000000000, 2.159999999999985900, 2.254999999999999900 ) ) ;
#5306 = LINE ( 'NONE', #974, #261 ) ;
#5307 = CARTESIAN_POINT ( 'NONE',  ( 1.299999999999994000, 1.760000000000000000, -4.309999999999999600 ) ) ;
#5308 =( NAMED_UNIT ( * ) SI_UNIT ( $, .STERADIAN. ) SOLID_ANGLE_UNIT ( ) );
#5309 = FACE_OUTER_BOUND ( 'NONE', #4413, .T. ) ;
#5310 =( NAMED_UNIT ( * ) SI_UNIT ( $, .STERADIAN. ) SOLID_ANGLE_UNIT ( ) );
#5311 = CYLINDRICAL_SURFACE ( 'NONE', #70, 0.6860591096414115900 ) ;
#5312 = CARTESIAN_POINT ( 'NONE',  ( -5.000000000000000000, 3.629999999999999900, -0.8499999999999996400 ) ) ;
#5313 = EDGE_CURVE ( 'NONE', #4298, #2202, #4258, .T. ) ;
#5314 = CARTESIAN_POINT ( 'NONE',  ( -4.500000000000000900, -0.4200000000000008200, 3.809999999999999600 ) ) ;
#5316 = VERTEX_POINT ( 'NONE', #5674 ) ;
#5315 = CYLINDRICAL_SURFACE ( 'NONE', #5430, 0.6860591096414115900 ) ;
#5317 = CARTESIAN_POINT ( 'NONE',  ( -5.500000000000000000, 0.0000000000000000000, 0.0000000000000000000 ) ) ;
#5318 = SURFACE_STYLE_FILL_AREA ( #2054 ) ;
#5319 =( LENGTH_UNIT ( ) NAMED_UNIT ( * ) SI_UNIT ( .MILLI., .METRE. ) );
#5320 = CYLINDRICAL_SURFACE ( 'NONE', #3144, 0.09999999999999982500 ) ;
#5321 = CARTESIAN_POINT ( 'NONE',  ( 0.0000000000000000000, 0.0000000000000000000, 5.000000000000000000 ) ) ;
#5322 = EDGE_LOOP ( 'NONE', ( #196, #2058, #577, #5777 ) ) ;
#5323 = ORIENTED_EDGE ( 'NONE', *, *, #1424, .T. ) ;
#5324 = EDGE_LOOP ( 'NONE', ( #1280, #2951, #4870, #1674, #1826, #5339, #5182, #5242, #494, #1310 ) ) ;
#5325 = PLANE ( 'NONE',  #3491 ) ;
#5326 = DIRECTION ( 'NONE',  ( -1.668003342285392500E-016, -1.967596697991768700E-032, 1.000000000000000000 ) ) ;
#5327 = ORIENTED_EDGE ( 'NONE', *, *, #4829, .T. ) ;
#5328 = ORIENTED_EDGE ( 'NONE', *, *, #5910, .F. ) ;
#5329 =( LENGTH_UNIT ( ) NAMED_UNIT ( * ) SI_UNIT ( .MILLI., .METRE. ) );
#5330 = COLOUR_RGB ( '',0.8000000000000000400, 0.8039215686274510100, 0.8000000000000000400 ) ;
#5331 = PRESENTATION_LAYER_ASSIGNMENT (  '', '', ( #4678 ) ) ;
#5332 = CARTESIAN_POINT ( 'NONE',  ( 0.4299999999999996600, 9.305929820297226500, 1.684999999999999800 ) ) ;
#5333 = EDGE_CURVE ( 'NONE', #451, #1719, #5544, .T. ) ;
#5334 = DIRECTION ( 'NONE',  ( -1.000000000000000000, 0.0000000000000000000, -0.0000000000000000000 ) ) ;
#5335 = SURFACE_STYLE_FILL_AREA ( #3914 ) ;
#5336 = STYLED_ITEM ( 'NONE', ( #4372 ), #739 ) ;
#5337 = ORIENTED_EDGE ( 'NONE', *, *, #5213, .T. ) ;
#5338 = PLANE ( 'NONE',  #1799 ) ;
#5339 = ORIENTED_EDGE ( 'NONE', *, *, #1356, .T. ) ;
#5340 = VECTOR ( 'NONE', #3896, 1000.000000000000000 ) ;
#5341 = CARTESIAN_POINT ( 'NONE',  ( -5.500000000000000000, 0.5000000000000004400, -1.350000000000000100 ) ) ;
#5342 = VECTOR ( 'NONE', #5909, 1000.000000000000000 ) ;
#5343 = FACE_OUTER_BOUND ( 'NONE', #2913, .T. ) ;
#5344 = DIRECTION ( 'NONE',  ( 1.000000000000000000, 0.0000000000000000000, -0.0000000000000000000 ) ) ;
#5345 = EDGE_CURVE ( 'NONE', #278, #1006, #1741, .T. ) ;
#5346 = ORIENTED_EDGE ( 'NONE', *, *, #1951, .F. ) ;
#5347 = CARTESIAN_POINT ( 'NONE',  ( 0.8299999999999995200, 9.305929820297226500, -1.684999999999999800 ) ) ;
#5348 = PRESENTATION_STYLE_ASSIGNMENT (( #122 ) ) ;
#5349 = ORIENTED_EDGE ( 'NONE', *, *, #2091, .T. ) ;
#5350 = DIRECTION ( 'NONE',  ( 1.000000000000000000, 1.224646799147353200E-016, 1.281184251090699400E-016 ) ) ;
#5351 = DIRECTION ( 'NONE',  ( 0.0000000000000000000, -1.000000000000000000, -4.251773225433350200E-016 ) ) ;
#5352 = LINE ( 'NONE', #6087, #306 ) ;
#5353 = LINE ( 'NONE', #4154, #2816 ) ;
#5354 = EDGE_CURVE ( 'NONE', #3426, #3735, #4104, .T. ) ;
#5355 = CARTESIAN_POINT ( 'NONE',  ( -6.919660186493931800, -1.980000000000000000, 2.250000000000000400 ) ) ;
#5356 = SURFACE_STYLE_FILL_AREA ( #1013 ) ;
#5357 = CARTESIAN_POINT ( 'NONE',  ( -5.860000000000000300, 0.0000000000000000000, -5.000000000000000000 ) ) ;
#5358 = FACE_OUTER_BOUND ( 'NONE', #5481, .T. ) ;
#5359 =( NAMED_UNIT ( * ) PLANE_ANGLE_UNIT ( ) SI_UNIT ( $, .RADIAN. ) );
#5360 = ORIENTED_EDGE ( 'NONE', *, *, #3002, .F. ) ;
#5361 = VECTOR ( 'NONE', #5265, 1000.000000000000000 ) ;
#5362 = CARTESIAN_POINT ( 'NONE',  ( -5.069999999999999400, 0.5000000000000004400, -0.3960850015576333800 ) ) ;
#5363 = UNCERTAINTY_MEASURE_WITH_UNIT (LENGTH_MEASURE( 1.000000000000000100E-005 ), #2831, 'distance_accuracy_value', 'NONE');
#5364 = ORIENTED_EDGE ( 'NONE', *, *, #2680, .F. ) ;
#5365 = VERTEX_POINT ( 'NONE', #20 ) ;
#5366 =( NAMED_UNIT ( * ) SI_UNIT ( $, .STERADIAN. ) SOLID_ANGLE_UNIT ( ) );
#5367 = DIRECTION ( 'NONE',  ( 0.0000000000000000000, -4.251773225433350200E-016, 1.000000000000000000 ) ) ;
#5368 = ORIENTED_EDGE ( 'NONE', *, *, #2974, .F. ) ;
#5369 = ORIENTED_EDGE ( 'NONE', *, *, #2932, .F. ) ;
#5370 =( GEOMETRIC_REPRESENTATION_CONTEXT ( 3 ) GLOBAL_UNCERTAINTY_ASSIGNED_CONTEXT ( ( #2309 ) ) GLOBAL_UNIT_ASSIGNED_CONTEXT ( ( #5409, #3981, #1139 ) ) REPRESENTATION_CONTEXT ( 'NONE', 'WORKASPACE' ) );
#5371 = DIRECTION ( 'NONE',  ( -0.0000000000000000000, 1.000000000000000000, -0.0000000000000000000 ) ) ;
#5372 = ORIENTED_EDGE ( 'NONE', *, *, #4300, .T. ) ;
#5373 = VECTOR ( 'NONE', #4590, 1000.000000000000000 ) ;
#5374 = SURFACE_SIDE_STYLE ('',( #1077 ) ) ;
#5375 = LINE ( 'NONE', #2637, #2553 ) ;
#5376 = COLOUR_RGB ( '',0.8000000000000000400, 0.8039215686274510100, 0.8000000000000000400 ) ;
#5377 = VECTOR ( 'NONE', #3025, 1000.000000000000000 ) ;
#5378 = SURFACE_SIDE_STYLE ('',( #5318 ) ) ;
#5379 = CARTESIAN_POINT ( 'NONE',  ( -6.200000000000000200, 2.903122080283735000, 0.2500000000000000000 ) ) ;
#5380 = EDGE_CURVE ( 'NONE', #3419, #5398, #1591, .T. ) ;
#5381 = CARTESIAN_POINT ( 'NONE',  ( -1.500000000000000000, -1.836970198721029900E-016, 5.000000000000000000 ) ) ;
#5382 = AXIS2_PLACEMENT_3D ( 'NONE', #1812, #6096, #5143 ) ;
#5383 = EDGE_CURVE ( 'NONE', #2884, #1561, #490, .T. ) ;
#5384 = VERTEX_POINT ( 'NONE', #2371 ) ;
#5385 = COLOUR_RGB ( '',0.8000000000000000400, 0.8039215686274510100, 0.8000000000000000400 ) ;
#5386 = LINE ( 'NONE', #2308, #1583 ) ;
#5387 = DIRECTION ( 'NONE',  ( 1.000000000000000000, -0.0000000000000000000, -0.0000000000000000000 ) ) ;
#5388 = DIRECTION ( 'NONE',  ( -0.0000000000000000000, -0.0000000000000000000, -1.000000000000000000 ) ) ;
#5389 = VECTOR ( 'NONE', #2381, 1000.000000000000000 ) ;
#5390 = ORIENTED_EDGE ( 'NONE', *, *, #3000, .T. ) ;
#5391 = VECTOR ( 'NONE', #1723, 1000.000000000000000 ) ;
#5392 = VECTOR ( 'NONE', #3758, 1000.000000000000000 ) ;
#5393 = PRESENTATION_LAYER_ASSIGNMENT (  '', '', ( #4420 ) ) ;
#5394 = EDGE_CURVE ( 'NONE', #5733, #5442, #5233, .T. ) ;
#5395 = ADVANCED_FACE ( 'NONE', ( #5089 ), #1905, .T. ) ;
#5396 = EDGE_LOOP ( 'NONE', ( #274, #3730, #2494, #1062 ) ) ;
#5397 = CARTESIAN_POINT ( 'NONE',  ( 0.0000000000000000000, 0.0000000000000000000, 5.000000000000000000 ) ) ;
#5398 = VERTEX_POINT ( 'NONE', #4750 ) ;
#5399 = ORIENTED_EDGE ( 'NONE', *, *, #1601, .T. ) ;
#5400 = DIRECTION ( 'NONE',  ( 0.0000000000000000000, 0.0000000000000000000, 1.000000000000000000 ) ) ;
#5401 = LINE ( 'NONE', #1131, #1599 ) ;
#5402 = PLANE ( 'NONE',  #1399 ) ;
#5403 = ORIENTED_EDGE ( 'NONE', *, *, #3655, .T. ) ;
#5404 = CARTESIAN_POINT ( 'NONE',  ( 5.008805408512673600E-016, 4.129999999999999900, 2.044999999999999900 ) ) ;
#5405 = DIRECTION ( 'NONE',  ( 0.0000000000000000000, 1.000000000000000000, 0.0000000000000000000 ) ) ;
#5406 = LINE ( 'NONE', #1242, #1753 ) ;
#5407 =( LENGTH_UNIT ( ) NAMED_UNIT ( * ) SI_UNIT ( .MILLI., .METRE. ) );
#5408 = DIRECTION ( 'NONE',  ( -1.224646799147353200E-016, 1.000000000000000000, 2.736911063134408300E-048 ) ) ;
#5409 =( LENGTH_UNIT ( ) NAMED_UNIT ( * ) SI_UNIT ( .MILLI., .METRE. ) );
#5410 = ORIENTED_EDGE ( 'NONE', *, *, #4769, .T. ) ;
#5411 = DIRECTION ( 'NONE',  ( 0.0000000000000000000, 0.0000000000000000000, 1.000000000000000000 ) ) ;
#5412 = ORIENTED_EDGE ( 'NONE', *, *, #5503, .F. ) ;
#5413 = DIRECTION ( 'NONE',  ( -0.0000000000000000000, 0.0000000000000000000, -1.000000000000000000 ) ) ;
#5414 = LINE ( 'NONE', #97, #1611 ) ;
#5415 = ORIENTED_EDGE ( 'NONE', *, *, #392, .T. ) ;
#5416 = CARTESIAN_POINT ( 'NONE',  ( -0.3000000000000016500, 2.160000000000000100, -2.254999999999999900 ) ) ;
#5417 = VECTOR ( 'NONE', #940, 1000.000000000000000 ) ;
#5418 = FILL_AREA_STYLE ('',( #4448 ) ) ;
#5419 = EDGE_CURVE ( 'NONE', #1249, #2541, #203, .T. ) ;
#5420 = ORIENTED_EDGE ( 'NONE', *, *, #4562, .T. ) ;
#5421 =( NAMED_UNIT ( * ) PLANE_ANGLE_UNIT ( ) SI_UNIT ( $, .RADIAN. ) );
#5422 = COLOUR_RGB ( '',0.8000000000000000400, 0.8039215686274510100, 0.8000000000000000400 ) ;
#5423 = ADVANCED_FACE ( 'NONE', ( #2570 ), #3331, .T. ) ;
#5424 = CARTESIAN_POINT ( 'NONE',  ( -6.799999999999999800, -8.327598234202001100E-016, -3.810000000000000100 ) ) ;
#5425 = AXIS2_PLACEMENT_3D ( 'NONE', #4379, #4868, #2023 ) ;
#5426 = LINE ( 'NONE', #264, #5275 ) ;
#5427 = CARTESIAN_POINT ( 'NONE',  ( 0.8299999999999995200, 9.305929820297226500, 2.085000000000000000 ) ) ;
#5428 = DIRECTION ( 'NONE',  ( -1.000000000000000000, 0.0000000000000000000, 0.0000000000000000000 ) ) ;
#5429 = FACE_OUTER_BOUND ( 'NONE', #3108, .T. ) ;
#5430 = AXIS2_PLACEMENT_3D ( 'NONE', #4271, #2378, #971 ) ;
#5431 = EDGE_CURVE ( 'NONE', #4073, #3978, #4941, .T. ) ;
#5432 = DIRECTION ( 'NONE',  ( -1.000000000000000000, -1.224646799147353200E-016, -1.668003342285392800E-016 ) ) ;
#5433 = CARTESIAN_POINT ( 'NONE',  ( -6.699999999999999300, -0.3000000000000008200, 3.349999999999999600 ) ) ;
#5434 = ORIENTED_EDGE ( 'NONE', *, *, #2604, .T. ) ;
#5435 = EDGE_LOOP ( 'NONE', ( #390, #2357, #3689, #353, #1850, #2024 ) ) ;
#5436 = CARTESIAN_POINT ( 'NONE',  ( -0.2000000000000005100, 2.102264973081036500, 0.0000000000000000000 ) ) ;
#5437 =( NAMED_UNIT ( * ) PLANE_ANGLE_UNIT ( ) SI_UNIT ( $, .RADIAN. ) );
#5438 = DIRECTION ( 'NONE',  ( 1.000000000000000000, 1.224646799147353200E-016, 2.562368502181398800E-016 ) ) ;
#5439 = ORIENTED_EDGE ( 'NONE', *, *, #1000, .T. ) ;
#5440 = ORIENTED_EDGE ( 'NONE', *, *, #5762, .T. ) ;
#5441 = FILL_AREA_STYLE ('',( #2120 ) ) ;
#5442 = VERTEX_POINT ( 'NONE', #508 ) ;
#5443 = CARTESIAN_POINT ( 'NONE',  ( 2.067194771204602200, 1.317059892324148600, 3.692940107675852300 ) ) ;
#5444 = VECTOR ( 'NONE', #1270, 999.9999999999998900 ) ;
#5445 =( GEOMETRIC_REPRESENTATION_CONTEXT ( 3 ) GLOBAL_UNCERTAINTY_ASSIGNED_CONTEXT ( ( #3649 ) ) GLOBAL_UNIT_ASSIGNED_CONTEXT ( ( #5329, #2483, #5803 ) ) REPRESENTATION_CONTEXT ( 'NONE', 'WORKASPACE' ) );
#5446 = EDGE_CURVE ( 'NONE', #3898, #4532, #2418, .T. ) ;
#5447 = DIRECTION ( 'NONE',  ( 0.0000000000000000000, -0.0000000000000000000, 1.000000000000000000 ) ) ;
#5448 = CARTESIAN_POINT ( 'NONE',  ( 1.799999999999998900, 0.5000000000000004400, -2.085000000000000400 ) ) ;
#5449 = DIRECTION ( 'NONE',  ( -1.000000000000000000, 0.0000000000000000000, 0.0000000000000000000 ) ) ;
#5450 = ADVANCED_FACE ( 'NONE', ( #3666 ), #2892, .F. ) ;
#5451 = FACE_OUTER_BOUND ( 'NONE', #1220, .T. ) ;
#5452 = VECTOR ( 'NONE', #4285, 1000.000000000000000 ) ;
#5453 = DIRECTION ( 'NONE',  ( -0.0000000000000000000, -0.0000000000000000000, -1.000000000000000000 ) ) ;
#5454 = VERTEX_POINT ( 'NONE', #4790 ) ;
#5455 = CARTESIAN_POINT ( 'NONE',  ( -6.239582562299435000, 0.4999999999999995600, -1.102980021920952000 ) ) ;
#5456 = VERTEX_POINT ( 'NONE', #2912 ) ;
#5457 =( BOUNDED_CURVE ( )  B_SPLINE_CURVE ( 3, ( #1168, #4007, #699, #1643 ),
 .UNSPECIFIED., .F., .T. ) 
 B_SPLINE_CURVE_WITH_KNOTS ( ( 4, 4 ),
 ( 3.141592653589793100, 4.712388980384689700 ),
 .UNSPECIFIED. ) 
 CURVE ( )  GEOMETRIC_REPRESENTATION_ITEM ( )  RATIONAL_B_SPLINE_CURVE ( ( 1.000000000000000000, 0.8047378541243649400, 0.8047378541243649400, 1.000000000000000000 ) ) 
 REPRESENTATION_ITEM ( '' )  );
#5458 = COLOUR_RGB ( '',0.8000000000000000400, 0.8039215686274510100, 0.8000000000000000400 ) ;
#5459 = CARTESIAN_POINT ( 'NONE',  ( -6.919660186493931800, -1.980000000000000000, 0.2500000000000000000 ) ) ;
#5460 = FACE_OUTER_BOUND ( 'NONE', #5160, .T. ) ;
#5461 = CARTESIAN_POINT ( 'NONE',  ( -6.799999999999999800, 3.903754866958950000E-018, -2.500000000000000000 ) ) ;
#5462 = AXIS2_PLACEMENT_3D ( 'NONE', #3777, #4722, #14 ) ;
#5463 = EDGE_CURVE ( 'NONE', #3296, #1403, #55, .T. ) ;
#5464 = ORIENTED_EDGE ( 'NONE', *, *, #690, .F. ) ;
#5465 = ORIENTED_EDGE ( 'NONE', *, *, #3838, .T. ) ;
#5466 = CARTESIAN_POINT ( 'NONE',  ( -2.942483459775965000, 4.209398967534167600, -4.309999999999999600 ) ) ;
#5467 = CARTESIAN_POINT ( 'NONE',  ( -7.112823952774906600, 0.2403027167644433400, 0.2500000000000000000 ) ) ;
#5468 = PRESENTATION_STYLE_ASSIGNMENT (( #5021 ) ) ;
#5469 = CARTESIAN_POINT ( 'NONE',  ( -0.1299999999999987800, -0.3000000000000000400, -3.349999999999999600 ) ) ;
#5470 = ORIENTED_EDGE ( 'NONE', *, *, #186, .F. ) ;
#5471 = CARTESIAN_POINT ( 'NONE',  ( -6.799999999999998900, 5.200000000000000200, 2.815000000000000400 ) ) ;
#5472 = ORIENTED_EDGE ( 'NONE', *, *, #5272, .F. ) ;
#5473 = STYLED_ITEM ( 'NONE', ( #5120 ), #4721 ) ;
#5474 = DIRECTION ( 'NONE',  ( -0.0000000000000000000, -1.000000000000000000, -0.0000000000000000000 ) ) ;
#5475 = EDGE_CURVE ( 'NONE', #1298, #5816, #2712, .T. ) ;
#5476 = LINE ( 'NONE', #5459, #1825 ) ;
#5477 = ORIENTED_EDGE ( 'NONE', *, *, #6144, .F. ) ;
#5478 = FACE_OUTER_BOUND ( 'NONE', #1034, .T. ) ;
#5479 = PLANE ( 'NONE',  #454 ) ;
#5480 = VERTEX_POINT ( 'NONE', #1488 ) ;
#5481 = EDGE_LOOP ( 'NONE', ( #1045, #2315, #1339, #1943, #3352, #5670 ) ) ;
#5482 =( NAMED_UNIT ( * ) SI_UNIT ( $, .STERADIAN. ) SOLID_ANGLE_UNIT ( ) );
#5483 = SURFACE_STYLE_FILL_AREA ( #3532 ) ;
#5484 = ADVANCED_FACE ( 'NONE', ( #5907 ), #5299, .F. ) ;
#5485 = CARTESIAN_POINT ( 'NONE',  ( 0.4300000000000010500, 0.5000000000000011100, -0.3960850015576333800 ) ) ;
#5486 = ORIENTED_EDGE ( 'NONE', *, *, #4576, .T. ) ;
#5487 = LINE ( 'NONE', #3567, #4348 ) ;
#5488 = MECHANICAL_DESIGN_GEOMETRIC_PRESENTATION_REPRESENTATION (  '', ( #4512 ), #5807 ) ;
#5489 = ORIENTED_EDGE ( 'NONE', *, *, #4272, .F. ) ;
#5490 = DIRECTION ( 'NONE',  ( -0.0000000000000000000, -0.0000000000000000000, -1.000000000000000000 ) ) ;
#5491 = CARTESIAN_POINT ( 'NONE',  ( -0.3000000000000016500, 2.160000000000000100, -1.745000000000000100 ) ) ;
#5492 = CARTESIAN_POINT ( 'NONE',  ( -6.200000000000000200, 2.538389237197199200, 1.750000000000000000 ) ) ;
#5493 = VECTOR ( 'NONE', #3394, 1000.000000000000000 ) ;
#5494 = ORIENTED_EDGE ( 'NONE', *, *, #3143, .T. ) ;
#5495 = AXIS2_PLACEMENT_3D ( 'NONE', #3056, #227, #3522 ) ;
#5496 = VECTOR ( 'NONE', #371, 1000.000000000000000 ) ;
#5497 =( GEOMETRIC_REPRESENTATION_CONTEXT ( 3 ) GLOBAL_UNCERTAINTY_ASSIGNED_CONTEXT ( ( #224 ) ) GLOBAL_UNIT_ASSIGNED_CONTEXT ( ( #566, #3872, #1032 ) ) REPRESENTATION_CONTEXT ( 'NONE', 'WORKASPACE' ) );
#5498 =( NAMED_UNIT ( * ) PLANE_ANGLE_UNIT ( ) SI_UNIT ( $, .RADIAN. ) );
#5499 = FACE_OUTER_BOUND ( 'NONE', #1973, .T. ) ;
#5500 = SPHERICAL_SURFACE ( 'NONE', #2631, 0.1000000000000000100 ) ;
#5501 = EDGE_CURVE ( 'NONE', #2197, #688, #986, .T. ) ;
#5502 = AXIS2_PLACEMENT_3D ( 'NONE', #4933, #2090, #5413 ) ;
#5503 = EDGE_CURVE ( 'NONE', #923, #3670, #4783, .T. ) ;
#5504 = VERTEX_POINT ( 'NONE', #563 ) ;
#5505 = DIRECTION ( 'NONE',  ( 0.0000000000000000000, 0.0000000000000000000, -1.000000000000000000 ) ) ;
#5506 =( LENGTH_UNIT ( ) NAMED_UNIT ( * ) SI_UNIT ( .MILLI., .METRE. ) );
#5507 = FACE_OUTER_BOUND ( 'NONE', #3552, .T. ) ;
#5508 = DIRECTION ( 'NONE',  ( 1.000000000000000000, 1.224646799147353200E-016, -0.0000000000000000000 ) ) ;
#5509 = DIRECTION ( 'NONE',  ( 1.224646799147353200E-016, -1.000000000000000000, 0.0000000000000000000 ) ) ;
#5510 = DIRECTION ( 'NONE',  ( -0.0000000000000000000, -0.0000000000000000000, 1.000000000000000000 ) ) ;
#5511 = VERTEX_POINT ( 'NONE', #1028 ) ;
#5512 = VERTEX_POINT ( 'NONE', #4832 ) ;
#5513 = DIRECTION ( 'NONE',  ( 0.0000000000000000000, 0.0000000000000000000, -1.000000000000000000 ) ) ;
#5514 = PRESENTATION_LAYER_ASSIGNMENT (  '', '', ( #4867 ) ) ;
#5515 = EDGE_CURVE ( 'NONE', #4520, #963, #3217, .T. ) ;
#5516 = VERTEX_POINT ( 'NONE', #1994 ) ;
#5517 = ADVANCED_FACE ( 'NONE', ( #843 ), #5325, .T. ) ;
#5518 = ORIENTED_EDGE ( 'NONE', *, *, #2407, .T. ) ;
#5519 = DIRECTION ( 'NONE',  ( -0.0000000000000000000, 0.0000000000000000000, 1.000000000000000000 ) ) ;
#5520 = DIRECTION ( 'NONE',  ( -0.0000000000000000000, -0.0000000000000000000, -1.000000000000000000 ) ) ;
#5521 = FACE_OUTER_BOUND ( 'NONE', #2786, .T. ) ;
#5522 = ORIENTED_EDGE ( 'NONE', *, *, #137, .F. ) ;
#5523 = CARTESIAN_POINT ( 'NONE',  ( -5.860000000000000300, 0.0000000000000000000, 4.309999999999999600 ) ) ;
#5524 = LINE ( 'NONE', #5552, #331 ) ;
#5525 = VECTOR ( 'NONE', #2012, 1000.000000000000000 ) ;
#5526 = DIRECTION ( 'NONE',  ( -0.9196686453133634500, 0.3926952798640224700, 0.0000000000000000000 ) ) ;
#5527 = FACE_OUTER_BOUND ( 'NONE', #3967, .T. ) ;
#5528 = VECTOR ( 'NONE', #2034, 1000.000000000000000 ) ;
#5529 = FILL_AREA_STYLE ('',( #324 ) ) ;
#5530 = DIRECTION ( 'NONE',  ( 0.0000000000000000000, 0.0000000000000000000, 1.000000000000000000 ) ) ;
#5531 = CARTESIAN_POINT ( 'NONE',  ( -5.000000000000000000, 3.629999999999999900, 0.8499999999999996400 ) ) ;
#5532 = FILL_AREA_STYLE ('',( #1718 ) ) ;
#5533 = EDGE_CURVE ( 'NONE', #2391, #5733, #4474, .T. ) ;
#5534 = STYLED_ITEM ( 'NONE', ( #5129 ), #972 ) ;
#5536 = ORIENTED_EDGE ( 'NONE', *, *, #1346, .F. ) ;
#5535 = SURFACE_STYLE_FILL_AREA ( #4462 ) ;
#5537 = LINE ( 'NONE', #3317, #4096 ) ;
#5538 = EDGE_CURVE ( 'NONE', #1520, #5316, #4631, .T. ) ;
#5539 = DIRECTION ( 'NONE',  ( -0.8966301327206136500, 0.4427803124546241800, -0.0000000000000000000 ) ) ;
#5540 = ORIENTED_EDGE ( 'NONE', *, *, #2211, .T. ) ;
#5541 = DIRECTION ( 'NONE',  ( -0.0000000000000000000, -0.0000000000000000000, -1.000000000000000000 ) ) ;
#5542 = LINE ( 'NONE', #5995, #1740 ) ;
#5543 = EDGE_CURVE ( 'NONE', #1813, #1, #3370, .T. ) ;
#5544 = LINE ( 'NONE', #3290, #5392 ) ;
#5545 = EDGE_CURVE ( 'NONE', #1664, #5516, #4324, .T. ) ;
#5546 = SURFACE_STYLE_USAGE ( .BOTH. , #2224 ) ;
#5547 = VERTEX_POINT ( 'NONE', #2504 ) ;
#5548 =( GEOMETRIC_REPRESENTATION_CONTEXT ( 3 ) GLOBAL_UNCERTAINTY_ASSIGNED_CONTEXT ( ( #34 ) ) GLOBAL_UNIT_ASSIGNED_CONTEXT ( ( #3416, #581, #3886 ) ) REPRESENTATION_CONTEXT ( 'NONE', 'WORKASPACE' ) );
#5549 = CARTESIAN_POINT ( 'NONE',  ( -5.000000000000000000, 0.0000000000000000000, 0.0000000000000000000 ) ) ;
#5550 = ORIENTED_EDGE ( 'NONE', *, *, #2149, .T. ) ;
#5551 = ORIENTED_EDGE ( 'NONE', *, *, #3190, .T. ) ;
#5552 = CARTESIAN_POINT ( 'NONE',  ( -0.1299999999999990300, -0.4000000000000000200, -3.449999999999999300 ) ) ;
#5553 = LINE ( 'NONE', #4916, #1897 ) ;
#5554 = ADVANCED_FACE ( 'NONE', ( #5460 ), #1070, .F. ) ;
#5555 = STYLED_ITEM ( 'NONE', ( #2319 ), #3512 ) ;
#5556 = EDGE_CURVE ( 'NONE', #1403, #3376, #2942, .T. ) ;
#5557 = ORIENTED_EDGE ( 'NONE', *, *, #2442, .F. ) ;
#5558 = CARTESIAN_POINT ( 'NONE',  ( -5.269999999999999600, 4.129999999999999900, -2.045000000000000400 ) ) ;
#5559 = VERTEX_POINT ( 'NONE', #5841 ) ;
#5560 = VECTOR ( 'NONE', #5079, 1000.000000000000000 ) ;
#5561 = CARTESIAN_POINT ( 'NONE',  ( -1.500000000000000000, -0.4200000000000007600, 4.309999999999999600 ) ) ;
#5562 = SURFACE_SIDE_STYLE ('',( #2013 ) ) ;
#5563 = VERTEX_POINT ( 'NONE', #3461 ) ;
#5564 = VERTEX_POINT ( 'NONE', #628 ) ;
#5565 = FACE_OUTER_BOUND ( 'NONE', #2799, .T. ) ;
#5566 = PLANE ( 'NONE',  #3937 ) ;
#5567 = EDGE_LOOP ( 'NONE', ( #5494, #2288, #4789, #913 ) ) ;
#5568 = DIRECTION ( 'NONE',  ( -1.000000000000000000, -1.224646799147353200E-016, -2.562368502181398800E-016 ) ) ;
#5569 = FILL_AREA_STYLE_COLOUR ( '', #1129 ) ;
#5570 = FACE_OUTER_BOUND ( 'NONE', #3972, .T. ) ;
#5571 = EDGE_CURVE ( 'NONE', #949, #2648, #4030, .T. ) ;
#5572 = PRESENTATION_STYLE_ASSIGNMENT (( #6146 ) ) ;
#5573 =( GEOMETRIC_REPRESENTATION_CONTEXT ( 3 ) GLOBAL_UNCERTAINTY_ASSIGNED_CONTEXT ( ( #3139 ) ) GLOBAL_UNIT_ASSIGNED_CONTEXT ( ( #2660, #3564, #1200 ) ) REPRESENTATION_CONTEXT ( 'NONE', 'WORKASPACE' ) );
#5574 = CARTESIAN_POINT ( 'NONE',  ( -5.540000000000000000, -6.784543267276336000E-016, 5.000000000000000000 ) ) ;
#5575 = ORIENTED_EDGE ( 'NONE', *, *, #3011, .T. ) ;
#5576 = DIRECTION ( 'NONE',  ( 1.224646799147353200E-016, -1.000000000000000000, -0.0000000000000000000 ) ) ;
#5577 = DIRECTION ( 'NONE',  ( -0.0000000000000000000, -0.0000000000000000000, -1.000000000000000000 ) ) ;
#5578 = SURFACE_SIDE_STYLE ('',( #5770 ) ) ;
#5579 = VECTOR ( 'NONE', #3523, 1000.000000000000000 ) ;
#5580 = ADVANCED_FACE ( 'NONE', ( #1660 ), #4903, .F. ) ;
#5581 = MECHANICAL_DESIGN_GEOMETRIC_PRESENTATION_REPRESENTATION (  '', ( #4937 ), #5893 ) ;
#5582 = LINE ( 'NONE', #1807, #3052 ) ;
#5583 = CARTESIAN_POINT ( 'NONE',  ( -5.069999999999999400, 0.4300090093458146000, 0.3960850015576333800 ) ) ;
#5584 = CARTESIAN_POINT ( 'NONE',  ( -6.699999999999999300, -0.3000000000000008200, 0.0000000000000000000 ) ) ;
#5585 = ORIENTED_EDGE ( 'NONE', *, *, #328, .F. ) ;
#5586 = ORIENTED_EDGE ( 'NONE', *, *, #2488, .F. ) ;
#5587 = CARTESIAN_POINT ( 'NONE',  ( 2.067194771204602200, 1.317059892324148600, -3.692940107675852300 ) ) ;
#5588 = EDGE_CURVE ( 'NONE', #1379, #6107, #6123, .T. ) ;
#5589 = PLANE ( 'NONE',  #4085 ) ;
#5590 = EDGE_CURVE ( 'NONE', #912, #3859, #4859, .T. ) ;
#5591 = SURFACE_SIDE_STYLE ('',( #6038 ) ) ;
#5592 = ORIENTED_EDGE ( 'NONE', *, *, #1817, .F. ) ;
#5593 = ORIENTED_EDGE ( 'NONE', *, *, #2777, .F. ) ;
#5594 = PLANE ( 'NONE',  #2921 ) ;
#5595 =( NAMED_UNIT ( * ) SI_UNIT ( $, .STERADIAN. ) SOLID_ANGLE_UNIT ( ) );
#5596 = CARTESIAN_POINT ( 'NONE',  ( -0.2000000000000005100, 8.387259308617862300E-017, 0.1972649730810376300 ) ) ;
#5597 = STYLED_ITEM ( 'NONE', ( #4089 ), #4464 ) ;
#5598 = EDGE_CURVE ( 'NONE', #5952, #3670, #3590, .T. ) ;
#5599 = VERTEX_POINT ( 'NONE', #3688 ) ;
#5600 = LINE ( 'NONE', #1287, #1795 ) ;
#5601 = DIRECTION ( 'NONE',  ( 1.000000000000000000, 0.0000000000000000000, 0.0000000000000000000 ) ) ;
#5602 = CARTESIAN_POINT ( 'NONE',  ( -0.3000000000000016500, 1.649999999999999900, -2.254999999999999900 ) ) ;
#5603 = CARTESIAN_POINT ( 'NONE',  ( -6.200000000000000200, 3.529999999999999800, -2.500000000000000000 ) ) ;
#5604 = CARTESIAN_POINT ( 'NONE',  ( 0.0000000000000000000, 0.0000000000000000000, 2.250000000000000400 ) ) ;
#5605 = EDGE_CURVE ( 'NONE', #1832, #2057, #2334, .T. ) ;
#5606 = VECTOR ( 'NONE', #4435, 1000.000000000000000 ) ;
#5607 = ADVANCED_FACE ( 'NONE', ( #2192 ), #4645, .F. ) ;
#5608 = CARTESIAN_POINT ( 'NONE',  ( -0.2000000000000005100, 1.649999999999986100, 1.744999999999999900 ) ) ;
#5609 = ORIENTED_EDGE ( 'NONE', *, *, #3818, .T. ) ;
#5610 = CARTESIAN_POINT ( 'NONE',  ( -6.219660186493931600, -1.980000000000000000, 2.250000000000000400 ) ) ;
#5612 = LINE ( 'NONE', #5640, #704 ) ;
#5611 =( GEOMETRIC_REPRESENTATION_CONTEXT ( 3 ) GLOBAL_UNCERTAINTY_ASSIGNED_CONTEXT ( ( #2291 ) ) GLOBAL_UNIT_ASSIGNED_CONTEXT ( ( #486, #3784, #941 ) ) REPRESENTATION_CONTEXT ( 'NONE', 'WORKASPACE' ) );
#5613 = VECTOR ( 'NONE', #2016, 1000.000000000000000 ) ;
#5614 = DIRECTION ( 'NONE',  ( 0.0000000000000000000, -1.000000000000000000, 4.251773225433350200E-016 ) ) ;
#5615 = AXIS2_PLACEMENT_3D ( 'NONE', #4376, #1541, #4866 ) ;
#5616 = FILL_AREA_STYLE ('',( #2556 ) ) ;
#5617 = ORIENTED_EDGE ( 'NONE', *, *, #5313, .F. ) ;
#5618 = ORIENTED_EDGE ( 'NONE', *, *, #2444, .T. ) ;
#5619 = CIRCLE ( 'NONE', #4040, 0.5480911096883718200 ) ;
#5620 = EDGE_CURVE ( 'NONE', #1403, #1173, #1733, .T. ) ;
#5621 = CARTESIAN_POINT ( 'NONE',  ( -7.050000000000000700, 5.249999999999999100, 3.809999999999999600 ) ) ;
#5622 = EDGE_LOOP ( 'NONE', ( #5966, #117, #1499, #3375 ) ) ;
#5623 = VERTEX_POINT ( 'NONE', #5633 ) ;
#5624 = DIRECTION ( 'NONE',  ( -0.0000000000000000000, -0.0000000000000000000, 1.000000000000000000 ) ) ;
#5625 = ORIENTED_EDGE ( 'NONE', *, *, #1921, .F. ) ;
#5626 = VECTOR ( 'NONE', #4602, 1000.000000000000000 ) ;
#5627 = SURFACE_SIDE_STYLE ('',( #3283 ) ) ;
#5628 = EDGE_CURVE ( 'NONE', #5454, #3913, #5386, .T. ) ;
#5629 = CARTESIAN_POINT ( 'NONE',  ( -5.000000000000000000, 3.629999999999999900, 2.544999999999999900 ) ) ;
#5630 = ORIENTED_EDGE ( 'NONE', *, *, #1383, .F. ) ;
#5631 = CARTESIAN_POINT ( 'NONE',  ( -5.440000000000000400, -0.01862330312848323900, 3.809999999999999600 ) ) ;
#5632 = VERTEX_POINT ( 'NONE', #3250 ) ;
#5633 = CARTESIAN_POINT ( 'NONE',  ( 1.299999999999991200, 0.4999999999999995600, 3.250000000000000400 ) ) ;
#5634 = ORIENTED_EDGE ( 'NONE', *, *, #2610, .T. ) ;
#5635 = VECTOR ( 'NONE', #5886, 1000.000000000000000 ) ;
#5636 = ORIENTED_EDGE ( 'NONE', *, *, #1067, .T. ) ;
#5637 = FACE_OUTER_BOUND ( 'NONE', #534, .T. ) ;
#5638 = ADVANCED_FACE ( 'NONE', ( #341 ), #6108, .T. ) ;
#5639 = VECTOR ( 'NONE', #1486, 1000.000000000000000 ) ;
#5640 = CARTESIAN_POINT ( 'NONE',  ( -7.050000000000000700, 5.249999999999999100, -3.809999999999999600 ) ) ;
#5641 = CARTESIAN_POINT ( 'NONE',  ( -6.219660186493931600, -1.980000000000000000, 2.250000000000000400 ) ) ;
#5642 = DIRECTION ( 'NONE',  ( -0.0000000000000000000, 1.000000000000000000, 4.251773225433350700E-016 ) ) ;
#5643 = ORIENTED_EDGE ( 'NONE', *, *, #4699, .T. ) ;
#5644 = DIRECTION ( 'NONE',  ( -2.562368502181398800E-016, -3.137996384432448400E-032, 1.000000000000000000 ) ) ;
#5645 = MECHANICAL_DESIGN_GEOMETRIC_PRESENTATION_REPRESENTATION (  '', ( #4678 ), #5962 ) ;
#5646 = VECTOR ( 'NONE', #4289, 1000.000000000000000 ) ;
#5647 = EDGE_CURVE ( 'NONE', #1085, #417, #2851, .T. ) ;
#5648 = DIRECTION ( 'NONE',  ( -1.000000000000000000, -0.0000000000000000000, -0.0000000000000000000 ) ) ;
#5649 = LINE ( 'NONE', #4475, #4065 ) ;
#5650 = AXIS2_PLACEMENT_3D ( 'NONE', #1727, #2691, #6017 ) ;
#5651 = CARTESIAN_POINT ( 'NONE',  ( -6.799999999999999800, 5.200000000000000200, -3.810000000000000100 ) ) ;
#5652 = ORIENTED_EDGE ( 'NONE', *, *, #2838, .T. ) ;
#5653 = SURFACE_STYLE_USAGE ( .BOTH. , #2326 ) ;
#5654 = FACE_OUTER_BOUND ( 'NONE', #5769, .T. ) ;
#5655 = LINE ( 'NONE', #2377, #1852 ) ;
#5656 = EDGE_CURVE ( 'NONE', #2489, #2248, #483, .T. ) ;
#5657 = EDGE_CURVE ( 'NONE', #1154, #358, #4097, .T. ) ;
#5658 = ORIENTED_EDGE ( 'NONE', *, *, #1519, .T. ) ;
#5659 = ORIENTED_EDGE ( 'NONE', *, *, #1668, .T. ) ;
#5660 =( NAMED_UNIT ( * ) SI_UNIT ( $, .STERADIAN. ) SOLID_ANGLE_UNIT ( ) );
#5661 = DIRECTION ( 'NONE',  ( -0.0000000000000000000, 0.0000000000000000000, 1.000000000000000000 ) ) ;
#5662 = ORIENTED_EDGE ( 'NONE', *, *, #3726, .T. ) ;
#5663 =( LENGTH_UNIT ( ) NAMED_UNIT ( * ) SI_UNIT ( .MILLI., .METRE. ) );
#5664 = ORIENTED_EDGE ( 'NONE', *, *, #917, .T. ) ;
#5665 = AXIS2_PLACEMENT_3D ( 'NONE', #3538, #1151, #5913 ) ;
#5666 =( LENGTH_UNIT ( ) NAMED_UNIT ( * ) SI_UNIT ( .MILLI., .METRE. ) );
#5667 = EDGE_CURVE ( 'NONE', #1415, #3685, #5228, .T. ) ;
#5668 = ADVANCED_FACE ( 'NONE', ( #2564 ), #5195, .T. ) ;
#5669 = CARTESIAN_POINT ( 'NONE',  ( -0.2000000000000005100, 1.649999999999999900, 0.2550000000000002300 ) ) ;
#5670 = ORIENTED_EDGE ( 'NONE', *, *, #5354, .F. ) ;
#5671 = FILL_AREA_STYLE ('',( #4218 ) ) ;
#5672 =( NAMED_UNIT ( * ) SI_UNIT ( $, .STERADIAN. ) SOLID_ANGLE_UNIT ( ) );
#5673 = VECTOR ( 'NONE', #3907, 1000.000000000000000 ) ;
#5674 = CARTESIAN_POINT ( 'NONE',  ( -5.500000000000000000, 3.629999999999999900, 1.350000000000000100 ) ) ;
#5675 = AXIS2_PLACEMENT_3D ( 'NONE', #2999, #161, #3458 ) ;
#5676 = FILL_AREA_STYLE ('',( #5212 ) ) ;
#5677 = VECTOR ( 'NONE', #4552, 1000.000000000000000 ) ;
#5678 = FACE_OUTER_BOUND ( 'NONE', #796, .T. ) ;
#5679 = VECTOR ( 'NONE', #3701, 1000.000000000000000 ) ;
#5680 = SURFACE_STYLE_USAGE ( .BOTH. , #2356 ) ;
#5682 = ORIENTED_EDGE ( 'NONE', *, *, #4375, .F. ) ;
#5681 = FACE_OUTER_BOUND ( 'NONE', #3774, .T. ) ;
#5683 = LINE ( 'NONE', #2395, #482 ) ;
#5684 = SURFACE_SIDE_STYLE ('',( #1106 ) ) ;
#5685 = FILL_AREA_STYLE ('',( #1390 ) ) ;
#5686 = PLANE ( 'NONE',  #2078 ) ;
#5687 = ORIENTED_EDGE ( 'NONE', *, *, #1481, .F. ) ;
#5688 = DIRECTION ( 'NONE',  ( -0.0000000000000000000, -0.0000000000000000000, -1.000000000000000000 ) ) ;
#5689 = CARTESIAN_POINT ( 'NONE',  ( -0.2000000000000005100, 2.102264973081036500, 0.1972649730810367200 ) ) ;
#5690 = ORIENTED_EDGE ( 'NONE', *, *, #4608, .T. ) ;
#5691 = DIRECTION ( 'NONE',  ( 0.0000000000000000000, 0.0000000000000000000, -1.000000000000000000 ) ) ;
#5692 = AXIS2_PLACEMENT_3D ( 'NONE', #5043, #2204, #5526 ) ;
#5693 = ORIENTED_EDGE ( 'NONE', *, *, #4243, .T. ) ;
#5694 = AXIS2_PLACEMENT_3D ( 'NONE', #206, #3502, #671 ) ;
#5695 = PLANE ( 'NONE',  #404 ) ;
#5696 = ORIENTED_EDGE ( 'NONE', *, *, #2042, .T. ) ;
#5697 = ADVANCED_FACE ( 'NONE', ( #2111 ), #5695, .F. ) ;
#5698 = DIRECTION ( 'NONE',  ( -1.807003620809174000E-017, 1.000000000000000000, 0.0000000000000000000 ) ) ;
#5699 = EDGE_CURVE ( 'NONE', #5384, #2756, #1653, .T. ) ;
#5700 = AXIS2_PLACEMENT_3D ( 'NONE', #4189, #5644, #2797 ) ;
#5701 = ORIENTED_EDGE ( 'NONE', *, *, #1481, .T. ) ;
#5702 = ORIENTED_EDGE ( 'NONE', *, *, #2830, .T. ) ;
#5703 = PRESENTATION_STYLE_ASSIGNMENT (( #1202 ) ) ;
#5704 = PLANE ( 'NONE',  #520 ) ;
#5705 = VECTOR ( 'NONE', #4569, 1000.000000000000000 ) ;
#5706 = CARTESIAN_POINT ( 'NONE',  ( -5.440000000000000400, -0.01862330312848323900, 3.809999999999999600 ) ) ;
#5707 = CARTESIAN_POINT ( 'NONE',  ( -6.799999999999999800, -0.3000000000000008200, -2.800000000000000700 ) ) ;
#5708 = VECTOR ( 'NONE', #2146, 1000.000000000000000 ) ;
#5709 = CARTESIAN_POINT ( 'NONE',  ( -5.000000000000000000, 2.160000000000000100, -2.254999999999999900 ) ) ;
#5710 = ORIENTED_EDGE ( 'NONE', *, *, #236, .F. ) ;
#5711 = VECTOR ( 'NONE', #1133, 1000.000000000000000 ) ;
#5712 = DIRECTION ( 'NONE',  ( 0.0000000000000000000, 0.0000000000000000000, 1.000000000000000000 ) ) ;
#5713 = MECHANICAL_DESIGN_GEOMETRIC_PRESENTATION_REPRESENTATION (  '', ( #4420 ), #6031 ) ;
#5714 = VECTOR ( 'NONE', #5240, 1000.000000000000000 ) ;
#5715 = CARTESIAN_POINT ( 'NONE',  ( -0.1299999999999987800, -0.3000000000000000400, -3.349999999999999600 ) ) ;
#5716 = VECTOR ( 'NONE', #443, 1000.000000000000000 ) ;
#5717 = CARTESIAN_POINT ( 'NONE',  ( -5.000000000000000000, 3.629999999999999900, 2.544999999999999900 ) ) ;
#5718 = VECTOR ( 'NONE', #229, 1000.000000000000000 ) ;
#5719 = CARTESIAN_POINT ( 'NONE',  ( -1.910000000000000100, 4.530000000000000200, 0.5999999999999999800 ) ) ;
#5720 = LINE ( 'NONE', #828, #952 ) ;
#5721 = FACE_OUTER_BOUND ( 'NONE', #5063, .T. ) ;
#5722 = SURFACE_STYLE_USAGE ( .BOTH. , #2402 ) ;
#5723 = SURFACE_SIDE_STYLE ('',( #984 ) ) ;
#5724 = UNCERTAINTY_MEASURE_WITH_UNIT (LENGTH_MEASURE( 1.000000000000000100E-005 ), #3962, 'distance_accuracy_value', 'NONE');
#5725 = STYLED_ITEM ( 'NONE', ( #5975 ), #5607 ) ;
#5726 = ORIENTED_EDGE ( 'NONE', *, *, #4010, .T. ) ;
#5727 = ADVANCED_FACE ( 'NONE', ( #409 ), #2392, .T. ) ;
#5728 = VERTEX_POINT ( 'NONE', #2845 ) ;
#5729 = DIRECTION ( 'NONE',  ( -0.5000000000000006700, -3.682143624355780400E-016, 0.8660254037844382600 ) ) ;
#5730 = SURFACE_STYLE_USAGE ( .BOTH. , #2410 ) ;
#5731 = DIRECTION ( 'NONE',  ( -1.224646799147353500E-016, 1.000000000000000000, 0.0000000000000000000 ) ) ;
#5732 = ORIENTED_EDGE ( 'NONE', *, *, #4769, .F. ) ;
#5733 = VERTEX_POINT ( 'NONE', #1444 ) ;
#5734 = EDGE_CURVE ( 'NONE', #4469, #4286, #2935, .T. ) ;
#5735 = DIRECTION ( 'NONE',  ( 0.0000000000000000000, -0.0000000000000000000, 1.000000000000000000 ) ) ;
#5736 = ORIENTED_EDGE ( 'NONE', *, *, #830, .F. ) ;
#5737 = SURFACE_STYLE_USAGE ( .BOTH. , #2420 ) ;
#5738 = CARTESIAN_POINT ( 'NONE',  ( -3.225575608504086800E-016, -0.4000000000000000200, 2.899999999999999900 ) ) ;
#5739 = AXIS2_PLACEMENT_3D ( 'NONE', #175, #3476, #639 ) ;
#5740 = CARTESIAN_POINT ( 'NONE',  ( -6.919660186493931800, -0.6257768975473811900, -2.250000000000000400 ) ) ;
#5741 = AXIS2_PLACEMENT_3D ( 'NONE', #4335, #1501, #4825 ) ;
#5742 = CARTESIAN_POINT ( 'NONE',  ( -5.000000000000000000, 0.4999999999999995600, 1.350000000000000500 ) ) ;
#5743 = FILL_AREA_STYLE_COLOUR ( '', #2114 ) ;
#5744 = EDGE_CURVE ( 'NONE', #358, #2687, #4023, .T. ) ;
#5745 = CARTESIAN_POINT ( 'NONE',  ( -7.112823952774906600, 0.2403027167644433400, -1.750000000000000200 ) ) ;
#5746 = PRESENTATION_STYLE_ASSIGNMENT (( #4762 ) ) ;
#5747 = DIRECTION ( 'NONE',  ( -0.0000000000000000000, -0.0000000000000000000, -1.000000000000000000 ) ) ;
#5748 = CARTESIAN_POINT ( 'NONE',  ( -0.2000000000000005100, 2.102264973081022800, 1.802735026918963300 ) ) ;
#5749 = LINE ( 'NONE', #2060, #4620 ) ;
#5750 = CARTESIAN_POINT ( 'NONE',  ( -0.3000000000000016500, 2.159999999999985900, 2.254999999999999900 ) ) ;
#5751 = VERTEX_POINT ( 'NONE', #1929 ) ;
#5752 = DIRECTION ( 'NONE',  ( 0.0000000000000000000, 1.000000000000000000, 0.0000000000000000000 ) ) ;
#5753 = CARTESIAN_POINT ( 'NONE',  ( -4.500000000000000900, -0.4200000000000008200, -3.809999999999999600 ) ) ;
#5754 = ORIENTED_EDGE ( 'NONE', *, *, #4422, .F. ) ;
#5755 = PRESENTATION_STYLE_ASSIGNMENT (( #2540 ) ) ;
#5756 = SURFACE_SIDE_STYLE ('',( #3986 ) ) ;
#5757 = ADVANCED_FACE ( 'NONE', ( #5309 ), #2633, .T. ) ;
#5758 = CARTESIAN_POINT ( 'NONE',  ( -0.2000000000000005100, 1.707735026918963300, -1.802735026918963000 ) ) ;
#5759 = VERTEX_POINT ( 'NONE', #982 ) ;
#5760 = ORIENTED_EDGE ( 'NONE', *, *, #5023, .T. ) ;
#5761 = LINE ( 'NONE', #5951, #3224 ) ;
#5762 = EDGE_CURVE ( 'NONE', #3560, #3674, #1506, .T. ) ;
#5763 = DIRECTION ( 'NONE',  ( -0.0000000000000000000, -0.0000000000000000000, -1.000000000000000000 ) ) ;
#5764 = VERTEX_POINT ( 'NONE', #1467 ) ;
#5765 = DIRECTION ( 'NONE',  ( 1.224646799147353200E-016, -1.000000000000000000, 0.0000000000000000000 ) ) ;
#5766 = VERTEX_POINT ( 'NONE', #2440 ) ;
#5767 = DIRECTION ( 'NONE',  ( 0.0000000000000000000, -0.0000000000000000000, -1.000000000000000000 ) ) ;
#5768 = CARTESIAN_POINT ( 'NONE',  ( -5.000000000000000000, 2.159999999999985900, 1.745000000000000100 ) ) ;
#5769 = EDGE_LOOP ( 'NONE', ( #2966, #1236, #5470, #3656 ) ) ;
#5770 = SURFACE_STYLE_FILL_AREA ( #2253 ) ;
#5771 = DIRECTION ( 'NONE',  ( 0.0000000000000000000, 1.000000000000000000, 4.251773225433350200E-016 ) ) ;
#5772 = EDGE_CURVE ( 'NONE', #5215, #507, #266, .T. ) ;
#5773 = DIRECTION ( 'NONE',  ( 1.000000000000000000, -0.0000000000000000000, -0.0000000000000000000 ) ) ;
#5774 = FILL_AREA_STYLE_COLOUR ( '', #6019 ) ;
#5775 = ORIENTED_EDGE ( 'NONE', *, *, #761, .F. ) ;
#5776 = DIRECTION ( 'NONE',  ( 0.0000000000000000000, 0.0000000000000000000, 1.000000000000000000 ) ) ;
#5777 = ORIENTED_EDGE ( 'NONE', *, *, #2586, .T. ) ;
#5778 = COLOUR_RGB ( '',0.8000000000000000400, 0.8039215686274510100, 0.8000000000000000400 ) ;
#5779 = CARTESIAN_POINT ( 'NONE',  ( -5.000000000000000000, 4.699999999999999300, -3.250000000000000000 ) ) ;
#5780 = CARTESIAN_POINT ( 'NONE',  ( -0.2000000000000005100, 2.159999999999985900, 1.745000000000000100 ) ) ;
#5781 = ORIENTED_EDGE ( 'NONE', *, *, #5112, .F. ) ;
#5782 = STYLED_ITEM ( 'NONE', ( #5746 ), #3057 ) ;
#5783 = VECTOR ( 'NONE', #617, 1000.000000000000000 ) ;
#5784 = EDGE_CURVE ( 'NONE', #939, #5456, #3875, .T. ) ;
#5785 = ORIENTED_EDGE ( 'NONE', *, *, #1119, .F. ) ;
#5786 = CARTESIAN_POINT ( 'NONE',  ( -3.110000000000000800, 4.892693947073698100, 3.809999999999999600 ) ) ;
#5787 = FACE_OUTER_BOUND ( 'NONE', #3078, .T. ) ;
#5788 = DIRECTION ( 'NONE',  ( 1.000000000000000000, 0.0000000000000000000, -2.468771550251623500E-016 ) ) ;
#5789 = LINE ( 'NONE', #2910, #1997 ) ;
#5790 = DIRECTION ( 'NONE',  ( -1.000000000000000000, 0.0000000000000000000, -8.229238500838744400E-017 ) ) ;
#5791 = ORIENTED_EDGE ( 'NONE', *, *, #3806, .T. ) ;
#5792 = DIRECTION ( 'NONE',  ( -1.000000000000000000, 0.0000000000000000000, 0.0000000000000000000 ) ) ;
#5793 = DIRECTION ( 'NONE',  ( 0.0000000000000000000, -1.000000000000000000, 0.0000000000000000000 ) ) ;
#5794 =( NAMED_UNIT ( * ) SI_UNIT ( $, .STERADIAN. ) SOLID_ANGLE_UNIT ( ) );
#5795 = EDGE_CURVE ( 'NONE', #5456, #3060, #3724, .T. ) ;
#5796 = FILL_AREA_STYLE ('',( #1504 ) ) ;
#5797 = ORIENTED_EDGE ( 'NONE', *, *, #4692, .T. ) ;
#5798 = VECTOR ( 'NONE', #2250, 1000.000000000000000 ) ;
#5799 = FILL_AREA_STYLE_COLOUR ( '', #4352 ) ;
#5800 = CARTESIAN_POINT ( 'NONE',  ( -5.860000000000000300, 0.0000000000000000000, 14.31000000000000000 ) ) ;
#5801 = VECTOR ( 'NONE', #4269, 1000.000000000000000 ) ;
#5802 = SURFACE_SIDE_STYLE ('',( #3049 ) ) ;
#5803 =( NAMED_UNIT ( * ) SI_UNIT ( $, .STERADIAN. ) SOLID_ANGLE_UNIT ( ) );
#5804 = ORIENTED_EDGE ( 'NONE', *, *, #1344, .T. ) ;
#5805 =( LENGTH_UNIT ( ) NAMED_UNIT ( * ) SI_UNIT ( .MILLI., .METRE. ) );
#5806 = FACE_OUTER_BOUND ( 'NONE', #707, .T. ) ;
#5807 =( GEOMETRIC_REPRESENTATION_CONTEXT ( 3 ) GLOBAL_UNCERTAINTY_ASSIGNED_CONTEXT ( ( #2044 ) ) GLOBAL_UNIT_ASSIGNED_CONTEXT ( ( #5805, #3608, #2967 ) ) REPRESENTATION_CONTEXT ( 'NONE', 'WORKASPACE' ) );
#5808 = FILL_AREA_STYLE ('',( #574 ) ) ;
#5809 = VERTEX_POINT ( 'NONE', #1971 ) ;
#5810 = ORIENTED_EDGE ( 'NONE', *, *, #4288, .T. ) ;
#5811 = CARTESIAN_POINT ( 'NONE',  ( -5.000000000000000000, 0.4999999999999995600, -3.250000000000000400 ) ) ;
#5812 = PRESENTATION_LAYER_ASSIGNMENT (  '', '', ( #5171 ) ) ;
#5813 = CARTESIAN_POINT ( 'NONE',  ( -5.269999999999999600, 5.200000000000000200, -2.814999999999999100 ) ) ;
#5814 = EDGE_LOOP ( 'NONE', ( #4966, #3395, #4357, #3319 ) ) ;
#5815 = STYLED_ITEM ( 'NONE', ( #4287 ), #1578 ) ;
#5816 = VERTEX_POINT ( 'NONE', #3850 ) ;
#5817 = DIRECTION ( 'NONE',  ( -0.0000000000000000000, -0.0000000000000000000, -1.000000000000000000 ) ) ;
#5818 = CARTESIAN_POINT ( 'NONE',  ( -3.110000000000000800, 5.250000000000000000, 3.809999999999999600 ) ) ;
#5819 = DIRECTION ( 'NONE',  ( 1.224646799147353900E-016, -1.000000000000000000, -1.032573497605242300E-016 ) ) ;
#5820 = CARTESIAN_POINT ( 'NONE',  ( -6.200000000000000200, 3.904292491250290600E-018, -0.2500000000000000000 ) ) ;
#5821 = ORIENTED_EDGE ( 'NONE', *, *, #4981, .T. ) ;
#5822 = EDGE_CURVE ( 'NONE', #5516, #2721, #4851, .T. ) ;
#5823 = STYLED_ITEM ( 'NONE', ( #2809 ), #2432 ) ;
#5824 = EDGE_CURVE ( 'NONE', #861, #770, #124, .T. ) ;
#5825 = CARTESIAN_POINT ( 'NONE',  ( -5.540000000000000000, -7.047314121155778800E-016, 1.750000000000000000 ) ) ;
#5826 = SURFACE_SIDE_STYLE ('',( #583 ) ) ;
#5827 = LINE ( 'NONE', #4070, #474 ) ;
#5828 = FACE_OUTER_BOUND ( 'NONE', #823, .T. ) ;
#5829 = CARTESIAN_POINT ( 'NONE',  ( -0.1299999999999995600, -0.4000000000000000200, 2.899999999999999900 ) ) ;
#5830 = LINE ( 'NONE', #1337, #5679 ) ;
#5831 = MECHANICAL_DESIGN_GEOMETRIC_PRESENTATION_REPRESENTATION (  '', ( #4867 ), #6143 ) ;
#5832 = EDGE_CURVE ( 'NONE', #1832, #4912, #2328, .T. ) ;
#5834 = ORIENTED_EDGE ( 'NONE', *, *, #5214, .F. ) ;
#5833 = FACE_OUTER_BOUND ( 'NONE', #3544, .T. ) ;
#5835 = CARTESIAN_POINT ( 'NONE',  ( -0.1299999999999995600, -0.4000000000000000200, 2.899999999999999900 ) ) ;
#5836 = COLOUR_RGB ( '',0.8000000000000000400, 0.8039215686274510100, 0.8000000000000000400 ) ;
#5837 = PRESENTATION_STYLE_ASSIGNMENT (( #2337 ) ) ;
#5838 = PLANE ( 'NONE',  #767 ) ;
#5839 = ORIENTED_EDGE ( 'NONE', *, *, #5869, .F. ) ;
#5840 = ORIENTED_EDGE ( 'NONE', *, *, #4748, .T. ) ;
#5841 = CARTESIAN_POINT ( 'NONE',  ( -6.919660186493931800, -0.6257768975473813100, -1.750000000000000200 ) ) ;
#5842 = PLANE ( 'NONE',  #3248 ) ;
#5843 = CARTESIAN_POINT ( 'NONE',  ( -0.2000000000000005100, 2.160000000000000100, -1.745000000000000100 ) ) ;
#5844 = ORIENTED_EDGE ( 'NONE', *, *, #1577, .T. ) ;
#5845 = CARTESIAN_POINT ( 'NONE',  ( -6.200000000000000200, 2.538389237197199200, -1.750000000000000200 ) ) ;
#5846 = VERTEX_POINT ( 'NONE', #4812 ) ;
#5847 = EDGE_CURVE ( 'NONE', #3674, #5301, #2487, .T. ) ;
#5848 = COLOUR_RGB ( '',0.8000000000000000400, 0.8039215686274510100, 0.8000000000000000400 ) ;
#5849 = PRESENTATION_LAYER_ASSIGNMENT (  '', '', ( #5534 ) ) ;
#5850 = ORIENTED_EDGE ( 'NONE', *, *, #2022, .F. ) ;
#5851 = ORIENTED_EDGE ( 'NONE', *, *, #2604, .F. ) ;
#5852 =( LENGTH_UNIT ( ) NAMED_UNIT ( * ) SI_UNIT ( .MILLI., .METRE. ) );
#5853 = CIRCLE ( 'NONE', #1815, 0.1000000000000000200 ) ;
#5854 = VECTOR ( 'NONE', #774, 1000.000000000000000 ) ;
#5855 = VECTOR ( 'NONE', #5942, 1000.000000000000000 ) ;
#5856 = DIRECTION ( 'NONE',  ( -0.0000000000000000000, 0.0000000000000000000, -1.000000000000000000 ) ) ;
#5857 = EDGE_CURVE ( 'NONE', #2391, #2620, #4698, .T. ) ;
#5858 = ORIENTED_EDGE ( 'NONE', *, *, #3809, .F. ) ;
#5859 =( LENGTH_UNIT ( ) NAMED_UNIT ( * ) SI_UNIT ( .MILLI., .METRE. ) );
#5860 = EDGE_CURVE ( 'NONE', #5480, #2971, #2184, .T. ) ;
#5861 = LINE ( 'NONE', #3971, #6011 ) ;
#5862 = LINE ( 'NONE', #953, #937 ) ;
#5863 = ADVANCED_FACE ( 'NONE', ( #2031 ), #3421, .F. ) ;
#5864 = DIRECTION ( 'NONE',  ( 0.0000000000000000000, 0.0000000000000000000, -1.000000000000000000 ) ) ;
#5865 = ORIENTED_EDGE ( 'NONE', *, *, #2623, .F. ) ;
#5866 = CARTESIAN_POINT ( 'NONE',  ( 1.799999999999998900, 0.5000000000000004400, 2.085000000000000400 ) ) ;
#5867 = AXIS2_PLACEMENT_3D ( 'NONE', #4188, #4676, #1831 ) ;
#5868 = LINE ( 'NONE', #5629, #4584 ) ;
#5869 = EDGE_CURVE ( 'NONE', #4261, #746, #1057, .T. ) ;
#5870 = PLANE ( 'NONE',  #2306 ) ;
#5871 = FILL_AREA_STYLE_COLOUR ( '', #4654 ) ;
#5872 = SURFACE_STYLE_FILL_AREA ( #2938 ) ;
#5873 = DIRECTION ( 'NONE',  ( -0.0000000000000000000, -1.000000000000000000, -0.0000000000000000000 ) ) ;
#5874 = CARTESIAN_POINT ( 'NONE',  ( -5.860000000000000300, 0.0000000000000000000, -14.31000000000000000 ) ) ;
#5875 = EDGE_LOOP ( 'NONE', ( #5652, #4793, #4583, #4328 ) ) ;
#5876 = VECTOR ( 'NONE', #5072, 1000.000000000000000 ) ;
#5877 = LINE ( 'NONE', #1522, #954 ) ;
#5878 = CARTESIAN_POINT ( 'NONE',  ( -5.069999999999999400, 0.5000000000000004400, -0.3960850015576333800 ) ) ;
#5879 = ORIENTED_EDGE ( 'NONE', *, *, #902, .F. ) ;
#5880 = ORIENTED_EDGE ( 'NONE', *, *, #917, .F. ) ;
#5881 =( NAMED_UNIT ( * ) SI_UNIT ( $, .STERADIAN. ) SOLID_ANGLE_UNIT ( ) );
#5882 = DIRECTION ( 'NONE',  ( 0.0000000000000000000, 1.032573497605242300E-016, 1.000000000000000000 ) ) ;
#5883 = CARTESIAN_POINT ( 'NONE',  ( -0.1299999999999988400, 0.0000000000000000000, -3.349999999999999600 ) ) ;
#5884 = VERTEX_POINT ( 'NONE', #5820 ) ;
#5885 = EDGE_LOOP ( 'NONE', ( #643, #4826, #2142, #2164 ) ) ;
#5886 = DIRECTION ( 'NONE',  ( -0.0000000000000000000, -0.0000000000000000000, -1.000000000000000000 ) ) ;
#5887 = CARTESIAN_POINT ( 'NONE',  ( -2.510000000000000200, 4.530000000000000200, -0.5999999999999999800 ) ) ;
#5888 = CARTESIAN_POINT ( 'NONE',  ( 1.299999999999990300, 1.760000000000000500, 3.250000000000004900 ) ) ;
#5889 = VERTEX_POINT ( 'NONE', #2506 ) ;
#5890 = ADVANCED_FACE ( 'NONE', ( #5828 ), #1878, .F. ) ;
#5891 = FILL_AREA_STYLE_COLOUR ( '', #3013 ) ;
#5892 = DIRECTION ( 'NONE',  ( -1.224646799147353200E-016, 1.000000000000000000, 0.0000000000000000000 ) ) ;
#5893 =( GEOMETRIC_REPRESENTATION_CONTEXT ( 3 ) GLOBAL_UNCERTAINTY_ASSIGNED_CONTEXT ( ( #1491 ) ) GLOBAL_UNIT_ASSIGNED_CONTEXT ( ( #3705, #858, #4172 ) ) REPRESENTATION_CONTEXT ( 'NONE', 'WORKASPACE' ) );
#5894 = VECTOR ( 'NONE', #1628, 1000.000000000000000 ) ;
#5895 = FACE_OUTER_BOUND ( 'NONE', #6001, .T. ) ;
#5896 = EDGE_CURVE ( 'NONE', #3935, #2242, #4395, .T. ) ;
#5897 = CARTESIAN_POINT ( 'NONE',  ( -6.200000000000000200, 3.903754866958950000E-018, 2.500000000000000000 ) ) ;
#5898 = FACE_OUTER_BOUND ( 'NONE', #5996, .T. ) ;
#5899 = PRESENTATION_STYLE_ASSIGNMENT (( #3310 ) ) ;
#5900 = EDGE_CURVE ( 'NONE', #703, #1520, #3138, .T. ) ;
#5901 = FILL_AREA_STYLE ('',( #4454 ) ) ;
#5902 = VERTEX_POINT ( 'NONE', #609 ) ;
#5903 = DIRECTION ( 'NONE',  ( -0.0000000000000000000, -0.0000000000000000000, -1.000000000000000000 ) ) ;
#5904 = SURFACE_STYLE_FILL_AREA ( #3841 ) ;
#5906 = ORIENTED_EDGE ( 'NONE', *, *, #897, .F. ) ;
#5905 = LINE ( 'NONE', #5706, #2268 ) ;
#5907 = FACE_OUTER_BOUND ( 'NONE', #5288, .T. ) ;
#5908 = AXIS2_PLACEMENT_3D ( 'NONE', #4535, #3128, #309 ) ;
#5909 = DIRECTION ( 'NONE',  ( 0.0000000000000000000, 0.0000000000000000000, 1.000000000000000000 ) ) ;
#5910 = EDGE_CURVE ( 'NONE', #3339, #4461, #627, .T. ) ;
#5911 = ORIENTED_EDGE ( 'NONE', *, *, #4649, .F. ) ;
#5912 = ORIENTED_EDGE ( 'NONE', *, *, #3620, .T. ) ;
#5913 = DIRECTION ( 'NONE',  ( 0.0000000000000000000, 0.0000000000000000000, 1.000000000000000000 ) ) ;
#5914 = ORIENTED_EDGE ( 'NONE', *, *, #2396, .T. ) ;
#5915 = UNCERTAINTY_MEASURE_WITH_UNIT (LENGTH_MEASURE( 1.000000000000000100E-005 ), #5177, 'distance_accuracy_value', 'NONE');
#5916 = ORIENTED_EDGE ( 'NONE', *, *, #4077, .F. ) ;
#5917 = SURFACE_STYLE_USAGE ( .BOTH. , #2605 ) ;
#5918 = COLOUR_RGB ( '',0.8000000000000000400, 0.8039215686274510100, 0.8000000000000000400 ) ;
#5919 = ADVANCED_FACE ( 'NONE', ( #5678 ), #5842, .F. ) ;
#5920 = DIRECTION ( 'NONE',  ( 0.9196686453133634500, -0.3926952798640224700, 0.0000000000000000000 ) ) ;
#5921 = EDGE_CURVE ( 'NONE', #2716, #607, #475, .T. ) ;
#5922 = ORIENTED_EDGE ( 'NONE', *, *, #5921, .T. ) ;
#5923 = PLANE ( 'NONE',  #5271 ) ;
#5924 = SURFACE_STYLE_FILL_AREA ( #5963 ) ;
#5925 = ORIENTED_EDGE ( 'NONE', *, *, #4489, .T. ) ;
#5926 = PLANE ( 'NONE',  #3885 ) ;
#5927 = ORIENTED_EDGE ( 'NONE', *, *, #4375, .T. ) ;
#5928 = VECTOR ( 'NONE', #5776, 1000.000000000000000 ) ;
#5929 = CARTESIAN_POINT ( 'NONE',  ( -7.050000000000000700, -0.01862330312848323900, 4.309999999999999600 ) ) ;
#5930 = VECTOR ( 'NONE', #5371, 1000.000000000000000 ) ;
#5931 = ORIENTED_EDGE ( 'NONE', *, *, #1127, .F. ) ;
#5932 = VERTEX_POINT ( 'NONE', #1569 ) ;
#5933 = DIRECTION ( 'NONE',  ( 1.000000000000000000, 1.224646799147353200E-016, 2.562368502181398800E-016 ) ) ;
#5934 = ORIENTED_EDGE ( 'NONE', *, *, #855, .F. ) ;
#5935 = LINE ( 'NONE', #2437, #2147 ) ;
#5936 = FACE_OUTER_BOUND ( 'NONE', #3368, .T. ) ;
#5937 = DIRECTION ( 'NONE',  ( 1.000000000000000000, 1.224646799147353200E-016, 6.821946253841378900E-016 ) ) ;
#5938 = EDGE_CURVE ( 'NONE', #5206, #1899, #4090, .T. ) ;
#5939 = PLANE ( 'NONE',  #3453 ) ;
#5940 = DIRECTION ( 'NONE',  ( 0.0000000000000000000, 0.0000000000000000000, 1.000000000000000000 ) ) ;
#5941 = ORIENTED_EDGE ( 'NONE', *, *, #2030, .T. ) ;
#5942 = DIRECTION ( 'NONE',  ( -1.224646799147353900E-016, 1.000000000000000000, -1.032573497605242300E-016 ) ) ;
#5943 = VECTOR ( 'NONE', #1425, 1000.000000000000000 ) ;
#5944 = DIRECTION ( 'NONE',  ( -1.000000000000000000, 0.0000000000000000000, 0.0000000000000000000 ) ) ;
#5945 = AXIS2_PLACEMENT_3D ( 'NONE', #3065, #242, #3534 ) ;
#5946 = EDGE_CURVE ( 'NONE', #5759, #1932, #1726, .T. ) ;
#5947 = ORIENTED_EDGE ( 'NONE', *, *, #5383, .T. ) ;
#5948 = ADVANCED_FACE ( 'NONE', ( #1573 ), #2698, .T. ) ;
#5949 = LINE ( 'NONE', #3140, #4677 ) ;
#5950 = DIRECTION ( 'NONE',  ( 0.0000000000000000000, 0.0000000000000000000, 1.000000000000000000 ) ) ;
#5951 = CARTESIAN_POINT ( 'NONE',  ( -6.919660186493931800, -0.6257768975473811900, -0.2500000000000000000 ) ) ;
#5952 = VERTEX_POINT ( 'NONE', #4921 ) ;
#5953 = ORIENTED_EDGE ( 'NONE', *, *, #1072, .T. ) ;
#5954 = CARTESIAN_POINT ( 'NONE',  ( -5.540000000000000000, -7.047314121155778800E-016, 0.2500000000000000000 ) ) ;
#5955 = CARTESIAN_POINT ( 'NONE',  ( -0.2000000000000005100, 0.0000000000000000000, 0.0000000000000000000 ) ) ;
#5956 = ORIENTED_EDGE ( 'NONE', *, *, #5214, .T. ) ;
#5957 = VERTEX_POINT ( 'NONE', #2558 ) ;
#5958 = DIRECTION ( 'NONE',  ( 0.0000000000000000000, 1.000000000000000000, -0.0000000000000000000 ) ) ;
#5959 = DIRECTION ( 'NONE',  ( 1.000000000000000000, 1.224646799147353200E-016, -0.0000000000000000000 ) ) ;
#5960 = COLOUR_RGB ( '',0.8000000000000000400, 0.8039215686274510100, 0.8000000000000000400 ) ;
#5961 = DIRECTION ( 'NONE',  ( 0.0000000000000000000, 1.000000000000000000, -4.251773225433350200E-016 ) ) ;
#5962 =( GEOMETRIC_REPRESENTATION_CONTEXT ( 3 ) GLOBAL_UNCERTAINTY_ASSIGNED_CONTEXT ( ( #3272 ) ) GLOBAL_UNIT_ASSIGNED_CONTEXT ( ( #3152, #327, #3628 ) ) REPRESENTATION_CONTEXT ( 'NONE', 'WORKASPACE' ) );
#5963 = FILL_AREA_STYLE ('',( #350 ) ) ;
#5964 = DIRECTION ( 'NONE',  ( 1.000000000000000000, 0.0000000000000000000, -0.0000000000000000000 ) ) ;
#5965 = EDGE_CURVE ( 'NONE', #3966, #4939, #5223, .T. ) ;
#5966 = ORIENTED_EDGE ( 'NONE', *, *, #2903, .F. ) ;
#5967 = PRESENTATION_LAYER_ASSIGNMENT (  '', '', ( #5336 ) ) ;
#5968 = COLOUR_RGB ( '',0.8000000000000000400, 0.8039215686274510100, 0.8000000000000000400 ) ;
#5969 = CARTESIAN_POINT ( 'NONE',  ( -0.1299999999999996200, 0.0000000000000000000, 2.899999999999999900 ) ) ;
#5970 = LINE ( 'NONE', #1675, #2183 ) ;
#5971 = EDGE_CURVE ( 'NONE', #5274, #3060, #336, .T. ) ;
#5972 = VECTOR ( 'NONE', #1030, 1000.000000000000000 ) ;
#5974 = EDGE_LOOP ( 'NONE', ( #2131, #3996, #1641, #1227, #1167, #4675, #5585, #4451, #3636, #5364, #3124 ) ) ;
#5973 = LINE ( 'NONE', #2514, #2189 ) ;
#5975 = PRESENTATION_STYLE_ASSIGNMENT (( #6090 ) ) ;
#5976 = PLANE ( 'NONE',  #5692 ) ;
#5977 = CARTESIAN_POINT ( 'NONE',  ( 1.800000000000001400, 0.5000000000000004400, 4.309999999999999600 ) ) ;
#5978 = ADVANCED_FACE ( 'NONE', ( #3793 ), #670, .F. ) ;
#5979 = VECTOR ( 'NONE', #2364, 1000.000000000000000 ) ;
#5980 =( NAMED_UNIT ( * ) SI_UNIT ( $, .STERADIAN. ) SOLID_ANGLE_UNIT ( ) );
#5981 = AXIS2_PLACEMENT_3D ( 'NONE', #1647, #5937, #3088 ) ;
#5982 = EDGE_CURVE ( 'NONE', #5231, #5511, #3357, .T. ) ;
#5983 = ORIENTED_EDGE ( 'NONE', *, *, #5571, .T. ) ;
#5984 = EDGE_LOOP ( 'NONE', ( #4055, #4349, #1016, #5586 ) ) ;
#5985 = PLANE ( 'NONE',  #5908 ) ;
#5986 = SURFACE_STYLE_USAGE ( .BOTH. , #5033 ) ;
#5987 = FACE_OUTER_BOUND ( 'NONE', #1867, .T. ) ;
#5988 = CARTESIAN_POINT ( 'NONE',  ( -6.564732843086535000, 2.538389237197200600, -0.2500000000000000000 ) ) ;
#5989 = CARTESIAN_POINT ( 'NONE',  ( -5.069999999999999400, 0.4300090093458146000, 0.3960850015576333800 ) ) ;
#5990 = ORIENTED_EDGE ( 'NONE', *, *, #2232, .F. ) ;
#5991 = ORIENTED_EDGE ( 'NONE', *, *, #1801, .F. ) ;
#5992 = VERTEX_POINT ( 'NONE', #1135 ) ;
#5993 = AXIS2_PLACEMENT_3D ( 'NONE', #2015, #5344, #2501 ) ;
#5994 = FACE_OUTER_BOUND ( 'NONE', #2592, .T. ) ;
#5995 = CARTESIAN_POINT ( 'NONE',  ( -6.200000000000000200, 3.529999999999999800, 2.500000000000000000 ) ) ;
#5996 = EDGE_LOOP ( 'NONE', ( #282, #4186, #3531, #4953, #3303, #3748 ) ) ;
#5997 = CARTESIAN_POINT ( 'NONE',  ( -5.500000000000000000, 3.629999999999999900, -0.8499999999999996400 ) ) ;
#5998 = UNCERTAINTY_MEASURE_WITH_UNIT (LENGTH_MEASURE( 1.000000000000000100E-005 ), #5111, 'distance_accuracy_value', 'NONE');
#5999 = VECTOR ( 'NONE', #5388, 1000.000000000000000 ) ;
#6000 = DIRECTION ( 'NONE',  ( -0.0000000000000000000, -0.0000000000000000000, -1.000000000000000000 ) ) ;
#6001 = EDGE_LOOP ( 'NONE', ( #4734, #3045, #4408, #1149 ) ) ;
#6002 = ORIENTED_EDGE ( 'NONE', *, *, #3418, .F. ) ;
#6003 = CARTESIAN_POINT ( 'NONE',  ( -6.699999999999999300, -0.4000000000000008500, 0.0000000000000000000 ) ) ;
#6004 = VECTOR ( 'NONE', #714, 1000.000000000000000 ) ;
#6005 = LINE ( 'NONE', #3192, #2218 ) ;
#6006 = AXIS2_PLACEMENT_3D ( 'NONE', #5883, #4838, #2001 ) ;
#6007 = UNCERTAINTY_MEASURE_WITH_UNIT (LENGTH_MEASURE( 1.000000000000000100E-005 ), #4820, 'distance_accuracy_value', 'NONE');
#6008 = ORIENTED_EDGE ( 'NONE', *, *, #2022, .T. ) ;
#6009 = PLANE ( 'NONE',  #1638 ) ;
#6010 = DIRECTION ( 'NONE',  ( -0.0000000000000000000, -0.0000000000000000000, 1.000000000000000000 ) ) ;
#6011 = VECTOR ( 'NONE', #668, 1000.000000000000000 ) ;
#6012 = SURFACE_STYLE_USAGE ( .BOTH. , #2685 ) ;
#6013 = FACE_OUTER_BOUND ( 'NONE', #5984, .T. ) ;
#6014 = COLOUR_RGB ( '',0.8000000000000000400, 0.8039215686274510100, 0.8000000000000000400 ) ;
#6015 = ADVANCED_FACE ( 'NONE', ( #4614 ), #1155, .F. ) ;
#6016 = PLANE ( 'NONE',  #2025 ) ;
#6017 = DIRECTION ( 'NONE',  ( 0.0000000000000000000, 0.0000000000000000000, 1.000000000000000000 ) ) ;
#6018 = VECTOR ( 'NONE', #570, 1000.000000000000000 ) ;
#6019 = COLOUR_RGB ( '',0.8431372549019607900, 0.8156862745098039100, 0.7529411764705882200 ) ;
#6020 =( NAMED_UNIT ( * ) PLANE_ANGLE_UNIT ( ) SI_UNIT ( $, .RADIAN. ) );
#6021 = EDGE_CURVE ( 'NONE', #2959, #323, #402, .T. ) ;
#6022 = PRESENTATION_LAYER_ASSIGNMENT (  '', '', ( #3767 ) ) ;
#6023 = DIRECTION ( 'NONE',  ( 0.0000000000000000000, 0.0000000000000000000, 1.000000000000000000 ) ) ;
#6024 = ORIENTED_EDGE ( 'NONE', *, *, #4649, .T. ) ;
#6025 = FACE_OUTER_BOUND ( 'NONE', #3332, .T. ) ;
#6026 = DIRECTION ( 'NONE',  ( 0.0000000000000000000, 1.000000000000000000, 0.0000000000000000000 ) ) ;
#6027 = CARTESIAN_POINT ( 'NONE',  ( -5.269999999999999600, 4.129999999999999900, -2.045000000000000400 ) ) ;
#6028 = ORIENTED_EDGE ( 'NONE', *, *, #5762, .F. ) ;
#6029 = ORIENTED_EDGE ( 'NONE', *, *, #362, .F. ) ;
#6030 = DIRECTION ( 'NONE',  ( 0.0000000000000000000, 1.000000000000000000, -0.0000000000000000000 ) ) ;
#6031 =( GEOMETRIC_REPRESENTATION_CONTEXT ( 3 ) GLOBAL_UNCERTAINTY_ASSIGNED_CONTEXT ( ( #2228 ) ) GLOBAL_UNIT_ASSIGNED_CONTEXT ( ( #2898, #68, #3360 ) ) REPRESENTATION_CONTEXT ( 'NONE', 'WORKASPACE' ) );
#6032 = EDGE_CURVE ( 'NONE', #3028, #2703, #4164, .T. ) ;
#6033 = EDGE_LOOP ( 'NONE', ( #4994, #2826, #1483, #1570 ) ) ;
#6034 = ORIENTED_EDGE ( 'NONE', *, *, #874, .T. ) ;
#6035 = CARTESIAN_POINT ( 'NONE',  ( -0.1299999999999995900, -0.3000000000000000400, 2.899999999999999900 ) ) ;
#6036 =( LENGTH_UNIT ( ) NAMED_UNIT ( * ) SI_UNIT ( .MILLI., .METRE. ) );
#6037 = EDGE_LOOP ( 'NONE', ( #1636, #3105, #4297, #148 ) ) ;
#6038 = SURFACE_STYLE_FILL_AREA ( #2263 ) ;
#6039 = SURFACE_STYLE_FILL_AREA ( #5058 ) ;
#6040 = DIRECTION ( 'NONE',  ( -0.0000000000000000000, -0.0000000000000000000, -1.000000000000000000 ) ) ;
#6041 = ADVANCED_FACE ( 'NONE', ( #5303 ), #5939, .F. ) ;
#6042 = FILL_AREA_STYLE_COLOUR ( '', #3252 ) ;
#6043 = AXIS2_PLACEMENT_3D ( 'NONE', #649, #3948, #1115 ) ;
#6044 = CARTESIAN_POINT ( 'NONE',  ( -6.799999999999999800, 4.129999999999999900, -2.814999999999998600 ) ) ;
#6045 = VECTOR ( 'NONE', #4234, 1000.000000000000000 ) ;
#6046 =( LENGTH_UNIT ( ) NAMED_UNIT ( * ) SI_UNIT ( .MILLI., .METRE. ) );
#6047 = AXIS2_PLACEMENT_3D ( 'NONE', #930, #4252, #1407 ) ;
#6048 = VERTEX_POINT ( 'NONE', #3091 ) ;
#6049 = CYLINDRICAL_SURFACE ( 'NONE', #803, 0.6860591096414115900 ) ;
#6050 = ORIENTED_EDGE ( 'NONE', *, *, #23, .T. ) ;
#6051 = DIRECTION ( 'NONE',  ( 0.0000000000000000000, 0.0000000000000000000, -1.000000000000000000 ) ) ;
#6052 = EDGE_CURVE ( 'NONE', #1249, #1316, #2325, .T. ) ;
#6053 = DIRECTION ( 'NONE',  ( 1.000000000000000000, 1.224646799147353500E-016, 0.0000000000000000000 ) ) ;
#6054 = ORIENTED_EDGE ( 'NONE', *, *, #551, .F. ) ;
#6055 = VECTOR ( 'NONE', #1806, 1000.000000000000000 ) ;
#6056 = VECTOR ( 'NONE', #105, 1000.000000000000000 ) ;
#6057 = DIRECTION ( 'NONE',  ( -0.0000000000000000000, -0.0000000000000000000, -1.000000000000000000 ) ) ;
#6058 = EDGE_LOOP ( 'NONE', ( #3641, #2878, #1288, #1027, #5844, #5030, #2965, #421, #4605, #3540, #2890, #5181, #5726, #3305, #2214, #4504, #3032, #1956, #5839, #2351, #5956, #2243, #129, #1710, #5465, #2954, #5575, #111, #223, #2813, #2021, #1493, #3247, #1046, #4157, #4074, #511, #3380, #416, #658, #3120, #6069, #6050, #4526, #4095, #3260, #3041, #4478, #835, #4681, #250 ) ) ;
#6059 = EDGE_LOOP ( 'NONE', ( #6128, #2768, #642, #5095 ) ) ;
#6060 =( LENGTH_UNIT ( ) NAMED_UNIT ( * ) SI_UNIT ( .MILLI., .METRE. ) );
#6061 = DIRECTION ( 'NONE',  ( -1.000000000000000000, -0.0000000000000000000, -0.0000000000000000000 ) ) ;
#6062 = AXIS2_PLACEMENT_3D ( 'NONE', #3843, #4313, #1482 ) ;
#6063 = DIRECTION ( 'NONE',  ( -1.000000000000000000, 0.0000000000000000000, 0.0000000000000000000 ) ) ;
#6064 = EDGE_CURVE ( 'NONE', #1899, #281, #3578, .T. ) ;
#6065 = EDGE_LOOP ( 'NONE', ( #1432, #3663, #2117, #4174 ) ) ;
#6066 = CARTESIAN_POINT ( 'NONE',  ( -0.2000000000000005100, 1.707735026918963300, 0.0000000000000000000 ) ) ;
#6067 = ORIENTED_EDGE ( 'NONE', *, *, #3818, .F. ) ;
#6068 = SURFACE_STYLE_FILL_AREA ( #1222 ) ;
#6069 = ORIENTED_EDGE ( 'NONE', *, *, #379, .T. ) ;
#6070 = ADVANCED_FACE ( 'NONE', ( #6112 ), #5976, .F. ) ;
#6071 = VECTOR ( 'NONE', #1278, 1000.000000000000000 ) ;
#6072 = CARTESIAN_POINT ( 'NONE',  ( 5.278227704325092200E-016, 6.463964663272606400E-032, 4.309999999999999600 ) ) ;
#6073 = PLANE ( 'NONE',  #4236 ) ;
#6074 = ORIENTED_EDGE ( 'NONE', *, *, #5860, .T. ) ;
#6075 = CYLINDRICAL_SURFACE ( 'NONE', #3579, 0.1000000000000000200 ) ;
#6076 = CARTESIAN_POINT ( 'NONE',  ( -5.000000000000000000, 0.5000000000000004400, 0.3960850015576333800 ) ) ;
#6077 = ORIENTED_EDGE ( 'NONE', *, *, #3477, .F. ) ;
#6078 = CARTESIAN_POINT ( 'NONE',  ( -6.758578643762690200, -0.4000000000000009100, -3.408578643762691500 ) ) ;
#6079 = EDGE_LOOP ( 'NONE', ( #2792, #4276, #4715, #5440 ) ) ;
#6080 = STYLED_ITEM ( 'NONE', ( #5038 ), #5071 ) ;
#6081 = EDGE_CURVE ( 'NONE', #4224, #5766, #623, .T. ) ;
#6082 = DIRECTION ( 'NONE',  ( 0.0000000000000000000, -0.0000000000000000000, 1.000000000000000000 ) ) ;
#6083 = LINE ( 'NONE', #57, #1020 ) ;
#6084 = AXIS2_PLACEMENT_3D ( 'NONE', #644, #3943, #1109 ) ;
#6085 = FILL_AREA_STYLE ('',( #2761 ) ) ;
#6086 = ORIENTED_EDGE ( 'NONE', *, *, #1978, .T. ) ;
#6087 = CARTESIAN_POINT ( 'NONE',  ( -6.200000000000000200, 0.0000000000000000000, 2.250000000000000400 ) ) ;
#6088 = CARTESIAN_POINT ( 'NONE',  ( 1.299999999999992500, 1.760000000000000700, -4.309999999999997800 ) ) ;
#6089 = VECTOR ( 'NONE', #3440, 1000.000000000000000 ) ;
#6090 = SURFACE_STYLE_USAGE ( .BOTH. , #2765 ) ;
#6091 = ORIENTED_EDGE ( 'NONE', *, *, #5847, .F. ) ;
#6092 = FILL_AREA_STYLE ('',( #395 ) ) ;
#6093 = ORIENTED_EDGE ( 'NONE', *, *, #4780, .F. ) ;
#6094 = CARTESIAN_POINT ( 'NONE',  ( -6.200000000000000200, 2.903122080283735000, -1.750000000000000200 ) ) ;
#6095 = PRESENTATION_LAYER_ASSIGNMENT (  '', '', ( #5782 ) ) ;
#6096 = DIRECTION ( 'NONE',  ( 1.668003342285392800E-016, 2.042714954096893200E-032, -1.000000000000000000 ) ) ;
#6097 = EDGE_CURVE ( 'NONE', #4666, #3513, #4238, .T. ) ;
#6098 = ORIENTED_EDGE ( 'NONE', *, *, #5822, .F. ) ;
#6099 = ADVANCED_FACE ( 'NONE', ( #3004 ), #4572, .T. ) ;
#6100 = EDGE_LOOP ( 'NONE', ( #3003, #6091, #1543, #4133 ) ) ;
#6101 =( LENGTH_UNIT ( ) NAMED_UNIT ( * ) SI_UNIT ( .MILLI., .METRE. ) );
#6102 = PLANE ( 'NONE',  #1303 ) ;
#6103 = PLANE ( 'NONE',  #4177 ) ;
#6104 = UNCERTAINTY_MEASURE_WITH_UNIT (LENGTH_MEASURE( 1.000000000000000100E-005 ), #5319, 'distance_accuracy_value', 'NONE');
#6105 = DIRECTION ( 'NONE',  ( -0.0000000000000000000, -0.0000000000000000000, -1.000000000000000000 ) ) ;
#6106 = AXIS2_PLACEMENT_3D ( 'NONE', #4196, #4219, #6148 ) ;
#6107 = VERTEX_POINT ( 'NONE', #3623 ) ;
#6108 = PLANE ( 'NONE',  #2430 ) ;
#6109 = LINE ( 'NONE', #2795, #3573 ) ;
#6110 = ORIENTED_EDGE ( 'NONE', *, *, #5092, .F. ) ;
#6111 = FILL_AREA_STYLE_COLOUR ( '', #5458 ) ;
#6112 = FACE_OUTER_BOUND ( 'NONE', #6059, .T. ) ;
#6113 = CARTESIAN_POINT ( 'NONE',  ( -6.219660186493931600, -0.9799999999999999800, -0.2500000000000000000 ) ) ;
#6114 = VECTOR ( 'NONE', #3074, 1000.000000000000000 ) ;
#6115 = VECTOR ( 'NONE', #3401, 1000.000000000000000 ) ;
#6116 = CARTESIAN_POINT ( 'NONE',  ( -5.000000000000000000, 4.699999999999999300, -2.544999999999999900 ) ) ;
#6117 = CARTESIAN_POINT ( 'NONE',  ( -0.02999999999999959600, -3.673940397442010700E-018, 2.899999999999999900 ) ) ;
#6119 = ORIENTED_EDGE ( 'NONE', *, *, #6097, .F. ) ;
#6118 = FACE_BOUND ( 'NONE', #6037, .T. ) ;
#6120 = DIRECTION ( 'NONE',  ( 1.000000000000000000, 0.0000000000000000000, 0.0000000000000000000 ) ) ;
#6122 = VECTOR ( 'NONE', #4, 1000.000000000000000 ) ;
#6121 = MECHANICAL_DESIGN_GEOMETRIC_PRESENTATION_REPRESENTATION (  '', ( #5171 ), #291 ) ;
#6123 = LINE ( 'NONE', #1589, #1216 ) ;
#6124 =( NAMED_UNIT ( * ) PLANE_ANGLE_UNIT ( ) SI_UNIT ( $, .RADIAN. ) );
#6125 = FACE_OUTER_BOUND ( 'NONE', #6100, .T. ) ;
#6126 = PRESENTATION_LAYER_ASSIGNMENT (  '', '', ( #5815 ) ) ;
#6127 = CARTESIAN_POINT ( 'NONE',  ( -6.699999999999999300, -0.3000000000000008200, 3.349999999999999600 ) ) ;
#6128 = ORIENTED_EDGE ( 'NONE', *, *, #2714, .T. ) ;
#6129 = EDGE_LOOP ( 'NONE', ( #878, #4220, #3413, #737, #2254, #3646, #2692, #466 ) ) ;
#6130 = LINE ( 'NONE', #277, #1071 ) ;
#6131 = ADVANCED_FACE ( 'NONE', ( #4084 ), #2226, .T. ) ;
#6132 = CARTESIAN_POINT ( 'NONE',  ( -5.000000000000000000, 4.699999999999999300, 3.250000000000000000 ) ) ;
#6133 = EDGE_CURVE ( 'NONE', #5733, #5751, #2841, .T. ) ;
#6134 = DIRECTION ( 'NONE',  ( -1.000000000000000000, -0.0000000000000000000, -0.0000000000000000000 ) ) ;
#6135 = AXIS2_PLACEMENT_3D ( 'NONE', #681, #3987, #1143 ) ;
#6136 = EDGE_CURVE ( 'NONE', #426, #2346, #5524, .T. ) ;
#6137 = VERTEX_POINT ( 'NONE', #798 ) ;
#6138 = ORIENTED_EDGE ( 'NONE', *, *, #4854, .T. ) ;
#6139 =( NAMED_UNIT ( * ) SI_UNIT ( $, .STERADIAN. ) SOLID_ANGLE_UNIT ( ) );
#6140 =( NAMED_UNIT ( * ) SI_UNIT ( $, .STERADIAN. ) SOLID_ANGLE_UNIT ( ) );
#6141 = VECTOR ( 'NONE', #2763, 1000.000000000000000 ) ;
#6142 = CARTESIAN_POINT ( 'NONE',  ( -5.500000000000000000, 0.5000000000000004400, -0.8499999999999998700 ) ) ;
#6143 =( GEOMETRIC_REPRESENTATION_CONTEXT ( 3 ) GLOBAL_UNCERTAINTY_ASSIGNED_CONTEXT ( ( #2612 ) ) GLOBAL_UNIT_ASSIGNED_CONTEXT ( ( #3711, #868, #4183 ) ) REPRESENTATION_CONTEXT ( 'NONE', 'WORKASPACE' ) );
#6144 = EDGE_CURVE ( 'NONE', #963, #1464, #468, .T. ) ;
#6145 = FACE_OUTER_BOUND ( 'NONE', #1963, .T. ) ;
#6146 = SURFACE_STYLE_USAGE ( .BOTH. , #2822 ) ;
#6147 = ORIENTED_EDGE ( 'NONE', *, *, #2322, .F. ) ;
#6148 = DIRECTION ( 'NONE',  ( -1.000000000000000000, 0.0000000000000000000, 0.0000000000000000000 ) ) ;
#6149 = VERTEX_POINT ( 'NONE', #2718 ) ;
#6150 = VECTOR ( 'NONE', #1620, 1000.000000000000000 ) ;
#6151 = SURFACE_SIDE_STYLE ('',( #2704 ) ) ;
#6152 = VECTOR ( 'NONE', #2722, 1000.000000000000000 ) ;
ENDSEC;
END-ISO-10303-21;
